6.082386970520019531e-01,-1.932085275650024414e+00,7.902722805738449097e-03,-1.598083376884460449e-01,-6.366760134696960449e-01,-1.348876655101776123e-01,7.422332763671875000e-01,-4.515964686870574951e-01,3.267581760883331299e-01,4.981383383274078369e-01,5.497974157333374023e-01,-1.859979927539825439e-01,-1.876616328954696655e-01,-4.091081321239471436e-01,-2.352169603109359741e-01,-2.829143404960632324e-01,5.086399316787719727e-01,-3.573338389396667480e-01,5.788583308458328247e-02,-1.235199719667434692e-01,4.430999606847763062e-02,3.167647421360015869e-01,1.060177326202392578e+00,3.559966087341308594e-01,1.097630262374877930e+00,1.630306243896484375e-01,7.968991994857788086e-01,4.645513296127319336e-01,1.375207751989364624e-01,-1.179863333702087402e+00,-2.350887954235076904e-01,1.165599465370178223e+00,1.017720937728881836e+00,-7.660799026489257812e-01,-2.385631203651428223e-01
6.090061664581298828e-01,-1.932085037231445312e+00,8.144645951688289642e-03,-1.644486188888549805e-01,-6.357340216636657715e-01,-1.301376521587371826e-01,7.428749203681945801e-01,-4.641938209533691406e-01,3.186471164226531982e-01,4.668269753456115723e-01,5.620041489601135254e-01,-1.999048143625259399e-01,-1.970416903495788574e-01,-4.125541448593139648e-01,-2.229119986295700073e-01,-2.380901426076889038e-01,5.167821049690246582e-01,-3.615649044513702393e-01,5.870149284601211548e-02,-1.368588358163833618e-01,4.566376656293869019e-02,3.173777163028717041e-01,1.059306621551513672e+00,3.565164506435394287e-01,1.093873262405395508e+00,1.630149185657501221e-01,7.976077198982238770e-01,4.492079019546508789e-01,1.390469819307327271e-01,-1.181714892387390137e+00,-2.321965247392654419e-01,1.165633201599121094e+00,1.026237368583679199e+00,-7.710913419723510742e-01,-2.456184476613998413e-01
6.096195578575134277e-01,-1.932192206382751465e+00,8.119370788335800171e-03,-1.690150052309036255e-01,-6.346109509468078613e-01,-1.248669177293777466e-01,7.437143921852111816e-01,-4.758187234401702881e-01,3.110528886318206787e-01,4.424748718738555908e-01,5.721843242645263672e-01,-2.103796005249023438e-01,-2.020360529422760010e-01,-4.154186546802520752e-01,-2.122695595026016235e-01,-1.979952603578567505e-01,5.247721076011657715e-01,-3.660668134689331055e-01,5.983756855130195618e-02,-1.511009186506271362e-01,4.602543264627456665e-02,3.173457682132720947e-01,1.059042334556579590e+00,3.542308509349822998e-01,1.096273422241210938e+00,1.573478132486343384e-01,8.054854273796081543e-01,4.454316794872283936e-01,1.395695060491561890e-01,-1.183096885681152344e+00,-2.296017408370971680e-01,1.166864275932312012e+00,1.031859517097473145e+00,-7.732939720153808594e-01,-2.509077489376068115e-01
6.100628376007080078e-01,-1.932184696197509766e+00,8.291957899928092957e-03,-1.739066988229751587e-01,-6.334687471389770508e-01,-1.192026585340499878e-01,7.444894313812255859e-01,-4.844473600387573242e-01,3.045823574066162109e-01,4.257942736148834229e-01,5.790145397186279297e-01,-2.180555909872055054e-01,-2.034862935543060303e-01,-4.169502854347229004e-01,-2.034992873668670654e-01,-1.648889929056167603e-01,5.331811904907226562e-01,-3.713479936122894287e-01,5.771378055214881897e-02,-1.670135557651519775e-01,4.764007776975631714e-02,3.175957798957824707e-01,1.056628108024597168e+00,3.514598906040191650e-01,1.100387811660766602e+00,1.485741585493087769e-01,8.108121752738952637e-01,4.441598653793334961e-01,1.391658484935760498e-01,-1.185683965682983398e+00,-2.258108109235763550e-01,1.169488072395324707e+00,1.034247279167175293e+00,-7.733722329139709473e-01,-2.534527778625488281e-01
6.103055477142333984e-01,-1.932084202766418457e+00,8.418871089816093445e-03,-1.781243234872817993e-01,-6.323801279067993164e-01,-1.146056577563285828e-01,7.451393604278564453e-01,-4.887021780014038086e-01,3.012868762016296387e-01,4.199881255626678467e-01,5.807146430015563965e-01,-2.216336429119110107e-01,-2.054329961538314819e-01,-4.170984923839569092e-01,-1.979259252548217773e-01,-1.466512680053710938e-01,5.385146737098693848e-01,-3.748439252376556396e-01,5.361747741699218750e-02,-1.809123009443283081e-01,5.045785382390022278e-02,3.184633255004882812e-01,1.053447723388671875e+00,3.472957611083984375e-01,1.104523539543151855e+00,1.465604603290557861e-01,8.070007562637329102e-01,4.444076120853424072e-01,1.383242607116699219e-01,-1.189098119735717773e+00,-2.215068489313125610e-01,1.171183109283447266e+00,1.034842967987060547e+00,-7.729969620704650879e-01,-2.536240816116333008e-01
6.107482910156250000e-01,-1.932129621505737305e+00,8.573623374104499817e-03,-1.838504672050476074e-01,-6.309190988540649414e-01,-1.075967848300933838e-01,7.460315227508544922e-01,-4.947113394737243652e-01,2.951464056968688965e-01,4.108436107635498047e-01,5.829158425331115723e-01,-2.265550792217254639e-01,-2.086687833070755005e-01,-4.179094135761260986e-01,-1.938768178224563599e-01,-1.268830597400665283e-01,5.503240823745727539e-01,-3.852867484092712402e-01,3.730141744017601013e-02,-2.015103101730346680e-01,5.256176739931106567e-02,3.208762407302856445e-01,1.049842476844787598e+00,3.441468179225921631e-01,1.108634948730468750e+00,1.501084119081497192e-01,7.951503992080688477e-01,4.407839477062225342e-01,1.357547491788864136e-01,-1.192867279052734375e+00,-2.163984477519989014e-01,1.173366904258728027e+00,1.036953091621398926e+00,-7.716027498245239258e-01,-2.541384398937225342e-01
6.110135316848754883e-01,-1.931783437728881836e+00,8.866038173437118530e-03,-1.864001154899597168e-01,-6.306131482124328613e-01,-1.037973687052726746e-01,7.461957931518554688e-01,-4.951729476451873779e-01,2.925549149513244629e-01,4.118571877479553223e-01,5.837267041206359863e-01,-2.287711948156356812e-01,-2.086241096258163452e-01,-4.189586937427520752e-01,-1.919929534196853638e-01,-1.164250150322914124e-01,5.599572658538818359e-01,-3.933726549148559570e-01,2.494779601693153381e-02,-2.113249301910400391e-01,5.278233438730239868e-02,3.223521411418914795e-01,1.047879099845886230e+00,3.405490517616271973e-01,1.108985185623168945e+00,1.514308303594589233e-01,7.927106022834777832e-01,4.407679736614227295e-01,1.359644979238510132e-01,-1.194604396820068359e+00,-2.155456691980361938e-01,1.173349022865295410e+00,1.039545774459838867e+00,-7.709044218063354492e-01,-2.545073628425598145e-01
6.116876602172851562e-01,-1.931681632995605469e+00,9.155318140983581543e-03,-1.923343986272811890e-01,-6.294264197349548340e-01,-9.482984244823455811e-02,7.468850016593933105e-01,-4.977791607379913330e-01,2.862650454044342041e-01,4.129093885421752930e-01,5.850396752357482910e-01,-2.350913286209106445e-01,-2.119502425193786621e-01,-4.245780110359191895e-01,-1.898953765630722046e-01,-9.524389356374740601e-02,5.864376425743103027e-01,-4.132656455039978027e-01,-7.990883663296699524e-03,-2.325573116540908813e-01,5.022700503468513489e-02,3.239012062549591064e-01,1.048321127891540527e+00,3.370182216167449951e-01,1.106629848480224609e+00,1.451364904642105103e-01,7.977614402770996094e-01,4.444645345211029053e-01,1.382790803909301758e-01,-1.194786310195922852e+00,-2.178225964307785034e-01,1.172094702720642090e+00,1.044451355934143066e+00,-7.689071297645568848e-01,-2.565062046051025391e-01
6.127974987030029297e-01,-1.931831598281860352e+00,9.833439253270626068e-03,-1.979067325592041016e-01,-6.285285353660583496e-01,-8.625958114862442017e-02,7.472242116928100586e-01,-5.006850361824035645e-01,2.832284867763519287e-01,4.174718856811523438e-01,5.909952521324157715e-01,-2.416107207536697388e-01,-2.114930152893066406e-01,-4.364568591117858887e-01,-1.851011067628860474e-01,-6.858342885971069336e-02,6.225137114524841309e-01,-4.239735603332519531e-01,-2.243155427277088165e-02,-2.519750595092773438e-01,4.600795358419418335e-02,3.277446627616882324e-01,1.052333235740661621e+00,3.345525860786437988e-01,1.103862524032592773e+00,1.360477954149246216e-01,8.101592063903808594e-01,4.455676376819610596e-01,1.433517038822174072e-01,-1.193369746208190918e+00,-2.247574031352996826e-01,1.169758439064025879e+00,1.047321200370788574e+00,-7.664900422096252441e-01,-2.592895627021789551e-01
6.141310334205627441e-01,-1.931797504425048828e+00,1.088357437402009964e-02,-1.999385803937911987e-01,-6.288882493972778320e-01,-8.110588043928146362e-02,7.469578385353088379e-01,-5.001152753829956055e-01,2.828898429870605469e-01,4.257740974426269531e-01,5.986899137496948242e-01,-2.462713420391082764e-01,-2.070441544055938721e-01,-4.634543657302856445e-01,-1.745992600917816162e-01,-3.111106716096401215e-02,6.770738959312438965e-01,-4.148311913013458252e-01,-2.451034076511859894e-02,-2.626707553863525391e-01,3.952342271804809570e-02,3.368087410926818848e-01,1.057608127593994141e+00,3.385595381259918213e-01,1.102671027183532715e+00,1.294431090354919434e-01,8.145859241485595703e-01,4.429756104946136475e-01,1.445716023445129395e-01,-1.190282821655273438e+00,-2.280778437852859497e-01,1.167244911193847656e+00,1.048823356628417969e+00,-7.653596401214599609e-01,-2.626619338989257812e-01
6.144379377365112305e-01,-1.930826187133789062e+00,1.267132535576820374e-02,-1.983018070459365845e-01,-6.305445432662963867e-01,-8.185353130102157593e-02,7.459155321121215820e-01,-4.943001270294189453e-01,2.832828462123870850e-01,4.287619590759277344e-01,6.017270684242248535e-01,-2.472603023052215576e-01,-2.007380276918411255e-01,-4.968556165695190430e-01,-1.631679534912109375e-01,-1.937090791761875153e-02,7.330029606819152832e-01,-3.902365863323211670e-01,-1.321951579302549362e-02,-2.605338096618652344e-01,3.492055833339691162e-02,3.455210328102111816e-01,1.061418414115905762e+00,3.503883183002471924e-01,1.106364488601684570e+00,1.317417621612548828e-01,8.105530738830566406e-01,4.404685795307159424e-01,1.418268382549285889e-01,-1.186771750450134277e+00,-2.269922941923141479e-01,1.166317582130432129e+00,1.047880291938781738e+00,-7.640020251274108887e-01,-2.636771798133850098e-01
6.175391077995300293e-01,-1.931071877479553223e+00,1.434042025357484818e-02,-1.819084435701370239e-01,-6.367431879043579102e-01,-9.026405215263366699e-02,7.438547015190124512e-01,-4.816595613956451416e-01,2.791238129138946533e-01,4.343627095222473145e-01,6.136793494224548340e-01,-2.497152239084243774e-01,-1.952114850282669067e-01,-5.791655778884887695e-01,-1.595565974712371826e-01,-1.347341481596231461e-02,8.552401065826416016e-01,-3.309771418571472168e-01,2.110492670908570290e-03,-2.234797626733779907e-01,1.406423561275005341e-02,3.480238616466522217e-01,1.064264893531799316e+00,3.732420206069946289e-01,1.113203167915344238e+00,1.535602509975433350e-01,8.029935956001281738e-01,4.367505609989166260e-01,1.440694630146026611e-01,-1.181234717369079590e+00,-2.305575311183929443e-01,1.165591955184936523e+00,1.047097802162170410e+00,-7.698336243629455566e-01,-2.631830871105194092e-01
6.210230588912963867e-01,-1.928937196731567383e+00,1.564941741526126862e-02,-1.597239226102828979e-01,-6.433577537536621094e-01,-9.995312988758087158e-02,7.420164942741394043e-01,-4.681316912174224854e-01,2.632640302181243896e-01,4.379473924636840820e-01,6.257739663124084473e-01,-2.584999203681945801e-01,-1.977871954441070557e-01,-6.754248142242431641e-01,-1.678506582975387573e-01,-1.535117626190185547e-02,9.892725348472595215e-01,-2.542970180511474609e-01,-4.252203740179538727e-03,-1.767040640115737915e-01,-1.296935696154832840e-02,3.289631009101867676e-01,1.053838491439819336e+00,4.142203330993652344e-01,1.117671847343444824e+00,2.393361181020736694e-01,8.022666573524475098e-01,4.459449648857116699e-01,1.486227810382843018e-01,-1.177472114562988281e+00,-2.293670177459716797e-01,1.163481593132019043e+00,1.016328811645507812e+00,-7.959810495376586914e-01,-2.638543248176574707e-01
6.234939098358154297e-01,-1.926298379898071289e+00,1.708780042827129364e-02,-1.439237147569656372e-01,-6.476296782493591309e-01,-1.036919653415679932e-01,7.410194277763366699e-01,-4.599874913692474365e-01,2.395283728837966919e-01,4.290706813335418701e-01,6.323825716972351074e-01,-2.698208987712860107e-01,-1.990373432636260986e-01,-7.641578316688537598e-01,-1.774762868881225586e-01,-1.890532113611698151e-02,1.116171240806579590e+00,-1.856369227170944214e-01,-2.244885638356208801e-02,-1.569638550281524658e-01,-3.318251669406890869e-02,3.181149363517761230e-01,1.023708701133728027e+00,4.644870162010192871e-01,1.094385266304016113e+00,3.916629850864410400e-01,8.145859837532043457e-01,4.982554018497467041e-01,1.356883198022842407e-01,-1.177634954452514648e+00,-1.882545948028564453e-01,1.142041563987731934e+00,9.412541389465332031e-01,-8.601455092430114746e-01,-2.379940003156661987e-01
6.221574544906616211e-01,-1.922915220260620117e+00,1.909781992435455322e-02,-1.424475014209747314e-01,-6.480000615119934082e-01,-1.055743023753166199e-01,7.407149672508239746e-01,-4.570926725864410400e-01,2.286209464073181152e-01,4.134193956851959229e-01,6.288256645202636719e-01,-2.719312310218811035e-01,-2.032591551542282104e-01,-8.168886303901672363e-01,-1.675960123538970947e-01,-2.393809892237186432e-02,1.202138423919677734e+00,-1.567006856203079224e-01,-2.254105359315872192e-02,-1.662313789129257202e-01,-2.837472409009933472e-02,3.056418001651763916e-01,9.797170162200927734e-01,4.823077917098999023e-01,1.088292598724365234e+00,4.455379247665405273e-01,8.091962337493896484e-01,4.971916377544403076e-01,1.111369356513023376e-01,-1.174573898315429688e+00,-1.294723153114318848e-01,1.102019906044006348e+00,8.957707881927490234e-01,-8.719555735588073730e-01,-2.538608610630035400e-01
6.268247365951538086e-01,-1.921230196952819824e+00,1.995202526450157166e-02,-1.407992988824844360e-01,-6.478204727172851562e-01,-9.208300709724426270e-02,7.429837584495544434e-01,-4.722346663475036621e-01,1.894586384296417236e-01,3.729588687419891357e-01,6.485654115676879883e-01,-2.869452536106109619e-01,-2.163083255290985107e-01,-9.138797521591186523e-01,-1.454614400863647461e-01,4.210618510842323303e-02,1.355757713317871094e+00,-5.868992954492568970e-02,-6.702972459606826305e-04,-2.060609161853790283e-01,-4.378899559378623962e-02,2.834081053733825684e-01,9.296337962150573730e-01,4.599269628524780273e-01,1.037229418754577637e+00,6.067475080490112305e-01,7.760390639305114746e-01,5.235999822616577148e-01,4.362842068076133728e-02,-1.165282487869262695e+00,-4.892821609973907471e-02,8.841103315353393555e-01,5.171949267387390137e-01,-9.434028267860412598e-01,-6.964838504791259766e-02
6.280455589294433594e-01,-1.919878959655761719e+00,2.053938060998916626e-02,-1.460984200239181519e-01,-6.447734832763671875e-01,-8.128507435321807861e-02,7.458654046058654785e-01,-4.941998124122619629e-01,1.750897169113159180e-01,3.548516929149627686e-01,6.727604269981384277e-01,-2.864874899387359619e-01,-2.374567538499832153e-01,-9.677706956863403320e-01,-9.729724377393722534e-02,1.029925495386123657e-01,1.459249377250671387e+00,1.327424403280019760e-02,5.138725787401199341e-02,-2.437542527914047241e-01,-4.731409996747970581e-02,2.389554679393768311e-01,8.832638263702392578e-01,4.003290832042694092e-01,9.912459850311279297e-01,6.326221227645874023e-01,7.668935060501098633e-01,5.235999822616577148e-01,-5.771602317690849304e-02,-1.148380279541015625e+00,1.855449378490447998e-02,6.755930185317993164e-01,1.576789915561676025e-01,-8.733894824981689453e-01,8.694060146808624268e-02
6.289387345314025879e-01,-1.920451760292053223e+00,2.030356973409652710e-02,-1.498436331748962402e-01,-6.428015828132629395e-01,-6.980957835912704468e-02,7.479837536811828613e-01,-5.177736878395080566e-01,1.724450141191482544e-01,3.611103296279907227e-01,7.095153331756591797e-01,-2.825146317481994629e-01,-2.464301884174346924e-01,-9.978288412094116211e-01,-5.207409709692001343e-02,1.546091139316558838e-01,1.537601947784423828e+00,1.635734736919403076e-02,1.016961932182312012e-01,-2.716237306594848633e-01,-5.725762993097305298e-02,1.723436564207077026e-01,8.386012911796569824e-01,3.265915215015411377e-01,9.378358721733093262e-01,6.728866100311279297e-01,7.359706163406372070e-01,5.235999822616577148e-01,-2.634455263614654541e-01,-1.121267080307006836e+00,2.293685376644134521e-01,5.305208563804626465e-01,-5.572326108813285828e-02,-7.962558269500732422e-01,1.645894646644592285e-01
6.286424994468688965e-01,-1.920001387596130371e+00,1.798041723668575287e-02,-1.586638540029525757e-01,-6.384335160255432129e-01,-5.950282514095306396e-02,7.507914900779724121e-01,-5.468268394470214844e-01,1.856846511363983154e-01,3.813345730304718018e-01,7.472555637359619141e-01,-2.796685397624969482e-01,-2.420901507139205933e-01,-1.003173828125000000e+00,-4.829536378383636475e-02,1.650871783494949341e-01,1.552275657653808594e+00,-4.261028394103050232e-02,1.606740653514862061e-01,-2.972109317779541016e-01,-5.657647177577018738e-02,9.690612554550170898e-02,7.865520715713500977e-01,2.647213935852050781e-01,8.786391615867614746e-01,7.350658178329467773e-01,6.911196112632751465e-01,5.235996842384338379e-01,-5.143159627914428711e-01,-1.069966912269592285e+00,5.031971931457519531e-01,4.429899752140045166e-01,-1.493247300386428833e-01,-7.281711101531982422e-01,1.794758439064025879e-01
6.277270913124084473e-01,-1.918915748596191406e+00,1.634540036320686340e-02,-1.669640988111495972e-01,-6.345434188842773438e-01,-4.784966260194778442e-02,7.531188726425170898e-01,-5.704609155654907227e-01,2.035847008228302002e-01,4.166338443756103516e-01,7.847968339920043945e-01,-2.752662003040313721e-01,-2.130853831768035889e-01,-9.868897795677185059e-01,-5.593967810273170471e-02,1.693748235702514648e-01,1.525730252265930176e+00,1.134943496435880661e-02,1.762000024318695068e-01,-3.152879178524017334e-01,-6.181877106428146362e-02,4.082893952727317810e-02,7.212824821472167969e-01,2.544433474540710449e-01,7.827471494674682617e-01,8.310779333114624023e-01,5.982995629310607910e-01,5.234935879707336426e-01,-7.416716814041137695e-01,-9.797062277793884277e-01,7.940987348556518555e-01,3.968496322631835938e-01,-1.978770494461059570e-01,-7.064740657806396484e-01,2.012102305889129639e-01
6.260290741920471191e-01,-1.918751597404479980e+00,1.417705696076154709e-02,-1.790573298931121826e-01,-6.277828812599182129e-01,-3.589343279600143433e-02,7.566629648208618164e-01,-6.012620925903320312e-01,2.260704934597015381e-01,4.472874701023101807e-01,8.220916986465454102e-01,-2.694863080978393555e-01,-1.814816445112228394e-01,-9.691997766494750977e-01,-6.814067810773849487e-02,1.662995517253875732e-01,1.482102274894714355e+00,9.659014642238616943e-02,2.358185648918151855e-01,-3.271688520908355713e-01,-6.570851057767868042e-02,-1.786523644113913178e-04,6.526104211807250977e-01,2.679648399353027344e-01,6.709377169609069824e-01,9.349958300590515137e-01,4.941669106483459473e-01,4.921892881393432617e-01,-9.023550748825073242e-01,-8.474792242050170898e-01,1.003369927406311035e+00,3.832101523876190186e-01,-2.355819046497344971e-01,-6.991484761238098145e-01,2.215157896280288696e-01
6.243253350257873535e-01,-1.919090986251831055e+00,1.300910301506519318e-02,-1.927374005317687988e-01,-6.203194856643676758e-01,-2.311384491622447968e-02,7.599485516548156738e-01,-6.337286233901977539e-01,2.478675842285156250e-01,4.717788994312286377e-01,8.611820936203002930e-01,-2.647964656352996826e-01,-1.499486714601516724e-01,-9.606090784072875977e-01,-7.942267507314682007e-02,1.583765596151351929e-01,1.464923024177551270e+00,1.245735883712768555e-01,2.738225758075714111e-01,-3.335919380187988281e-01,-6.681323796510696411e-02,-1.580068841576576233e-02,5.785817503929138184e-01,3.278965950012207031e-01,5.454950332641601562e-01,1.052983760833740234e+00,3.705473542213439941e-01,4.151525497436523438e-01,-1.024925470352172852e+00,-6.871964931488037109e-01,1.184651374816894531e+00,4.029718041419982910e-01,-2.893182933330535889e-01,-6.984607577323913574e-01,2.392321228981018066e-01
6.229976415634155273e-01,-1.919992208480834961e+00,1.343189273029565811e-02,-2.063063234090805054e-01,-6.122435331344604492e-01,-9.761922061443328857e-03,7.632170319557189941e-01,-6.680896878242492676e-01,2.703885138034820557e-01,4.925459623336791992e-01,9.044197201728820801e-01,-2.601242959499359131e-01,-1.209364980459213257e-01,-9.627239704132080078e-01,-1.024674847722053528e-01,1.377783268690109253e-01,1.470832228660583496e+00,1.026496216654777527e-01,2.788740396499633789e-01,-3.345251083374023438e-01,-7.042078673839569092e-02,-1.628597453236579895e-02,4.998853504657745361e-01,4.181450605392456055e-01,4.126166105270385742e-01,1.139528393745422363e+00,2.498177587985992432e-01,3.255438804626464844e-01,-1.108218550682067871e+00,-5.019817948341369629e-01,1.310134291648864746e+00,4.449415504932403564e-01,-3.480732440948486328e-01,-6.718187928199768066e-01,2.536102235317230225e-01
6.213887929916381836e-01,-1.919970631599426270e+00,1.542807370424270630e-02,-2.201827466487884521e-01,-6.028153896331787109e-01,3.802094841375946999e-03,7.668889760971069336e-01,-7.039546966552734375e-01,2.916830480098724365e-01,5.091049671173095703e-01,9.478210806846618652e-01,-2.555222213268280029e-01,-8.703231066465377808e-02,-9.610126614570617676e-01,-1.294008195400238037e-01,1.133946627378463745e-01,1.472817897796630859e+00,8.068677037954330444e-02,2.720610797405242920e-01,-3.269796073436737061e-01,-7.449138909578323364e-02,-2.556684892624616623e-03,4.027465879917144775e-01,5.450148582458496094e-01,2.668186724185943604e-01,1.196227788925170898e+00,1.522772163152694702e-01,2.223528921604156494e-01,-1.174779891967773438e+00,-3.083047568798065186e-01,1.419639348983764648e+00,4.872494041919708252e-01,-3.791778981685638428e-01,-6.491447091102600098e-01,2.598736286163330078e-01
6.193766593933105469e-01,-1.919174909591674805e+00,1.910549961030483246e-02,-2.362774014472961426e-01,-5.924422144889831543e-01,1.879395358264446259e-02,7.699558138847351074e-01,-7.391275763511657715e-01,3.133393824100494385e-01,5.234097838401794434e-01,9.915585517883300781e-01,-2.538164258003234863e-01,-4.582465067505836487e-02,-9.468928575515747070e-01,-1.509203165769577026e-01,9.050487726926803589e-02,1.459926366806030273e+00,8.088344335556030273e-02,2.831126451492309570e-01,-3.104909062385559082e-01,-7.161887735128402710e-02,2.816558699123561382e-04,3.067169487476348877e-01,5.830215215682983398e-01,1.772003769874572754e-01,1.213612079620361328e+00,1.203690618276596069e-01,1.932397037744522095e-01,-1.222579598426818848e+00,-1.277614086866378784e-01,1.516409754753112793e+00,5.055695176124572754e-01,-3.820400238037109375e-01,-6.225606203079223633e-01,2.523625791072845459e-01
6.180997490882873535e-01,-1.918125510215759277e+00,2.305620536208152771e-02,-2.618239223957061768e-01,-5.762252211570739746e-01,3.287998586893081665e-02,7.735189795494079590e-01,-7.968447804450988770e-01,3.460789918899536133e-01,5.270941853523254395e-01,1.049007892608642578e+00,-2.624684870243072510e-01,2.042997628450393677e-02,-9.348550438880920410e-01,-1.677976697683334351e-01,5.094086006283760071e-02,1.443848848342895508e+00,7.956647127866744995e-02,3.070411086082458496e-01,-2.818567156791687012e-01,-6.449693441390991211e-02,-9.877111762762069702e-03,2.301668077707290649e-01,6.129941344261169434e-01,8.212133496999740601e-02,1.268246412277221680e+00,7.725372165441513062e-02,1.830177307128906250e-01,-1.261946320533752441e+00,2.165272086858749390e-02,1.563566684722900391e+00,5.029248595237731934e-01,-4.273803830146789551e-01,-5.726290345191955566e-01,2.324343919754028320e-01
6.161857843399047852e-01,-1.916007637977600098e+00,2.716293931007385254e-02,-2.890363633632659912e-01,-5.560436844825744629e-01,4.406096786260604858e-02,7.780308723449707031e-01,-8.631286025047302246e-01,3.810183703899383545e-01,5.310776829719543457e-01,1.102535605430603027e+00,-2.710088491439819336e-01,8.747061342000961304e-02,-9.304748773574829102e-01,-1.804380118846893311e-01,7.445116527378559113e-03,1.429556608200073242e+00,6.229609996080398560e-02,3.200402259826660156e-01,-2.343282252550125122e-01,-5.838345736265182495e-02,-7.000002264976501465e-02,1.718493998050689697e-01,6.374200582504272461e-01,3.431625664234161377e-02,1.386991500854492188e+00,2.609101310372352600e-02,1.532894372940063477e-01,-1.302567005157470703e+00,1.385982781648635864e-01,1.586908698081970215e+00,4.700373113155364990e-01,-5.130401849746704102e-01,-5.334764719009399414e-01,2.081106305122375488e-01
6.150829195976257324e-01,-1.911815285682678223e+00,3.295696154236793518e-02,-3.197529911994934082e-01,-5.369117259979248047e-01,5.476632714271545410e-02,7.787711620330810547e-01,-9.245814681053161621e-01,4.166054129600524902e-01,5.306767225265502930e-01,1.155899047851562500e+00,-2.872907221317291260e-01,1.538922190666198730e-01,-9.142128825187683105e-01,-1.913479119539260864e-01,-4.539798572659492493e-02,1.414847135543823242e+00,3.532711789011955261e-02,3.240656852722167969e-01,-1.704067438840866089e-01,-5.372059345245361328e-02,-1.240334361791610718e-01,1.562231332063674927e-01,5.443833470344543457e-01,2.646511420607566833e-02,1.477796912193298340e+00,-1.134758349508047104e-03,1.512863337993621826e-01,-1.347109079360961914e+00,2.197208404541015625e-01,1.589734554290771484e+00,4.183369278907775879e-01,-5.964086651802062988e-01,-5.716760158538818359e-01,2.052690982818603516e-01
6.156597137451171875e-01,-1.905508637428283691e+00,4.118018597364425659e-02,-3.557313978672027588e-01,-5.197821259498596191e-01,6.872311234474182129e-02,7.736658453941345215e-01,-9.794604182243347168e-01,4.403438866138458252e-01,5.139813423156738281e-01,1.206767082214355469e+00,-3.087835311889648438e-01,1.905577033758163452e-01,-8.771572709083557129e-01,-1.974307000637054443e-01,-1.088936999440193176e-01,1.397422671318054199e+00,7.955311797559261322e-03,3.162877559661865234e-01,-9.088243544101715088e-02,-5.085579305887222290e-02,-1.741791665554046631e-01,1.516051143407821655e-01,4.086588919162750244e-01,3.973384201526641846e-02,1.513867020606994629e+00,-3.567311167716979980e-02,1.292978972196578979e-01,-1.392027139663696289e+00,2.617997229099273682e-01,1.556070446968078613e+00,3.667204678058624268e-01,-6.865460276603698730e-01,-6.194008588790893555e-01,1.923265904188156128e-01
6.175810694694519043e-01,-1.897015452384948730e+00,5.151463672518730164e-02,-3.963528275489807129e-01,-5.028973817825317383e-01,8.717631548643112183e-02,7.631506919860839844e-01,-1.022985935211181641e+00,4.453374147415161133e-01,4.875393211841583252e-01,1.244387269020080566e+00,-3.261415362358093262e-01,1.820576786994934082e-01,-8.215567469596862793e-01,-1.950395256280899048e-01,-1.793754845857620239e-01,1.373318910598754883e+00,-2.067779935896396637e-02,3.073487877845764160e-01,-1.037809252738952637e-02,-3.609284386038780212e-02,-2.131613194942474365e-01,1.315028369426727295e-01,2.682536840438842773e-01,4.897192120552062988e-02,1.513815522193908691e+00,-6.435722112655639648e-02,1.216811165213584900e-01,-1.413882851600646973e+00,2.617999911308288574e-01,1.501862049102783203e+00,3.095310032367706299e-01,-7.957808971405029297e-01,-6.916302442550659180e-01,1.769796460866928101e-01
6.205909252166748047e-01,-1.886389493942260742e+00,6.553765386343002319e-02,-4.389472007751464844e-01,-4.871907234191894531e-01,1.126295775175094604e-01,7.465153336524963379e-01,-1.034442186355590820e+00,4.526177644729614258e-01,4.924450814723968506e-01,1.269704222679138184e+00,-3.413684964179992676e-01,2.047606110572814941e-01,-7.472343444824218750e-01,-1.812820136547088623e-01,-2.541956007480621338e-01,1.349086165428161621e+00,-6.503056734800338745e-02,2.790814638137817383e-01,5.727472901344299316e-02,-2.423039451241493225e-02,-2.255789041519165039e-01,1.014850363135337830e-01,1.493499726057052612e-01,3.367596119642257690e-02,1.540194034576416016e+00,-5.814439058303833008e-02,1.177639961242675781e-01,-1.411062002182006836e+00,2.617999911308288574e-01,1.443171024322509766e+00,2.635910212993621826e-01,-8.643161058425903320e-01,-7.810129523277282715e-01,1.692447811365127563e-01
6.245431303977966309e-01,-1.871100902557373047e+00,8.240405470132827759e-02,-4.786528944969177246e-01,-4.713246226310729980e-01,1.494783461093902588e-01,7.255347967147827148e-01,-1.006218194961547852e+00,4.505216479301452637e-01,5.206440687179565430e-01,1.276074767112731934e+00,-3.531796932220458984e-01,2.023199349641799927e-01,-6.549257040023803711e-01,-1.727928519248962402e-01,-3.335854113101959229e-01,1.329806327819824219e+00,-1.393408477306365967e-01,2.117699980735778809e-01,9.840457141399383545e-02,-2.335020899772644043e-02,-2.274375110864639282e-01,7.614026218652725220e-02,4.455188289284706116e-02,1.772565208375453949e-02,1.604609131813049316e+00,-4.911065846681594849e-02,9.025705605745315552e-02,-1.370110750198364258e+00,2.495409548282623291e-01,1.378561973571777344e+00,2.172270566225051880e-01,-9.094205498695373535e-01,-8.294112086296081543e-01,1.529115438461303711e-01
6.289076209068298340e-01,-1.850695252418518066e+00,9.950513392686843872e-02,-5.071737766265869141e-01,-4.513127505779266357e-01,1.957270354032516479e-01,7.076598405838012695e-01,-9.609624147415161133e-01,4.060164690017700195e-01,5.307999253273010254e-01,1.255850076675415039e+00,-3.432351648807525635e-01,2.111423313617706299e-01,-5.638392567634582520e-01,-1.825712472200393677e-01,-4.084774553775787354e-01,1.323520898818969727e+00,-2.418251931667327881e-01,6.811153143644332886e-02,1.330457627773284912e-01,-6.043859571218490601e-02,-2.457759529352188110e-01,7.390311360359191895e-02,-1.124237477779388428e-01,3.038326650857925415e-02,1.627012729644775391e+00,-4.554066061973571777e-02,9.585995972156524658e-02,-1.300596594810485840e+00,2.056416124105453491e-01,1.293423533439636230e+00,1.522737592458724976e-01,-9.467757940292358398e-01,-8.458853960037231445e-01,1.201171278953552246e-01
6.351003646850585938e-01,-1.829317808151245117e+00,1.119327321648597717e-01,-5.268022418022155762e-01,-4.248830676078796387e-01,2.456251978874206543e-01,6.939899325370788574e-01,-9.296463131904602051e-01,3.181444108486175537e-01,4.968741834163665771e-01,1.242977023124694824e+00,-3.314577937126159668e-01,1.927398443222045898e-01,-4.915217161178588867e-01,-2.197072654962539673e-01,-4.923678934574127197e-01,1.342129349708557129e+00,-3.508838415145874023e-01,-1.723764240741729736e-01,1.380132287740707397e-01,-1.159979701042175293e-01,-2.579425275325775146e-01,7.359828054904937744e-02,-2.417707592248916626e-01,3.082658909261226654e-02,1.632759451866149902e+00,-5.205564200878143311e-02,8.157417178153991699e-02,-1.228414416313171387e+00,1.648481339216232300e-01,1.225782871246337891e+00,8.125430345535278320e-02,-9.251293540000915527e-01,-8.500566482543945312e-01,8.249610662460327148e-02
6.421386003494262695e-01,-1.810186743736267090e+00,1.193782165646553040e-01,-5.490059852600097656e-01,-4.004439413547515869e-01,2.822979986667633057e-01,6.771594285964965820e-01,-9.332789182662963867e-01,2.228488475084304810e-01,3.835220336914062500e-01,1.251278638839721680e+00,-3.195315003395080566e-01,1.471964567899703979e-01,-4.596476852893829346e-01,-2.378109395503997803e-01,-5.644389390945434570e-01,1.374373912811279297e+00,-3.498659729957580566e-01,-2.965202033519744873e-01,1.372138261795043945e-01,-1.410075426101684570e-01,-2.603682875633239746e-01,6.418730318546295166e-02,-3.163444101810455322e-01,1.300468575209379196e-03,1.626396417617797852e+00,-2.990807965397834778e-02,4.880251735448837280e-02,-1.181179761886596680e+00,1.283654123544692993e-01,1.181538105010986328e+00,4.167557135224342346e-02,-9.351464509963989258e-01,-8.446112275123596191e-01,3.674369305372238159e-02
6.449091434478759766e-01,-1.792267680168151855e+00,1.189539656043052673e-01,-5.544344186782836914e-01,-3.810999095439910889e-01,3.021001815795898438e-01,6.753523945808410645e-01,-9.224211573600769043e-01,9.931071102619171143e-02,2.595024108886718750e-01,1.227219939231872559e+00,-3.041753470897674561e-01,8.345599472522735596e-02,-4.939112365245819092e-01,-2.865980565547943115e-01,-5.833980441093444824e-01,1.446836352348327637e+00,-3.533671200275421143e-01,-3.735037744045257568e-01,1.622231155633926392e-01,-1.698854267597198486e-01,-2.805072665214538574e-01,4.417658969759941101e-02,-3.809082806110382080e-01,-1.758609339594841003e-02,1.595070123672485352e+00,3.081328002735972404e-03,5.896153673529624939e-02,-1.151683211326599121e+00,1.025902330875396729e-01,1.166933298110961914e+00,3.501966595649719238e-02,-9.876532554626464844e-01,-8.847798109054565430e-01,1.903622969985008240e-02
6.483473181724548340e-01,-1.774043798446655273e+00,1.130194291472434998e-01,-5.491713285446166992e-01,-3.702570497989654541e-01,3.109277188777923584e-01,6.816484332084655762e-01,-8.912923932075500488e-01,-1.510003115981817245e-02,1.471555382013320923e-01,1.195273160934448242e+00,-3.120347857475280762e-01,-5.294096097350120544e-02,-5.919620990753173828e-01,-3.271880745887756348e-01,-5.202619433403015137e-01,1.548160672187805176e+00,-3.715632557868957520e-01,-4.532292485237121582e-01,1.905454397201538086e-01,-1.918488442897796631e-01,-2.952566742897033691e-01,2.134316600859165192e-02,-3.929349482059478760e-01,-3.175567463040351868e-02,1.569566369056701660e+00,2.636086195707321167e-02,5.386190861463546753e-02,-1.140418291091918945e+00,1.013124734163284302e-01,1.174302101135253906e+00,5.983427166938781738e-02,-1.066000699996948242e+00,-9.456950426101684570e-01,2.829991281032562256e-02
6.529483795166015625e-01,-1.757686495780944824e+00,1.073479205369949341e-01,-5.463409423828125000e-01,-3.678506314754486084e-01,3.145776987075805664e-01,6.835483312606811523e-01,-8.493264317512512207e-01,-4.930385947227478027e-02,1.311644315719604492e-01,1.164576292037963867e+00,-2.708261907100677490e-01,-1.509980261325836182e-01,-7.238806486129760742e-01,-3.184203803539276123e-01,-4.221239387989044189e-01,1.635254025459289551e+00,-3.485810160636901855e-01,-4.649234116077423096e-01,2.054519951343536377e-01,-1.817391812801361084e-01,-3.268471360206604004e-01,1.257357466965913773e-02,-3.774283528327941895e-01,-3.667598217725753784e-02,1.513333439826965332e+00,4.039812833070755005e-02,5.009090155363082886e-02,-1.159480571746826172e+00,1.216364279389381409e-01,1.210124492645263672e+00,9.707979857921600342e-02,-1.126769065856933594e+00,-9.806478619575500488e-01,5.010971426963806152e-02
6.553571820259094238e-01,-1.745011210441589355e+00,1.071788966655731201e-01,-5.559657812118530273e-01,-3.612413406372070312e-01,3.266677558422088623e-01,6.735687851905822754e-01,-8.169859647750854492e-01,-6.660171598196029663e-02,1.126260235905647278e-01,1.148315906524658203e+00,-2.827896475791931152e-01,-1.469506919384002686e-01,-8.449879884719848633e-01,-2.943929135799407959e-01,-3.708361685276031494e-01,1.675743341445922852e+00,-3.078512847423553467e-01,-4.543938636779785156e-01,2.065376043319702148e-01,-1.568175703287124634e-01,-3.344410061836242676e-01,1.324767619371414185e-02,-3.364376723766326904e-01,-5.140259489417076111e-02,1.459437727928161621e+00,4.780655726790428162e-02,1.676928810775279999e-02,-1.185301780700683594e+00,1.241584196686744690e-01,1.252642273902893066e+00,1.132436543703079224e-01,-1.136147141456604004e+00,-1.027456641197204590e+00,7.066426426172256470e-02
6.580965518951416016e-01,-1.735612273216247559e+00,1.108852103352546692e-01,-5.742222070693969727e-01,-3.509360551834106445e-01,3.423643708229064941e-01,6.556671261787414551e-01,-7.992710471153259277e-01,-7.681931555271148682e-02,7.002103328704833984e-02,1.147344708442687988e+00,-2.844210267066955566e-01,-1.412037461996078491e-01,-9.570556879043579102e-01,-2.830693125724792480e-01,-3.592411577701568604e-01,1.678723573684692383e+00,-2.996542453765869141e-01,-4.559607505798339844e-01,2.185297310352325439e-01,-1.417289227247238159e-01,-3.107695579528808594e-01,1.497221179306507111e-02,-2.768862247467041016e-01,-7.685252279043197632e-02,1.465673208236694336e+00,5.169336125254631042e-02,1.651779864914715290e-03,-1.200107812881469727e+00,6.910274922847747803e-02,1.252666831016540527e+00,7.911377400159835815e-02,-1.110065460205078125e+00,-1.052728414535522461e+00,8.115831017494201660e-02
6.614252924919128418e-01,-1.728368997573852539e+00,1.204462647438049316e-01,-6.022993922233581543e-01,-3.314019739627838135e-01,3.663993775844573975e-01,6.270244717597961426e-01,-7.978745698928833008e-01,-8.463170379400253296e-02,8.804018609225749969e-03,1.159141659736633301e+00,-2.784037590026855469e-01,-1.459822356700897217e-01,-1.062799453735351562e+00,-2.769312560558319092e-01,-3.547940254211425781e-01,1.639662027359008789e+00,-2.891322672367095947e-01,-4.293767511844635010e-01,2.060396671295166016e-01,-1.318373978137969971e-01,-2.841969728469848633e-01,2.593358047306537628e-02,-2.591589093208312988e-01,-1.232152506709098816e-01,1.552006125450134277e+00,5.972186848521232605e-02,-8.717584423720836639e-03,-1.200083136558532715e+00,-1.335112564265727997e-02,1.199722647666931152e+00,1.955265738070011139e-02,-1.087648868560791016e+00,-1.051373004913330078e+00,5.383693054318428040e-02
6.667414307594299316e-01,-1.720389723777770996e+00,1.368635296821594238e-01,-6.381022930145263672e-01,-3.058342039585113525e-01,3.972477912902832031e-01,5.843672752380371094e-01,-8.069381117820739746e-01,-4.437294974923133850e-02,-4.160480108112096786e-03,1.182298302650451660e+00,-2.760172188282012939e-01,-1.381562054157257080e-01,-1.136065721511840820e+00,-2.936889529228210449e-01,-3.724955320358276367e-01,1.562408924102783203e+00,-2.792057693004608154e-01,-3.998740315437316895e-01,1.455882340669631958e-01,-1.110105812549591064e-01,-2.701416611671447754e-01,5.116534605622291565e-02,-3.121677041053771973e-01,-1.575990170240402222e-01,1.527138471603393555e+00,8.813268691301345825e-02,-1.918362081050872803e-02,-1.214813947677612305e+00,-7.039693742990493774e-02,1.167756438255310059e+00,-2.597194910049438477e-02,-1.052018046379089355e+00,-1.066322445869445801e+00,3.785822913050651550e-02
6.719077825546264648e-01,-1.709877610206604004e+00,1.591644883155822754e-01,-6.739234328269958496e-01,-2.781668603420257568e-01,4.239240288734436035e-01,5.373442173004150391e-01,-8.370156288146972656e-01,2.853269875049591064e-02,2.209870703518390656e-02,1.206271767616271973e+00,-2.519089877605438232e-01,-7.402285188436508179e-02,-1.200355410575866699e+00,-3.035274446010589600e-01,-3.691666126251220703e-01,1.463331341743469238e+00,-2.768057882785797119e-01,-3.512358069419860840e-01,7.142027467489242554e-02,-9.140586853027343750e-02,-2.641472220420837402e-01,8.916700631380081177e-02,-3.718967735767364502e-01,-1.873695701360702515e-01,1.465860605239868164e+00,1.069592982530593872e-01,-2.500984258949756622e-02,-1.222624063491821289e+00,-1.148190572857856750e-01,1.121433496475219727e+00,-6.367339938879013062e-02,-1.030196785926818848e+00,-1.063249588012695312e+00,1.604900322854518890e-02
6.766175627708435059e-01,-1.698000311851501465e+00,1.828610748052597046e-01,-7.043985128402709961e-01,-2.523484826087951660e-01,4.405542910099029541e-01,4.960392415523529053e-01,-8.814830183982849121e-01,1.014115586876869202e-01,5.948055535554885864e-02,1.229108810424804688e+00,-2.363499104976654053e-01,-1.688315719366073608e-02,-1.269209265708923340e+00,-3.200123310089111328e-01,-3.504932224750518799e-01,1.364983677864074707e+00,-2.584764361381530762e-01,-3.148971199989318848e-01,8.161071687936782837e-03,-8.327353745698928833e-02,-2.627215385437011719e-01,1.386764645576477051e-01,-4.110288023948669434e-01,-2.287436425685882568e-01,1.413033843040466309e+00,1.130039021372795105e-01,-2.727808617055416107e-02,-1.232211589813232422e+00,-1.437261104583740234e-01,1.076424837112426758e+00,-1.009865626692771912e-01,-1.022561430931091309e+00,-1.048539757728576660e+00,1.156017300672829151e-03
6.806947588920593262e-01,-1.685294032096862793e+00,2.057866752147674561e-01,-7.309531569480895996e-01,-2.296971976757049561e-01,4.487904310226440430e-01,4.599280357360839844e-01,-9.338914155960083008e-01,1.800905168056488037e-01,1.103151366114616394e-01,1.247193813323974609e+00,-2.284553200006484985e-01,3.990879654884338379e-02,-1.344088196754455566e+00,-3.425647616386413574e-01,-3.152868747711181641e-01,1.292605042457580566e+00,-2.464806139469146729e-01,-2.755436003208160400e-01,-4.226159676909446716e-02,-7.599256187677383423e-02,-2.587523162364959717e-01,1.926245242357254028e-01,-4.321512281894683838e-01,-2.802326381206512451e-01,1.324820160865783691e+00,1.145929694175720215e-01,-3.437061235308647156e-02,-1.254181623458862305e+00,-1.619398146867752075e-01,1.053938627243041992e+00,-1.301141530275344849e-01,-1.029696226119995117e+00,-1.035019993782043457e+00,2.888593822717666626e-03
6.856152415275573730e-01,-1.672863125801086426e+00,2.254347056150436401e-01,-7.552551031112670898e-01,-2.125188559293746948e-01,4.511235356330871582e-01,4.253387451171875000e-01,-9.856108427047729492e-01,2.663016915321350098e-01,1.760581731796264648e-01,1.261559247970581055e+00,-2.432198673486709595e-01,1.057046055793762207e-01,-1.429983854293823242e+00,-3.602834939956665039e-01,-2.568514049053192139e-01,1.264931797981262207e+00,-2.119599878787994385e-01,-2.490981072187423706e-01,-9.134301543235778809e-02,-5.416247993707656860e-02,-2.540481090545654297e-01,2.429028004407882690e-01,-4.363318979740142822e-01,-3.252795636653900146e-01,1.220540046691894531e+00,9.973981976509094238e-02,-4.516048356890678406e-02,-1.281878471374511719e+00,-1.652076095342636108e-01,1.040037155151367188e+00,-1.522600501775741577e-01,-1.043142795562744141e+00,-1.019188880920410156e+00,1.217515766620635986e-02
6.913710832595825195e-01,-1.660554647445678711e+00,2.440081238746643066e-01,-7.799218297004699707e-01,-2.001406550407409668e-01,4.490529894828796387e-01,3.873203694820404053e-01,-1.031854271888732910e+00,3.730101287364959717e-01,2.769649922847747803e-01,1.272051692008972168e+00,-3.179309666156768799e-01,1.930088549852371216e-01,-1.512474298477172852e+00,-3.789590001106262207e-01,-1.969421952962875366e-01,1.270891904830932617e+00,-1.920102983713150024e-01,-1.949825733900070190e-01,-1.318750977516174316e-01,-9.514209814369678497e-03,-2.625029385089874268e-01,2.945523560047149658e-01,-4.459846615791320801e-01,-3.658235967159271240e-01,1.161891937255859375e+00,6.489428877830505371e-02,-6.440839916467666626e-02,-1.306659698486328125e+00,-1.626416891813278198e-01,1.023232579231262207e+00,-1.768850237131118774e-01,-1.063793301582336426e+00,-1.003340125083923340e+00,3.795388713479042053e-02
6.951801180839538574e-01,-1.647586822509765625e+00,2.631323933601379395e-01,-8.063645958900451660e-01,-1.903115808963775635e-01,4.416415393352508545e-01,3.442533612251281738e-01,-1.085848093032836914e+00,4.626067280769348145e-01,3.679796457290649414e-01,1.265207052230834961e+00,-3.769978284835815430e-01,2.569401860237121582e-01,-1.587860941886901855e+00,-4.162126183509826660e-01,-1.628944277763366699e-01,1.301996588706970215e+00,-1.820548027753829956e-01,-1.698124259710311890e-01,-1.591867655515670776e-01,5.920692533254623413e-02,-2.842976450920104980e-01,3.488674163818359375e-01,-4.585576057434082031e-01,-3.982630670070648193e-01,1.138861775398254395e+00,4.357341304421424866e-02,-6.852594017982482910e-02,-1.334630250930786133e+00,-1.613435000181198120e-01,1.010232686996459961e+00,-1.923487037420272827e-01,-1.085867643356323242e+00,-9.909275174140930176e-01,5.453722551465034485e-02
6.991140246391296387e-01,-1.635100483894348145e+00,2.807101309299468994e-01,-8.296285867691040039e-01,-1.887752711772918701e-01,4.305882155895233154e-01,3.011214733123779297e-01,-1.153720259666442871e+00,5.131849050521850586e-01,4.102037250995635986e-01,1.260869383811950684e+00,-4.025873839855194092e-01,2.559866309165954590e-01,-1.659653067588806152e+00,-4.396049976348876953e-01,-1.171439141035079956e-01,1.363398313522338867e+00,-1.738531440496444702e-01,-1.631061732769012451e-01,-1.594228893518447876e-01,1.364752203226089478e-01,-3.302762806415557861e-01,4.040068387985229492e-01,-4.883713722229003906e-01,-4.263567924499511719e-01,1.108121395111083984e+00,4.109477251768112183e-02,-5.956582352519035339e-02,-1.356805682182312012e+00,-1.578150987625122070e-01,9.971702098846435547e-01,-2.028106600046157837e-01,-1.111102819442749023e+00,-9.797239303588867188e-01,7.733283191919326782e-02
7.054570317268371582e-01,-1.621863842010498047e+00,2.976631522178649902e-01,-8.472306728363037109e-01,-1.958736479282379150e-01,4.228108823299407959e-01,2.550776600837707520e-01,-1.245231509208679199e+00,5.230574607849121094e-01,3.661670684814453125e-01,1.283337593078613281e+00,-3.779151439666748047e-01,1.668169647455215454e-01,-1.725389242172241211e+00,-4.435362815856933594e-01,-6.230460479855537415e-02,1.461011886596679688e+00,-1.740041822195053101e-01,-1.713696420192718506e-01,-1.281692236661911011e-01,2.226468473672866821e-01,-4.028975367546081543e-01,4.597584903240203857e-01,-5.555711984634399414e-01,-4.366512000560760498e-01,1.076719045639038086e+00,5.499982461333274841e-02,-3.347516432404518127e-02,-1.368851542472839355e+00,-1.610504537820816040e-01,9.803457260131835938e-01,-2.133231312036514282e-01,-1.160579085350036621e+00,-9.603909254074096680e-01,1.205429360270500183e-01
7.119750976562500000e-01,-1.608281850814819336e+00,3.133093118667602539e-01,-8.584041595458984375e-01,-2.073297351598739624e-01,4.169737696647644043e-01,2.151499986648559570e-01,-1.327427983283996582e+00,5.379592180252075195e-01,3.357565402984619141e-01,1.329900026321411133e+00,-3.500786721706390381e-01,8.853730559349060059e-02,-1.791261911392211914e+00,-4.337023496627807617e-01,-1.216935459524393082e-02,1.569015622138977051e+00,-1.782136410474777222e-01,-1.600299179553985596e-01,-9.225852042436599731e-02,3.011921346187591553e-01,-4.741735756397247314e-01,5.189230442047119141e-01,-6.202016472816467285e-01,-4.369777441024780273e-01,1.096399188041687012e+00,6.675233691930770874e-02,-1.134847011417150497e-02,-1.398949742317199707e+00,-1.600407361984252930e-01,9.849491119384765625e-01,-2.124840766191482544e-01,-1.206465601921081543e+00,-9.430984854698181152e-01,1.662757694721221924e-01
7.189242243766784668e-01,-1.595911145210266113e+00,3.276337385177612305e-01,-8.651839494705200195e-01,-2.185476869344711304e-01,4.114937186241149902e-01,1.853822618722915649e-01,-1.396721363067626953e+00,5.614348649978637695e-01,3.396700620651245117e-01,1.390562653541564941e+00,-3.370142579078674316e-01,6.516055762767791748e-02,-1.875523805618286133e+00,-4.223031401634216309e-01,2.631455287337303162e-02,1.679249405860900879e+00,-1.858166456222534180e-01,-1.656396389007568359e-01,-6.454668939113616943e-02,3.636681735515594482e-01,-5.370689630508422852e-01,5.797318220138549805e-01,-6.789863705635070801e-01,-4.413506090641021729e-01,1.153355598449707031e+00,1.003507748246192932e-01,9.996673092246055603e-03,-1.445510983467102051e+00,-1.491498649120330811e-01,1.009436845779418945e+00,-1.975791752338409424e-01,-1.228802561759948730e+00,-9.305522441864013672e-01,2.088527679443359375e-01
7.262950539588928223e-01,-1.586565375328063965e+00,3.399395942687988281e-01,-8.696284890174865723e-01,-2.315600812435150146e-01,4.054478704929351807e-01,1.604313999414443970e-01,-1.465299606323242188e+00,5.828735828399658203e-01,3.466345965862274170e-01,1.454509377479553223e+00,-3.256753981113433838e-01,4.705742746591567993e-02,-1.968810677528381348e+00,-4.096577763557434082e-01,4.578275606036186218e-02,1.781376242637634277e+00,-2.062376886606216431e-01,-1.731900423765182495e-01,-4.236287996172904968e-02,4.242904186248779297e-01,-5.872442722320556641e-01,6.396059989929199219e-01,-7.275384068489074707e-01,-4.449936151504516602e-01,1.238355875015258789e+00,1.302971094846725464e-01,3.526993840932846069e-02,-1.485486030578613281e+00,-1.233527734875679016e-01,1.028268218040466309e+00,-1.740815937519073486e-01,-1.242496728897094727e+00,-9.207663536071777344e-01,2.462031245231628418e-01
7.341123819351196289e-01,-1.577529311180114746e+00,3.504446446895599365e-01,-8.732255101203918457e-01,-2.407342940568923950e-01,4.000824689865112305e-01,1.394927501678466797e-01,-1.532552957534790039e+00,5.907537341117858887e-01,3.554514050483703613e-01,1.511269211769104004e+00,-3.261810839176177979e-01,4.409755114465951920e-03,-2.074725151062011719e+00,-3.967600464820861816e-01,5.227196216583251953e-02,1.874259948730468750e+00,-2.314255088567733765e-01,-1.998989284038543701e-01,-3.831090033054351807e-02,4.713348150253295898e-01,-6.228209733963012695e-01,6.995968222618103027e-01,-7.550128102302551270e-01,-4.518555700778961182e-01,1.328180789947509766e+00,1.496852785348892212e-01,5.366015806794166565e-02,-1.519708514213562012e+00,-8.736734092235565186e-02,1.037899732589721680e+00,-1.478991508483886719e-01,-1.251573801040649414e+00,-9.128474593162536621e-01,2.740077078342437744e-01
7.414723634719848633e-01,-1.568217158317565918e+00,3.604934513568878174e-01,-8.781810402870178223e-01,-2.455708235502243042e-01,3.936797380447387695e-01,1.162297129631042480e-01,-1.605612158775329590e+00,5.898557305335998535e-01,3.678894340991973877e-01,1.550363063812255859e+00,-3.236767649650573730e-01,-3.053017333149909973e-02,-2.183387041091918945e+00,-3.720611035823822021e-01,4.792277514934539795e-02,1.948966145515441895e+00,-2.560625970363616943e-01,-1.868963390588760376e-01,-4.329498857259750366e-02,5.141637921333312988e-01,-6.600527167320251465e-01,7.564054727554321289e-01,-7.817995548248291016e-01,-4.627583026885986328e-01,1.416491746902465820e+00,1.668696552515029907e-01,7.729595154523849487e-02,-1.551412582397460938e+00,-5.592206493020057678e-02,1.037780404090881348e+00,-1.249042749404907227e-01,-1.262224674224853516e+00,-8.980164527893066406e-01,2.932232618331909180e-01
7.505392432212829590e-01,-1.559602856636047363e+00,3.695228397846221924e-01,-8.817226290702819824e-01,-2.411066889762878418e-01,3.930235505104064941e-01,9.982623159885406494e-02,-1.651835799217224121e+00,5.770536065101623535e-01,4.157685637474060059e-01,1.567774295806884766e+00,-3.293642997741699219e-01,-6.358223408460617065e-02,-2.303038358688354492e+00,-3.050471246242523193e-01,6.806284189224243164e-02,2.004936695098876953e+00,-2.561065852642059326e-01,-1.360617876052856445e-01,-4.458842054009437561e-02,5.235999822616577148e-01,-7.298873662948608398e-01,8.052985072135925293e-01,-8.418275117874145508e-01,-4.702239036560058594e-01,1.489980578422546387e+00,1.765091866254806519e-01,1.074213385581970215e-01,-1.577612280845642090e+00,-3.905507177114486694e-02,1.019088983535766602e+00,-1.093143671751022339e-01,-1.279040336608886719e+00,-8.725315332412719727e-01,3.046855330467224121e-01
7.549927830696105957e-01,-1.549358010292053223e+00,3.764205276966094971e-01,-8.817444443702697754e-01,-2.403952926397323608e-01,3.976371884346008301e-01,8.137290924787521362e-02,-1.670073270797729492e+00,5.746397972106933594e-01,4.697750210762023926e-01,1.553846597671508789e+00,-3.400047719478607178e-01,-8.693544566631317139e-02,-2.356199741363525391e+00,-2.035211771726608276e-01,5.471258610486984253e-02,2.015931844711303711e+00,-2.780443429946899414e-01,-5.892690271139144897e-02,-2.904963865876197815e-02,5.235999822616577148e-01,-8.321917653083801270e-01,8.373413681983947754e-01,-9.337047934532165527e-01,-4.729104936122894287e-01,1.509578466415405273e+00,1.926278471946716309e-01,1.259437203407287598e-01,-1.595275998115539551e+00,-4.346428439021110535e-02,9.920771718025207520e-01,-1.009372025728225708e-01,-1.294865131378173828e+00,-8.474004268646240234e-01,3.129336833953857422e-01
7.557224631309509277e-01,-1.534873366355895996e+00,3.822257220745086670e-01,-8.792747855186462402e-01,-2.417575418949127197e-01,4.070007801055908203e-01,5.272106826305389404e-02,-1.679201483726501465e+00,5.715946555137634277e-01,5.013477206230163574e-01,1.517200231552124023e+00,-3.513473570346832275e-01,-1.041362732648849487e-01,-2.356199979782104492e+00,-1.276439577341079712e-01,1.112821744754910469e-03,1.991414785385131836e+00,-3.220790922641754150e-01,2.613008022308349609e-02,-1.289749611169099808e-02,5.235999822616577148e-01,-9.674379229545593262e-01,8.572108745574951172e-01,-1.064149737358093262e+00,-4.775615632534027100e-01,1.497426629066467285e+00,2.221568375825881958e-01,1.473060846328735352e-01,-1.597397089004516602e+00,-6.394843757152557373e-02,9.582442641258239746e-01,-9.396591782569885254e-02,-1.310413837432861328e+00,-8.265158534049987793e-01,3.203356862068176270e-01
7.596492171287536621e-01,-1.517744898796081543e+00,3.880864083766937256e-01,-8.750085830688476562e-01,-2.414985895156860352e-01,4.192906916141510010e-01,1.528804469853639603e-02,-1.696528196334838867e+00,5.581935048103332520e-01,5.074397921562194824e-01,1.472917675971984863e+00,-3.610193729400634766e-01,-1.227796748280525208e-01,-2.356199979782104492e+00,-1.131444498896598816e-01,-7.215159386396408081e-02,1.964878559112548828e+00,-3.394605517387390137e-01,8.046298474073410034e-02,-9.723351337015628815e-03,5.235999822616577148e-01,-1.125037074089050293e+00,8.691917061805725098e-01,-1.228199005126953125e+00,-4.801555573940277100e-01,1.471372604370117188e+00,2.619603872299194336e-01,1.709470748901367188e-01,-1.586560130119323730e+00,-8.935657143592834473e-02,9.171989560127258301e-01,-8.579196035861968994e-02,-1.329108595848083496e+00,-8.050969839096069336e-01,3.277534544467926025e-01
7.690510749816894531e-01,-1.496757984161376953e+00,3.902892172336578369e-01,-8.689293265342712402e-01,-2.356081902980804443e-01,4.344917535781860352e-01,-2.583642303943634033e-02,-1.702466011047363281e+00,5.578152537345886230e-01,5.319193005561828613e-01,1.447064638137817383e+00,-3.452371358871459961e-01,-1.476977020502090454e-01,-2.356199979782104492e+00,-2.069371640682220459e-01,-1.648009270429611206e-01,2.045887947082519531e+00,-3.174454867839813232e-01,2.354389987885951996e-02,-3.155163303017616272e-02,5.235999822616577148e-01,-1.263745903968811035e+00,8.689830899238586426e-01,-1.388368248939514160e+00,-4.688841998577117920e-01,1.469712138175964355e+00,2.947571575641632080e-01,1.855725497007369995e-01,-1.560933709144592285e+00,-1.133924275636672974e-01,8.817049860954284668e-01,-7.888133078813552856e-02,-1.347273230552673340e+00,-7.844287157058715820e-01,3.369565904140472412e-01
7.793199419975280762e-01,-1.469326138496398926e+00,3.906203508377075195e-01,-8.628236055374145508e-01,-2.190244346857070923e-01,4.497399926185607910e-01,-7.278532534837722778e-02,-1.696227073669433594e+00,5.776817798614501953e-01,5.822435617446899414e-01,1.494996547698974609e+00,-3.388025760650634766e-01,-1.041219308972358704e-01,-2.356199979782104492e+00,-2.935803532600402832e-01,-2.191154509782791138e-01,2.133780002593994141e+00,-3.311395645141601562e-01,-1.323994398117065430e-01,-9.039764851331710815e-02,5.235999822616577148e-01,-1.377340793609619141e+00,8.606846928596496582e-01,-1.538645148277282715e+00,-4.502621591091156006e-01,1.480253100395202637e+00,3.419180214405059814e-01,2.000189274549484253e-01,-1.534482359886169434e+00,-1.376902014017105103e-01,8.639805316925048828e-01,-7.073062658309936523e-02,-1.365895509719848633e+00,-7.639843821525573730e-01,3.598397672176361084e-01
7.908065319061279297e-01,-1.443422198295593262e+00,3.906638622283935547e-01,-8.555428385734558105e-01,-2.039442509412765503e-01,4.611088335514068604e-01,-1.176088750362396240e-01,-1.713968276977539062e+00,5.919530987739562988e-01,5.877876877784729004e-01,1.550734043121337891e+00,-3.344660997390747070e-01,-6.007572263479232788e-02,-2.356199979782104492e+00,-3.958394825458526611e-01,-2.758939266204833984e-01,2.197634696960449219e+00,-3.347497582435607910e-01,-2.248248904943466187e-01,-1.569975465536117554e-01,5.235999822616577148e-01,-1.474184274673461914e+00,8.549509644508361816e-01,-1.671194434165954590e+00,-4.401199519634246826e-01,1.479817867279052734e+00,3.905392587184906006e-01,2.159913480281829834e-01,-1.518863320350646973e+00,-1.604625731706619263e-01,8.831365704536437988e-01,-5.889115110039710999e-02,-1.376590251922607422e+00,-7.548813223838806152e-01,3.959940671920776367e-01
7.996459007263183594e-01,-1.422032952308654785e+00,3.897299468517303467e-01,-8.489688634872436523e-01,-1.969526708126068115e-01,4.663084745407104492e-01,-1.517166942358016968e-01,-1.747136235237121582e+00,6.013076901435852051e-01,5.546260476112365723e-01,1.586188435554504395e+00,-3.296257555484771729e-01,-3.273787349462509155e-02,-2.356199979782104492e+00,-4.555617570877075195e-01,-3.094385862350463867e-01,2.246654272079467773e+00,-3.452452719211578369e-01,-2.719071209430694580e-01,-2.125361114740371704e-01,5.234604477882385254e-01,-1.567642092704772949e+00,8.626318573951721191e-01,-1.781138658523559570e+00,-4.388688504695892334e-01,1.481648087501525879e+00,4.243363440036773682e-01,2.254752069711685181e-01,-1.511611938476562500e+00,-1.669611334800720215e-01,9.052674770355224609e-01,-4.569903761148452759e-02,-1.378029465675354004e+00,-7.531343102455139160e-01,4.319191575050354004e-01
8.062338829040527344e-01,-1.402685999870300293e+00,3.910657763481140137e-01,-8.438366651535034180e-01,-1.933271735906600952e-01,4.714410603046417236e-01,-1.682486385107040405e-01,-1.775288462638854980e+00,5.981977581977844238e-01,4.977666437625885010e-01,1.597439050674438477e+00,-3.264112472534179688e-01,-5.092833936214447021e-02,-2.356199979782104492e+00,-4.849542379379272461e-01,-3.236693441867828369e-01,2.276617288589477539e+00,-3.468712866306304932e-01,-3.027032017707824707e-01,-2.448275089263916016e-01,5.024572014808654785e-01,-1.645611286163330078e+00,8.700363636016845703e-01,-1.868023753166198730e+00,-4.273619949817657471e-01,1.522429585456848145e+00,4.548429250717163086e-01,2.295166701078414917e-01,-1.504144549369812012e+00,-1.500972509384155273e-01,9.127193093299865723e-01,-2.451462671160697937e-02,-1.383899092674255371e+00,-7.536613941192626953e-01,4.692810773849487305e-01
8.122428655624389648e-01,-1.384882807731628418e+00,3.940827250480651855e-01,-8.362297415733337402e-01,-1.912379115819931030e-01,4.805103242397308350e-01,-1.823670417070388794e-01,-1.796258091926574707e+00,5.565863251686096191e-01,3.913841545581817627e-01,1.585574269294738770e+00,-3.306581676006317139e-01,-1.428832858800888062e-01,-2.356199979782104492e+00,-4.819964468479156494e-01,-3.167622387409210205e-01,2.296576499938964844e+00,-3.339013159275054932e-01,-3.238262832164764404e-01,-2.447556257247924805e-01,4.844808876514434814e-01,-1.680406808853149414e+00,8.498689532279968262e-01,-1.904826164245605469e+00,-3.801180720329284668e-01,1.613870859146118164e+00,4.748630225658416748e-01,2.457787543535232544e-01,-1.499727725982666016e+00,-1.392280012369155884e-01,9.136126041412353516e-01,9.549110196530818939e-03,-1.408001422882080078e+00,-7.605302333831787109e-01,5.220330357551574707e-01
8.185577988624572754e-01,-1.372750520706176758e+00,3.987900316715240479e-01,-8.271738290786743164e-01,-1.882823109626770020e-01,4.919568896293640137e-01,-1.957335174083709717e-01,-1.790108919143676758e+00,4.824126064777374268e-01,2.726812660694122314e-01,1.553271532058715820e+00,-3.632991015911102295e-01,-2.538854181766510010e-01,-2.356199979782104492e+00,-4.618431627750396729e-01,-2.955021560192108154e-01,2.302540540695190430e+00,-3.057705760002136230e-01,-3.225148618221282959e-01,-2.250267565250396729e-01,4.777255952358245850e-01,-1.670267462730407715e+00,8.156571388244628906e-01,-1.885773897171020508e+00,-3.152981102466583252e-01,1.698384165763854980e+00,4.947075247764587402e-01,2.583847641944885254e-01,-1.498374581336975098e+00,-1.283933520317077637e-01,9.147504568099975586e-01,5.611737072467803955e-02,-1.424078226089477539e+00,-7.728309631347656250e-01,5.235999822616577148e-01
8.234668374061584473e-01,-1.362526655197143555e+00,4.058592915534973145e-01,-8.189495205879211426e-01,-1.729768514633178711e-01,5.071603059768676758e-01,-2.053998857736587524e-01,-1.742427229881286621e+00,3.897682130336761475e-01,1.837122291326522827e-01,1.499276280403137207e+00,-4.071311354637145996e-01,-3.306185603141784668e-01,-2.356199979782104492e+00,-4.499029815196990967e-01,-2.663836777210235596e-01,2.303849220275878906e+00,-2.814750671386718750e-01,-3.049882948398590088e-01,-2.150027304887771606e-01,4.534806609153747559e-01,-1.621723294258117676e+00,7.685643434524536133e-01,-1.827589035034179688e+00,-2.198230475187301636e-01,1.747804403305053711e+00,5.343948006629943848e-01,2.664825618267059326e-01,-1.489215612411499023e+00,-1.121018528938293457e-01,9.142031073570251465e-01,1.222780644893646240e-01,-1.438081145286560059e+00,-7.987486124038696289e-01,5.235999822616577148e-01
8.260163664817810059e-01,-1.352713584899902344e+00,4.152826070785522461e-01,-8.102443814277648926e-01,-1.496062129735946655e-01,5.245957970619201660e-01,-2.142924517393112183e-01,-1.672030806541442871e+00,3.051941990852355957e-01,1.281721740961074829e-01,1.433298468589782715e+00,-4.463262557983398438e-01,-3.394721448421478271e-01,-2.356199979782104492e+00,-4.411012232303619385e-01,-2.283641993999481201e-01,2.301393985748291016e+00,-2.532860934734344482e-01,-2.863419651985168457e-01,-2.074743956327438354e-01,4.159426093101501465e-01,-1.559318542480468750e+00,6.834052801132202148e-01,-1.767148852348327637e+00,-9.453104436397552490e-02,1.784401535987854004e+00,5.665699839591979980e-01,2.824157774448394775e-01,-1.475689888000488281e+00,-1.019644662737846375e-01,9.135746359825134277e-01,2.041336148977279663e-01,-1.443036556243896484e+00,-8.309978246688842773e-01,5.235999822616577148e-01
8.275160789489746094e-01,-1.343158364295959473e+00,4.257956445217132568e-01,-7.965577840805053711e-01,-1.304763108491897583e-01,5.434664487838745117e-01,-2.304688245058059692e-01,-1.611973285675048828e+00,2.433151155710220337e-01,7.387458533048629761e-02,1.383234500885009766e+00,-4.557462632656097412e-01,-3.318613767623901367e-01,-2.356199979782104492e+00,-4.091731607913970947e-01,-1.709541529417037964e-01,2.296035051345825195e+00,-1.926194131374359131e-01,-2.218098789453506470e-01,-1.834262311458587646e-01,3.905008435249328613e-01,-1.495739102363586426e+00,5.444331169128417969e-01,-1.770790934562683105e+00,7.263033092021942139e-02,1.837362170219421387e+00,5.460805892944335938e-01,3.699676692485809326e-01,-1.460215687751770020e+00,-1.126944571733474731e-01,9.099167585372924805e-01,3.015190064907073975e-01,-1.436223387718200684e+00,-8.693114519119262695e-01,5.235999822616577148e-01
8.282133340835571289e-01,-1.334548354148864746e+00,4.361232221126556396e-01,-7.809837460517883301e-01,-1.092340350151062012e-01,5.624347925186157227e-01,-2.485948801040649414e-01,-1.568518280982971191e+00,2.044539153575897217e-01,5.867036804556846619e-02,1.365779399871826172e+00,-4.256363511085510254e-01,-3.221288025379180908e-01,-2.356199979782104492e+00,-3.374705016613006592e-01,-7.930020242929458618e-02,2.292783737182617188e+00,-1.193399727344512939e-01,-1.324493736028671265e-01,-1.644480526447296143e-01,3.627791404724121094e-01,-1.412550210952758789e+00,4.135721921920776367e-01,-1.720965266227722168e+00,2.128721773624420166e-01,1.701113820075988770e+00,4.898187518119812012e-01,3.637994825839996338e-01,-1.441403269767761230e+00,-1.367218345403671265e-01,9.143031835556030273e-01,4.171657860279083252e-01,-1.408029437065124512e+00,-9.224274158477783203e-01,5.235999822616577148e-01
8.301102519035339355e-01,-1.324958205223083496e+00,4.448580741882324219e-01,-7.645790576934814453e-01,-8.314895629882812500e-02,5.797712206840515137e-01,-2.690175175666809082e-01,-1.556290984153747559e+00,1.898162364959716797e-01,9.101189672946929932e-02,1.398941397666931152e+00,-3.649990856647491455e-01,-2.829777598381042480e-01,-2.356199979782104492e+00,-2.735469341278076172e-01,1.775183342397212982e-02,2.300409793853759766e+00,-4.972667619585990906e-02,-3.042543120682239532e-02,-1.641408354043960571e-01,3.213241994380950928e-01,-1.286510467529296875e+00,3.297193348407745361e-01,-1.574601650238037109e+00,2.289258688688278198e-01,1.487031102180480957e+00,3.574467301368713379e-01,3.304090797901153564e-01,-1.423316478729248047e+00,-1.788532286882400513e-01,9.370629787445068359e-01,5.474607944488525391e-01,-1.339147806167602539e+00,-9.910733699798583984e-01,5.235999822616577148e-01
8.315538763999938965e-01,-1.311839580535888672e+00,4.505910575389862061e-01,-7.449546456336975098e-01,-6.130281463265419006e-02,5.949527025222778320e-01,-2.954925596714019775e-01,-1.577132225036621094e+00,2.131142318248748779e-01,1.423902064561843872e-01,1.481208443641662598e+00,-3.167739510536193848e-01,-2.241785079240798950e-01,-2.345798730850219727e+00,-2.574444115161895752e-01,7.629797607660293579e-02,2.316691637039184570e+00,-7.384703960269689560e-03,3.408925235271453857e-02,-1.614012271165847778e-01,2.762665748596191406e-01,-1.123909950256347656e+00,2.811934351921081543e-01,-1.387798905372619629e+00,1.689146310091018677e-01,1.389608025550842285e+00,2.444302588701248169e-01,3.248924911022186279e-01,-1.403275132179260254e+00,-2.425495386123657227e-01,9.625608921051025391e-01,6.717032194137573242e-01,-1.253351807594299316e+00,-1.030271291732788086e+00,5.235999822616577148e-01
8.269425630569458008e-01,-1.297548890113830566e+00,4.543340504169464111e-01,-7.197703123092651367e-01,-5.432377755641937256e-02,6.077268719673156738e-01,-3.311309218406677246e-01,-1.635998249053955078e+00,2.579249143600463867e-01,1.551526635885238647e-01,1.601444363594055176e+00,-3.028950393199920654e-01,-1.946613043546676636e-01,-2.270885229110717773e+00,-2.648501396179199219e-01,7.113476097583770752e-02,2.310342550277709961e+00,4.444089718163013458e-03,7.944080233573913574e-02,-1.272554695606231689e-01,2.453535646200180054e-01,-9.609414339065551758e-01,2.509798109531402588e-01,-1.227037429809570312e+00,6.166401877999305725e-02,1.368628859519958496e+00,2.448484003543853760e-01,2.860393226146697998e-01,-1.365047335624694824e+00,-3.289528787136077881e-01,9.602320194244384766e-01,7.794649600982666016e-01,-1.167444348335266113e+00,-1.057898759841918945e+00,5.235999822616577148e-01
8.218480944633483887e-01,-1.282360792160034180e+00,4.556514918804168701e-01,-6.909474134445190430e-01,-5.301556736230850220e-02,6.193992495536804199e-01,-3.689520359039306641e-01,-1.737932205200195312e+00,3.066790997982025146e-01,1.413503438234329224e-01,1.757232427597045898e+00,-2.843202054500579834e-01,-1.515286564826965332e-01,-2.189396142959594727e+00,-2.913587987422943115e-01,3.445077687501907349e-02,2.304436922073364258e+00,7.004034705460071564e-03,1.117125749588012695e-01,-6.927790492773056030e-02,2.129814326763153076e-01,-7.984883785247802734e-01,2.578749060630798340e-01,-1.056839704513549805e+00,-6.105453148484230042e-02,1.373905181884765625e+00,2.458011955022811890e-01,1.880159825086593628e-01,-1.304723024368286133e+00,-4.373700022697448730e-01,9.286349415779113770e-01,8.719484806060791016e-01,-1.065023183822631836e+00,-1.091202616691589355e+00,5.235999822616577148e-01
8.139501810073852539e-01,-1.267012476921081543e+00,4.563720822334289551e-01,-6.595181822776794434e-01,-6.007985770702362061e-02,6.296288967132568359e-01,-4.061940908432006836e-01,-1.881484627723693848e+00,3.455744683742523193e-01,9.948880225419998169e-02,1.918460607528686523e+00,-2.688366472721099854e-01,-1.067610457539558411e-01,-2.093706607818603516e+00,-3.293651044368743896e-01,-4.177378490567207336e-02,2.288543701171875000e+00,-1.640421571210026741e-03,1.267226636409759521e-01,5.127315409481525421e-03,1.894254535436630249e-01,-6.581373214721679688e-01,2.971715927124023438e-01,-9.526080489158630371e-01,-1.886550933122634888e-01,1.370789051055908203e+00,2.502872049808502197e-01,1.374883502721786499e-01,-1.248190641403198242e+00,-5.559798479080200195e-01,9.462404847145080566e-01,9.734166264533996582e-01,-8.846582174301147461e-01,-1.134014725685119629e+00,5.235999822616577148e-01
8.042691946029663086e-01,-1.253136277198791504e+00,4.573788642883300781e-01,-6.232923269271850586e-01,-7.628658413887023926e-02,6.410789489746093750e-01,-4.412537217140197754e-01,-2.050680875778198242e+00,3.538347184658050537e-01,3.735630586743354797e-02,2.059426307678222656e+00,-2.675047516822814941e-01,-7.540109753608703613e-02,-1.978483200073242188e+00,-3.610382974147796631e-01,-1.524399816989898682e-01,2.258622884750366211e+00,-6.333736702799797058e-03,1.183093786239624023e-01,8.922606706619262695e-02,1.786146610975265503e-01,-5.400048494338989258e-01,3.673487603664398193e-01,-8.436180353164672852e-01,-3.015186786651611328e-01,1.292914152145385742e+00,2.542372047901153564e-01,1.180725470185279846e-01,-1.175371408462524414e+00,-6.783167123794555664e-01,9.752050638198852539e-01,1.024808764457702637e+00,-6.741407513618469238e-01,-1.123713254928588867e+00,5.235999822616577148e-01
7.951508164405822754e-01,-1.241614937782287598e+00,4.591140747070312500e-01,-5.818413496017456055e-01,-1.013913899660110474e-01,6.569406986236572266e-01,-4.686249792575836182e-01,-2.223959684371948242e+00,3.225724995136260986e-01,-2.061123214662075043e-02,2.162857055664062500e+00,-2.643007934093475342e-01,-8.015541732311248779e-02,-1.853422522544860840e+00,-3.576875627040863037e-01,-2.761525213718414307e-01,2.218187570571899414e+00,-6.220071110874414444e-03,1.143789067864418030e-01,1.848803907632827759e-01,1.819187849760055542e-01,-4.362241029739379883e-01,4.569994807243347168e-01,-6.942245960235595703e-01,-3.861785531044006348e-01,1.163159370422363281e+00,2.780864834785461426e-01,1.055293455719947815e-01,-1.065802454948425293e+00,-7.857755422592163086e-01,9.583711028099060059e-01,1.053116202354431152e+00,-5.390210151672363281e-01,-1.020560741424560547e+00,5.086201429367065430e-01
7.859247326850891113e-01,-1.233141183853149414e+00,4.615571200847625732e-01,-5.317785143852233887e-01,-1.354073435068130493e-01,6.798661947250366211e-01,-4.864754974842071533e-01,-2.356199979782104492e+00,2.415379583835601807e-01,-6.670109927654266357e-02,2.209744930267333984e+00,-2.863968014717102051e-01,-1.446303576231002808e-01,-1.716039299964904785e+00,-3.108541369438171387e-01,-4.082243442535400391e-01,2.164525508880615234e+00,2.720446791499853134e-03,1.124263927340507507e-01,2.931689620018005371e-01,2.045458257198333740e-01,-3.141875267028808594e-01,5.609817504882812500e-01,-4.982080757617950439e-01,-4.339749217033386230e-01,1.014311194419860840e+00,3.125988543033599854e-01,1.014450192451477051e-01,-9.367313385009765625e-01,-8.721981644630432129e-01,9.500871896743774414e-01,1.054342269897460938e+00,-3.209255635738372803e-01,-8.746226429939270020e-01,4.301993548870086670e-01
7.789711952209472656e-01,-1.234751820564270020e+00,4.717176854610443115e-01,-4.874486625194549561e-01,-1.532063484191894531e-01,6.996959447860717773e-01,-4.993467330932617188e-01,-2.356199979782104492e+00,1.249249950051307678e-01,-2.764542400836944580e-02,2.162774801254272461e+00,-3.835436701774597168e-01,-2.715157568454742432e-01,-1.600512385368347168e+00,-2.533719539642333984e-01,-4.673131108283996582e-01,2.102966070175170898e+00,1.932680234313011169e-02,1.311517059803009033e-01,3.537888824939727783e-01,2.123473137617111206e-01,-1.342425346374511719e-01,6.549824476242065430e-01,-2.475661784410476685e-01,-4.291781485080718994e-01,8.538665771484375000e-01,3.519451320171356201e-01,1.142465919256210327e-01,-8.370357155799865723e-01,-9.341650605201721191e-01,8.863185644149780273e-01,1.049038529396057129e+00,-2.296162210404872894e-02,-6.460968255996704102e-01,2.964128851890563965e-01
7.751957178115844727e-01,-1.237025499343872070e+00,4.766791760921478271e-01,-4.267036616802215576e-01,-1.826954931020736694e-01,7.297313809394836426e-01,-5.020343065261840820e-01,-2.356199979782104492e+00,5.876737833023071289e-02,-1.548952236771583557e-02,2.105803251266479492e+00,-4.475214183330535889e-01,-3.323340713977813721e-01,-1.470715045928955078e+00,-1.606573611497879028e-01,-5.468162298202514648e-01,2.046246528625488281e+00,3.484740480780601501e-02,1.302047967910766602e-01,4.226929545402526855e-01,2.614504098892211914e-01,1.165431365370750427e-01,7.038660645484924316e-01,2.233940549194812775e-02,-3.679351210594177246e-01,7.757412195205688477e-01,3.765844106674194336e-01,1.311087608337402344e-01,-8.383709192276000977e-01,-9.718064665794372559e-01,8.189085721969604492e-01,1.127820014953613281e+00,2.332457602024078369e-01,-2.890531122684478760e-01,1.949438750743865967e-01
7.755278944969177246e-01,-1.239559054374694824e+00,4.748542904853820801e-01,-3.734722435474395752e-01,-2.007446736097335815e-01,7.606484889984130859e-01,-4.915627837181091309e-01,-2.356199979782104492e+00,3.824498504400253296e-02,7.079883944243192673e-03,2.053897619247436523e+00,-4.580742418766021729e-01,-3.238527774810791016e-01,-1.367495656013488770e+00,-8.219151198863983154e-02,-5.948444604873657227e-01,2.020522594451904297e+00,5.306119099259376526e-02,9.881360828876495361e-02,4.869733154773712158e-01,2.892191708087921143e-01,3.722365796566009521e-01,6.961152553558349609e-01,2.149037867784500122e-01,-2.585243284702301025e-01,8.579500913619995117e-01,3.546337187290191650e-01,1.639150381088256836e-01,-8.816012144088745117e-01,-9.867147207260131836e-01,8.618775010108947754e-01,1.204338312149047852e+00,2.367789298295974731e-02,-1.062772348523139954e-01,1.907844990491867065e-01
7.771456241607666016e-01,-1.243725538253784180e+00,4.683107435703277588e-01,-3.387034833431243896e-01,-2.058096528053283691e-01,7.901045680046081543e-01,-4.676078259944915771e-01,-2.356199979782104492e+00,1.250123698264360428e-02,5.163008347153663635e-03,2.008949279785156250e+00,-4.179639816284179688e-01,-3.226833045482635498e-01,-1.287553071975708008e+00,-3.766897320747375488e-02,-6.143308281898498535e-01,2.020396947860717773e+00,7.437768578529357910e-02,4.418154060840606689e-02,5.561044812202453613e-01,2.632203996181488037e-01,5.668736696243286133e-01,6.510599255561828613e-01,3.027024269104003906e-01,-1.293088495731353760e-01,9.619714021682739258e-01,2.864194214344024658e-01,1.860301941633224487e-01,-9.140926003456115723e-01,-9.794978499412536621e-01,1.039796829223632812e+00,1.214161634445190430e+00,-3.201111555099487305e-01,-1.151022836565971375e-01,1.954951882362365723e-01
7.761378288269042969e-01,-1.249549508094787598e+00,4.657770693302154541e-01,-3.166117668151855469e-01,-2.007710784673690796e-01,8.146517276763916016e-01,-4.424822330474853516e-01,-2.321359157562255859e+00,8.732690662145614624e-02,5.183155462145805359e-02,2.005563259124755859e+00,-3.729724884033203125e-01,7.000884413719177246e-02,-1.216602802276611328e+00,-1.038442272692918777e-02,-6.101250648498535156e-01,2.013175725936889648e+00,9.490781277418136597e-02,-1.420294400304555893e-02,6.085817813873291016e-01,2.084225565195083618e-01,7.111635804176330566e-01,5.869166851043701172e-01,2.742321789264678955e-01,-2.775715105235576630e-02,8.915314674377441406e-01,2.798059284687042236e-01,2.100915610790252686e-01,-9.357373714447021484e-01,-9.495292901992797852e-01,1.138645291328430176e+00,1.183982968330383301e+00,-4.372763931751251221e-01,-1.738069951534271240e-01,2.200565189123153687e-01
7.766074538230895996e-01,-1.261242985725402832e+00,4.707371294498443604e-01,-3.014452755451202393e-01,-1.868088245391845703e-01,8.312973976135253906e-01,-4.279927909374237061e-01,-2.241395950317382812e+00,1.260064989328384399e-01,6.574003398418426514e-02,2.014682531356811523e+00,-4.278528988361358643e-01,1.153032705187797546e-01,-1.142007350921630859e+00,-1.154926838353276253e-03,-5.790219306945800781e-01,1.995419144630432129e+00,7.637568563222885132e-02,-4.042335599660873413e-02,6.200561523437500000e-01,1.477076858282089233e-01,7.918554544448852539e-01,5.147461891174316406e-01,1.339183002710342407e-01,8.157143741846084595e-02,7.757122516632080078e-01,3.456168174743652344e-01,2.579791247844696045e-01,-9.358367323875427246e-01,-8.932235836982727051e-01,1.074564337730407715e+00,1.118468642234802246e+00,-3.364088237285614014e-01,-1.910160183906555176e-01,2.118066400289535522e-01
7.761460542678833008e-01,-1.271576523780822754e+00,4.774471223354339600e-01,-2.927908599376678467e-01,-1.743163764476776123e-01,8.441120386123657227e-01,-4.139591157436370850e-01,-2.185895204544067383e+00,1.416263133287429810e-01,6.536474078893661499e-02,2.017206430435180664e+00,-4.443019628524780273e-01,1.151800826191902161e-01,-1.079437851905822754e+00,1.523636281490325928e-02,-5.423511862754821777e-01,1.971229910850524902e+00,2.819926850497722626e-02,-5.881008878350257874e-02,6.207048296928405762e-01,8.558818697929382324e-02,7.928641438484191895e-01,4.447160959243774414e-01,-8.130513131618499756e-02,2.472880631685256958e-01,7.091143131256103516e-01,4.577295184135437012e-01,3.020870685577392578e-01,-9.580051302909851074e-01,-8.157454729080200195e-01,1.017746925354003906e+00,1.041094422340393066e+00,-1.787020713090896606e-01,-1.909087747335433960e-01,1.860732585191726685e-01
7.735946774482727051e-01,-1.280349254608154297e+00,4.861126840114593506e-01,-2.887326478958129883e-01,-1.628495156764984131e-01,8.515087962150573730e-01,-4.062588214874267578e-01,-2.124655246734619141e+00,1.565539687871932983e-01,8.124810457229614258e-02,2.005980968475341797e+00,-4.756491184234619141e-01,1.147698462009429932e-01,-1.026466727256774902e+00,3.664422780275344849e-02,-5.047916769981384277e-01,1.937597393989562988e+00,-3.668051585555076599e-02,-5.672585591673851013e-02,6.114003062248229980e-01,2.308166213333606720e-02,7.068554162979125977e-01,3.963179886341094971e-01,-3.308051228523254395e-01,4.652249217033386230e-01,6.246396899223327637e-01,5.120304822921752930e-01,3.311607837677001953e-01,-1.002115845680236816e+00,-7.249298095703125000e-01,1.038695812225341797e+00,9.857478737831115723e-01,-1.386038661003112793e-01,-2.310922592878341675e-01,1.576381176710128784e-01
7.712100148200988770e-01,-1.288990736007690430e+00,4.980022013187408447e-01,-2.868589162826538086e-01,-1.530749797821044922e-01,8.568027615547180176e-01,-4.002112448215484619e-01,-2.061539411544799805e+00,1.613865345716476440e-01,9.604505449533462524e-02,1.982744574546813965e+00,-5.049818754196166992e-01,1.110045090317726135e-01,-9.828159809112548828e-01,5.494772270321846008e-02,-4.664919078350067139e-01,1.895226955413818359e+00,-9.077787399291992188e-02,-4.544829577207565308e-02,6.036436557769775391e-01,-2.992518059909343719e-02,5.775377750396728516e-01,3.422765135765075684e-01,-5.393863320350646973e-01,6.950579881668090820e-01,5.750368237495422363e-01,4.471339285373687744e-01,3.198263645172119141e-01,-1.057884573936462402e+00,-6.305603981018066406e-01,1.074714303016662598e+00,9.445186853408813477e-01,-2.107994109392166138e-01,-2.893038690090179443e-01,1.535753458738327026e-01
7.664075493812561035e-01,-1.295658826828002930e+00,5.124849081039428711e-01,-2.878597378730773926e-01,-1.445520520210266113e-01,8.588825464248657227e-01,-3.981987535953521729e-01,-2.001861095428466797e+00,1.672644764184951782e-01,1.156775653362274170e-01,1.948303341865539551e+00,-5.218662619590759277e-01,1.063401773571968079e-01,-9.484329819679260254e-01,7.542628794908523560e-02,-4.278100430965423584e-01,1.842037796974182129e+00,-1.308932155370712280e-01,-1.170089654624462128e-02,5.846382975578308105e-01,-8.087386935949325562e-02,4.740693569183349609e-01,2.731854915618896484e-01,-6.398830413818359375e-01,8.661894202232360840e-01,6.228353977203369141e-01,2.625059783458709717e-01,2.818776965141296387e-01,-1.123952507972717285e+00,-5.291641354560852051e-01,1.141833305358886719e+00,9.135006070137023926e-01,-2.863964140415191650e-01,-3.320595622062683105e-01,1.669304370880126953e-01
7.587907910346984863e-01,-1.301522493362426758e+00,5.298234224319458008e-01,-2.887425720691680908e-01,-1.362251192331314087e-01,8.578743338584899902e-01,-4.026439189910888672e-01,-1.936518788337707520e+00,1.634027510881423950e-01,1.355040222406387329e-01,1.901904582977294922e+00,-5.286227464675903320e-01,9.809407591819763184e-02,-9.152989387512207031e-01,1.087640300393104553e-01,-3.778350949287414551e-01,1.772821426391601562e+00,-1.587034314870834351e-01,3.049323521554470062e-02,5.623683333396911621e-01,-1.300722509622573853e-01,4.035826027393341064e-01,2.238167375326156616e-01,-6.624290347099304199e-01,9.144896864891052246e-01,6.762949824333190918e-01,8.556669950485229492e-02,2.662848532199859619e-01,-1.187092661857604980e+00,-4.369773268699645996e-01,1.204836964607238770e+00,8.851856589317321777e-01,-3.328475356101989746e-01,-3.369376957416534424e-01,1.739510148763656616e-01
7.485134005546569824e-01,-1.307187438011169434e+00,5.499968528747558594e-01,-2.887215018272399902e-01,-1.284615397453308105e-01,8.529897332191467285e-01,-4.153866171836853027e-01,-1.864513993263244629e+00,1.432462036609649658e-01,1.520915031433105469e-01,1.842694282531738281e+00,-5.304152369499206543e-01,8.789445459842681885e-02,-8.809893727302551270e-01,1.603864431381225586e-01,-3.098802566528320312e-01,1.685717701911926270e+00,-1.759491115808486938e-01,8.362382650375366211e-02,5.361486077308654785e-01,-1.769921183586120605e-01,3.497395217418670654e-01,2.038204967975616455e-01,-6.897451281547546387e-01,9.024601578712463379e-01,6.311703920364379883e-01,4.928164556622505188e-02,2.788011431694030762e-01,-1.225360631942749023e+00,-3.666934967041015625e-01,1.243766903877258301e+00,8.346548080444335938e-01,-3.717261850833892822e-01,-3.418467342853546143e-01,1.691016256809234619e-01
7.347502708435058594e-01,-1.312304258346557617e+00,5.727393031120300293e-01,-2.899170517921447754e-01,-1.199917420744895935e-01,8.439814448356628418e-01,-4.350234568119049072e-01,-1.788410782814025879e+00,1.076618358492851257e-01,1.634472757577896118e-01,1.769169211387634277e+00,-5.264983177185058594e-01,7.246191799640655518e-02,-8.413262367248535156e-01,2.128900587558746338e-01,-2.378609627485275269e-01,1.579226255416870117e+00,-1.692217439413070679e-01,1.357431709766387939e-01,4.960153400897979736e-01,-2.293250113725662231e-01,3.063316941261291504e-01,2.107156366109848022e-01,-7.064810395240783691e-01,8.732559680938720703e-01,5.552881956100463867e-01,1.033768877387046814e-01,2.839749455451965332e-01,-1.237266421318054199e+00,-3.115960657596588135e-01,1.271602988243103027e+00,7.558780312538146973e-01,-4.274642467498779297e-01,-3.593587279319763184e-01,1.639549285173416138e-01
7.185813784599304199e-01,-1.317483067512512207e+00,5.984491109848022461e-01,-2.903470695018768311e-01,-1.130271926522254944e-01,8.326063156127929688e-01,-4.579194188117980957e-01,-1.707702279090881348e+00,6.485033035278320312e-02,1.638778150081634521e-01,1.681299448013305664e+00,-5.150295495986938477e-01,5.383915454149246216e-02,-8.077324032783508301e-01,2.476627081632614136e-01,-1.833269596099853516e-01,1.467823743820190430e+00,-1.033872067928314209e-01,1.868902295827865601e-01,4.634691178798675537e-01,-2.812001109123229980e-01,2.652463316917419434e-01,2.396695315837860107e-01,-7.064002156257629395e-01,8.389599323272705078e-01,5.061146020889282227e-01,1.749176532030105591e-01,2.816485464572906494e-01,-1.209719419479370117e+00,-2.830369174480438232e-01,1.234813690185546875e+00,6.398713588714599609e-01,-5.426778793334960938e-01,-3.701528608798980713e-01,1.681307852268218994e-01
7.022050619125366211e-01,-1.322448968887329102e+00,6.254621148109436035e-01,-2.870121896266937256e-01,-1.094566658139228821e-01,8.237633109092712402e-01,-4.765052795410156250e-01,-1.623686075210571289e+00,3.092545457184314728e-02,1.487909257411956787e-01,1.587096452713012695e+00,-4.981626272201538086e-01,3.417549654841423035e-02,-7.966527342796325684e-01,2.520363628864288330e-01,-1.631370037794113159e-01,1.387549400329589844e+00,1.063560042530298233e-02,2.792854607105255127e-01,4.487535953521728516e-01,-3.194333016872406006e-01,2.210451215505599976e-01,2.718025445938110352e-01,-6.594498753547668457e-01,8.123701214790344238e-01,5.028080940246582031e-01,1.888457834720611572e-01,2.738066017627716064e-01,-1.155398607254028320e+00,-2.711239159107208252e-01,1.168684244155883789e+00,4.948879480361938477e-01,-6.482427120208740234e-01,-3.726034164428710938e-01,1.730099916458129883e-01
6.885542869567871094e-01,-1.325740218162536621e+00,6.529599428176879883e-01,-2.812747955322265625e-01,-1.079295650124549866e-01,8.206382989883422852e-01,-4.855805635452270508e-01,-1.539351820945739746e+00,1.450519077479839325e-02,1.272548735141754150e-01,1.487892389297485352e+00,-4.741214811801910400e-01,1.537352520972490311e-02,-8.059684634208679199e-01,2.013372927904129028e-01,-2.029332220554351807e-01,1.368912577629089355e+00,4.755462985485792160e-03,3.259197771549224854e-01,4.493269324302673340e-01,-3.403728008270263672e-01,1.852659285068511963e-01,2.890416979789733887e-01,-5.924806594848632812e-01,7.806682586669921875e-01,5.194811820983886719e-01,1.766529977321624756e-01,2.859837710857391357e-01,-1.086908936500549316e+00,-2.648040354251861572e-01,1.097574949264526367e+00,3.415784537792205811e-01,-7.296106815338134766e-01,-3.400440812110900879e-01,1.633118391036987305e-01
6.774419546127319336e-01,-1.328361868858337402e+00,6.812910437583923340e-01,-2.736092507839202881e-01,-1.081585064530372620e-01,8.224510550498962402e-01,-4.868408143520355225e-01,-1.451716303825378418e+00,1.239579916000366211e-02,1.038484498858451843e-01,1.381828188896179199e+00,-4.450001716613769531e-01,-9.210386779159307480e-04,-8.297745585441589355e-01,7.819232344627380371e-02,-3.143948316574096680e-01,1.410194635391235352e+00,-4.682487249374389648e-02,2.668173909187316895e-01,4.564629495143890381e-01,-3.465411663055419922e-01,1.636460572481155396e-01,2.973935902118682861e-01,-5.285857915878295898e-01,7.269420623779296875e-01,5.332922339439392090e-01,1.841309219598770142e-01,3.070802986621856689e-01,-1.009218573570251465e+00,-2.585960328578948975e-01,1.038289189338684082e+00,2.085221111774444580e-01,-7.625039219856262207e-01,-2.861426770687103271e-01,1.248714625835418701e-01
6.674806475639343262e-01,-1.327763199806213379e+00,7.095753550529479980e-01,-2.690707743167877197e-01,-1.074855178594589233e-01,8.263574838638305664e-01,-4.828882515430450439e-01,-1.367772936820983887e+00,1.472097914665937424e-02,8.236803114414215088e-02,1.264415502548217773e+00,-4.061220586299896240e-01,-1.815221272408962250e-02,-8.849207758903503418e-01,-1.270954310894012451e-02,-3.607098758220672607e-01,1.465991735458374023e+00,-1.021227538585662842e-01,1.815052032470703125e-01,4.616670012474060059e-01,-3.464633226394653320e-01,1.506120413541793823e-01,3.007859587669372559e-01,-4.724872708320617676e-01,6.610724329948425293e-01,5.697230696678161621e-01,2.237016409635543823e-01,3.251991271972656250e-01,-9.296671748161315918e-01,-2.538704276084899902e-01,9.970624446868896484e-01,1.069031208753585815e-01,-7.675002813339233398e-01,-2.260588258504867554e-01,7.264370471239089966e-02
6.577814221382141113e-01,-1.326596736907958984e+00,7.389961481094360352e-01,-2.634503841400146484e-01,-1.084160581231117249e-01,8.323673605918884277e-01,-4.753992259502410889e-01,-1.277260422706604004e+00,2.736088633537292480e-02,6.418703496456146240e-02,1.134478807449340820e+00,-3.647960722446441650e-01,-3.034152649343013763e-02,-9.467849731445312500e-01,-7.192564755678176880e-02,-3.606759905815124512e-01,1.489066839218139648e+00,-1.296275407075881958e-01,1.259876191616058350e-01,4.675954878330230713e-01,-3.335343003273010254e-01,1.421220749616622925e-01,3.021247982978820801e-01,-4.357025325298309326e-01,5.973816514015197754e-01,6.092981100082397461e-01,2.800810337066650391e-01,3.331710100173950195e-01,-8.391419649124145508e-01,-2.515378594398498535e-01,9.796324372291564941e-01,4.799694940447807312e-02,-7.694225907325744629e-01,-1.793643683195114136e-01,3.152458742260932922e-02
6.478766202926635742e-01,-1.325238585472106934e+00,7.683161497116088867e-01,-2.570013105869293213e-01,-1.072032004594802856e-01,8.358718156814575195e-01,-4.730497598648071289e-01,-1.173709988594055176e+00,3.458267450332641602e-02,5.223346129059791565e-02,9.786171913146972656e-01,-2.965475618839263916e-01,-4.661522060632705688e-02,-9.914301633834838867e-01,-1.283215135335922241e-01,-3.474740087985992432e-01,1.463754296302795410e+00,-1.523518711328506470e-01,7.246651500463485718e-02,4.555429816246032715e-01,-3.111497163772583008e-01,1.357039362192153931e-01,3.083952963352203369e-01,-4.173213839530944824e-01,5.356122255325317383e-01,6.729512810707092285e-01,3.123615086078643799e-01,3.451609015464782715e-01,-7.418715357780456543e-01,-2.552714347839355469e-01,9.763383865356445312e-01,1.227622479200363159e-02,-7.883568406105041504e-01,-1.284158974885940552e-01,7.145710755139589310e-03
6.376015543937683105e-01,-1.324433684349060059e+00,7.919990420341491699e-01,-2.435164600610733032e-01,-1.062329560518264771e-01,8.366217017173767090e-01,-4.790390729904174805e-01,-1.064196705818176270e+00,4.078536853194236755e-02,3.656282275915145874e-02,8.314810395240783691e-01,-2.412873208522796631e-01,-5.228986963629722595e-02,-9.998018741607666016e-01,-1.775621920824050903e-01,-3.410731852054595947e-01,1.396333575248718262e+00,-1.901471167802810669e-01,3.100335784256458282e-02,4.226548969745635986e-01,-2.658559978008270264e-01,1.345025748014450073e-01,3.218322992324829102e-01,-3.995867073535919189e-01,4.770745038986206055e-01,7.527002692222595215e-01,2.822956442832946777e-01,3.399261534214019775e-01,-6.440980434417724609e-01,-2.647633254528045654e-01,9.802600145339965820e-01,1.163120940327644348e-02,-8.014498949050903320e-01,-9.063410013914108276e-02,4.715777933597564697e-03
6.251779198646545410e-01,-1.322417497634887695e+00,8.078792691230773926e-01,-2.241463214159011841e-01,-1.046663522720336914e-01,8.333851695060729980e-01,-4.942393302917480469e-01,-9.668437838554382324e-01,6.553687900304794312e-02,6.183703243732452393e-02,7.396805286407470703e-01,-2.460906952619552612e-01,-2.103766892105340958e-03,-9.764183163642883301e-01,-2.209468483924865723e-01,-3.431072533130645752e-01,1.296562314033508301e+00,-2.408909499645233154e-01,-1.144802104681730270e-02,3.637724220752716064e-01,-2.004082947969436646e-01,1.431545019149780273e-01,3.442715406417846680e-01,-3.901052772998809814e-01,4.139374494552612305e-01,8.129246830940246582e-01,2.229105085134506226e-01,3.290168941020965576e-01,-5.493415594100952148e-01,-2.887127399444580078e-01,9.824668169021606445e-01,3.131275996565818787e-02,-8.154636025428771973e-01,-7.358966767787933350e-02,2.043044567108154297e-02
6.096964478492736816e-01,-1.318063497543334961e+00,8.158669471740722656e-01,-2.040015608072280884e-01,-1.063301935791969299e-01,8.239116668701171875e-01,-5.179255008697509766e-01,-9.103111624717712402e-01,1.142008453607559204e-01,1.258140206336975098e-01,7.388722300529479980e-01,-2.662407159805297852e-01,1.880665495991706848e-02,-9.379321336746215820e-01,-2.526529133319854736e-01,-3.532196581363677979e-01,1.171087861061096191e+00,-2.838242352008819580e-01,-4.705381020903587341e-02,2.833071053028106689e-01,-1.320850700139999390e-01,1.540188789367675781e-01,3.879985511302947998e-01,-3.818174302577972412e-01,3.291444778442382812e-01,8.225744366645812988e-01,1.530764997005462646e-01,2.985969483852386475e-01,-4.646374881267547607e-01,-3.191112279891967773e-01,9.673688411712646484e-01,5.454696714878082275e-02,-8.039016723632812500e-01,-7.097631692886352539e-02,3.860300406813621521e-02
5.927151441574096680e-01,-1.312155365943908691e+00,8.132274150848388672e-01,-1.836005598306655884e-01,-1.136191636323928833e-01,8.077235221862792969e-01,-5.486021041870117188e-01,-9.064413905143737793e-01,1.578457802534103394e-01,1.364955008029937744e-01,8.364586234092712402e-01,-2.563090324401855469e-01,1.742121577262878418e-02,-9.019612073898315430e-01,-2.599323391914367676e-01,-3.391450047492980957e-01,1.039893627166748047e+00,-3.244868218898773193e-01,-6.014493107795715332e-02,1.980678588151931763e-01,-6.549961864948272705e-02,1.566690951585769653e-01,4.545812010765075684e-01,-3.744675219058990479e-01,2.300180643796920776e-01,8.236347436904907227e-01,7.232815027236938477e-02,2.542168498039245605e-01,-3.768409192562103271e-01,-3.541187644004821777e-01,9.068527817726135254e-01,7.289190590381622314e-02,-7.925099730491638184e-01,-6.579890102148056030e-02,5.695295333862304688e-02
5.755382180213928223e-01,-1.306238055229187012e+00,8.019209504127502441e-01,-1.613336652517318726e-01,-1.275963336229324341e-01,7.850012779235839844e-01,-5.843489170074462891e-01,-9.351898431777954102e-01,1.784855872392654419e-01,6.954770535230636597e-02,9.707975387573242188e-01,-2.393656820058822632e-01,1.444645132869482040e-02,-8.695842623710632324e-01,-2.373027056455612183e-01,-2.748790979385375977e-01,9.053247570991516113e-01,-2.883426249027252197e-01,-2.974474057555198669e-02,1.168937310576438904e-01,8.751430548727512360e-03,1.342494934797286987e-01,5.265958309173583984e-01,-3.566259741783142090e-01,1.270413547754287720e-01,7.947289943695068359e-01,-1.725651207379996777e-03,2.003065049648284912e-01,-2.788730263710021973e-01,-3.890688419342041016e-01,8.019006848335266113e-01,8.960009366273880005e-02,-7.694174647331237793e-01,-6.572481989860534668e-02,7.135602086782455444e-02
5.601022839546203613e-01,-1.300339460372924805e+00,7.873721718788146973e-01,-1.396393626928329468e-01,-1.428891569375991821e-01,7.638420462608337402e-01,-6.137009263038635254e-01,-9.658393263816833496e-01,1.778559535741806030e-01,-2.763623744249343872e-02,1.096418857574462891e+00,-2.213142961263656616e-01,8.999983780086040497e-03,-8.522266745567321777e-01,-1.637617200613021851e-01,-9.516011923551559448e-02,8.796836137771606445e-01,-3.088051676750183105e-01,1.528318822383880615e-01,6.250742822885513306e-02,7.075328379869461060e-02,8.639943599700927734e-02,5.692047476768493652e-01,-3.201390504837036133e-01,3.142369538545608521e-02,7.548577189445495605e-01,-5.456420779228210449e-02,1.455028206110000610e-01,-1.728967577219009399e-01,-4.087589681148529053e-01,6.716511249542236328e-01,1.100036948919296265e-01,-7.275520563125610352e-01,-8.616806566715240479e-02,8.276463299989700317e-02
5.508115887641906738e-01,-1.293518543243408203e+00,7.669416666030883789e-01,-1.290275901556015015e-01,-1.500801295042037964e-01,7.582954168319702148e-01,-6.211408376693725586e-01,-9.928898215293884277e-01,1.938399076461791992e-01,-4.557088389992713928e-02,1.220670223236083984e+00,-2.217797189950942993e-01,-3.921674564480781555e-02,-8.717644810676574707e-01,-1.365709304809570312e-01,-7.784883677959442139e-02,9.611105322837829590e-01,-4.193415641784667969e-01,1.783348917961120605e-01,6.596110016107559204e-02,9.367216378450393677e-02,3.348886221647262573e-02,5.543701052665710449e-01,-2.748089730739593506e-01,-4.998083412647247314e-02,7.495473623275756836e-01,-7.276885211467742920e-02,1.084594205021858215e-01,-7.197083532810211182e-02,-4.177104532718658447e-01,5.278809070587158203e-01,1.453502178192138672e-01,-6.763029694557189941e-01,-1.212690696120262146e-01,1.020455658435821533e-01
5.487779974937438965e-01,-1.286336660385131836e+00,7.503935098648071289e-01,-1.277997940778732300e-01,-1.521472632884979248e-01,7.642567157745361328e-01,-6.135389804840087891e-01,-1.008616805076599121e+00,2.310137003660202026e-01,8.115554228425025940e-03,1.302814126014709473e+00,-2.438558936119079590e-01,-6.710334122180938721e-02,-9.359079599380493164e-01,-1.335607469081878662e-01,-8.109589666128158569e-02,1.057487607002258301e+00,-4.542965292930603027e-01,1.746578961610794067e-01,1.005877405405044556e-01,1.053354069590568542e-01,-1.413772720843553543e-02,4.344066679477691650e-01,-1.946884989738464355e-01,-8.542715013027191162e-02,7.704734206199645996e-01,-6.278666853904724121e-02,7.468231767416000366e-02,-6.839389912784099579e-03,-4.319858551025390625e-01,4.319354295730590820e-01,2.251762449741363525e-01,-6.494461297988891602e-01,-2.002779692411422729e-01,1.644899994134902954e-01
5.440047979354858398e-01,-1.284324526786804199e+00,7.425476908683776855e-01,-1.281776130199432373e-01,-1.499086022377014160e-01,7.661260366439819336e-01,-6.116769909858703613e-01,-1.001650214195251465e+00,2.762334048748016357e-01,8.426181226968765259e-02,1.320036292076110840e+00,-2.737930715084075928e-01,-6.661079823970794678e-02,-9.605236053466796875e-01,-1.303964257240295410e-01,-7.478141784667968750e-02,1.105518460273742676e+00,-4.803658127784729004e-01,1.698434799909591675e-01,1.007263883948326111e-01,1.012848019599914551e-01,-1.200090162456035614e-02,2.581304013729095459e-01,-6.971125304698944092e-02,-9.276314824819564819e-02,8.283689022064208984e-01,-4.077919572591781616e-02,7.470035552978515625e-02,1.115532498806715012e-02,-4.145320057868957520e-01,3.958653807640075684e-01,4.002903997898101807e-01,-7.207018136978149414e-01,-2.979909777641296387e-01,2.757765650749206543e-01
5.435756444931030273e-01,-1.285247683525085449e+00,7.431676983833312988e-01,-1.250616163015365601e-01,-1.457244306802749634e-01,7.633224725723266602e-01,-6.168166399002075195e-01,-9.971151351928710938e-01,2.856243848800659180e-01,1.117825210094451904e-01,1.324769616127014160e+00,-2.551676630973815918e-01,-5.109813809394836426e-02,-9.446979165077209473e-01,-1.358360052108764648e-01,-7.500435411930084229e-02,1.103774666786193848e+00,-4.868843853473663330e-01,1.707393079996109009e-01,9.002752602100372314e-02,9.093748033046722412e-02,2.019435726106166840e-02,1.092127487063407898e-01,-3.814123570919036865e-03,-1.133036687970161438e-01,9.118388891220092773e-01,-2.518699318170547485e-02,1.272149384021759033e-01,2.276761457324028015e-02,-3.667221069335937500e-01,3.294546902179718018e-01,6.062180399894714355e-01,-8.438588976860046387e-01,-3.469004333019256592e-01,4.094477593898773193e-01
5.467806458473205566e-01,-1.288451671600341797e+00,7.529286146163940430e-01,-1.187711656093597412e-01,-1.412515789270401001e-01,7.572438716888427734e-01,-6.265166401863098145e-01,-9.865571260452270508e-01,2.680858075618743896e-01,9.887035936117172241e-02,1.307673215866088867e+00,-2.044931799173355103e-01,-4.372453689575195312e-02,-8.939778804779052734e-01,-1.477442681789398193e-01,-8.969724178314208984e-02,1.053251385688781738e+00,-4.661399126052856445e-01,1.728530824184417725e-01,9.339749813079833984e-02,8.789201825857162476e-02,6.363932043313980103e-02,6.072068214416503906e-02,-6.691140681505203247e-02,-1.195658072829246521e-01,9.948440194129943848e-01,-1.107651088386774063e-02,1.795624345541000366e-01,5.203473195433616638e-02,-3.184607923030853271e-01,1.891538053750991821e-01,7.715930938720703125e-01,-8.518080115318298340e-01,-3.398285508155822754e-01,5.111892223358154297e-01
5.518215894699096680e-01,-1.293641090393066406e+00,7.690636515617370605e-01,-1.094445288181304932e-01,-1.359861940145492554e-01,7.485548257827758789e-01,-6.396837830543518066e-01,-9.627381563186645508e-01,2.158976942300796509e-01,3.366462513804435730e-02,1.265071988105773926e+00,-1.570295095443725586e-01,-6.234126538038253784e-02,-8.152310848236083984e-01,-1.619042754173278809e-01,-1.194488629698753357e-01,9.635974764823913574e-01,-4.095062017440795898e-01,1.753760874271392822e-01,9.780132770538330078e-02,8.926247805356979370e-02,1.093378067016601562e-01,8.963623642921447754e-02,-1.893845051527023315e-01,-1.171893030405044556e-01,1.113185048103332520e+00,-4.273023456335067749e-02,1.625801026821136475e-01,1.002508997917175293e-01,-2.865451872348785400e-01,6.786605715751647949e-02,8.994435071945190430e-01,-6.329702138900756836e-01,-4.014992713928222656e-01,5.235999822616577148e-01
5.596858859062194824e-01,-1.300279736518859863e+00,7.854927182197570801e-01,-9.862160682678222656e-02,-1.314223259687423706e-01,7.402592897415161133e-01,-6.519341468811035156e-01,-9.210149049758911133e-01,1.690221279859542847e-01,-3.264329954981803894e-02,1.203879594802856445e+00,-1.759354621171951294e-01,-1.120772957801818848e-01,-7.410559654235839844e-01,-1.750454306602478027e-01,-1.534427553415298462e-01,8.747386336326599121e-01,-3.036278486251831055e-01,1.724032908678054810e-01,8.617310225963592529e-02,1.012643352150917053e-01,1.570782363414764404e-01,1.332683116197586060e-01,-2.804571390151977539e-01,-1.200934275984764099e-01,1.219330310821533203e+00,-8.587089926004409790e-02,7.113298028707504272e-02,1.581530719995498657e-01,-2.850025296211242676e-01,1.543701533228158951e-02,9.783234596252441406e-01,-2.508563995361328125e-01,-4.507538676261901855e-01,4.321914017200469971e-01
5.686080455780029297e-01,-1.306361317634582520e+00,8.002221584320068359e-01,-9.390622377395629883e-02,-1.242985725402832031e-01,7.397654652595520020e-01,-6.545827388763427734e-01,-8.647322654724121094e-01,1.970567405223846436e-01,1.418187003582715988e-02,1.116150021553039551e+00,-2.200769484043121338e-01,-1.093163490295410156e-01,-6.958536505699157715e-01,-1.878425031900405884e-01,-1.656858921051025391e-01,8.070181012153625488e-01,-1.884418129920959473e-01,1.547320783138275146e-01,8.443774282932281494e-02,9.815616905689239502e-02,1.965085566043853760e-01,1.828296333551406860e-01,-3.406417965888977051e-01,-1.332892179489135742e-01,1.157891988754272461e+00,-1.262201666831970215e-01,8.310122415423393250e-03,2.129388898611068726e-01,-3.057204186916351318e-01,5.051753297448158264e-02,1.025014996528625488e+00,5.038451775908470154e-02,-4.217275381088256836e-01,3.277477622032165527e-01
5.775602459907531738e-01,-1.310931086540222168e+00,8.104749917984008789e-01,-9.288829565048217773e-02,-1.172027662396430969e-01,7.430195212364196777e-01,-6.523474454879760742e-01,-8.021222352981567383e-01,2.524949610233306885e-01,1.265681833028793335e-01,1.012209296226501465e+00,-2.629026472568511963e-01,-5.560765042901039124e-02,-6.688134074211120605e-01,-2.031144350767135620e-01,-1.761037111282348633e-01,7.598316073417663574e-01,-1.058679968118667603e-01,1.332259029150009155e-01,8.414947986602783203e-02,8.888154476881027222e-02,2.250671386718750000e-01,2.261982262134552002e-01,-3.721549510955810547e-01,-1.350258141756057739e-01,9.905631542205810547e-01,-1.623678058385848999e-01,-3.526025637984275818e-02,2.574604749679565430e-01,-3.405380249023437500e-01,1.535663008689880371e-01,1.044431209564208984e+00,1.246925219893455505e-01,-3.469009697437286377e-01,2.378213554620742798e-01
5.886657834053039551e-01,-1.313753724098205566e+00,8.142949938774108887e-01,-9.370689839124679565e-02,-1.129792481660842896e-01,7.466426491737365723e-01,-6.488292813301086426e-01,-7.456257343292236328e-01,2.864497601985931396e-01,2.303820997476577759e-01,9.037979841232299805e-01,-2.882021069526672363e-01,-2.700428478419780731e-02,-6.642928719520568848e-01,-2.252324074506759644e-01,-2.009725868701934814e-01,7.466761469841003418e-01,-5.971233546733856201e-02,1.055488213896751404e-01,8.129182457923889160e-02,8.262179791927337646e-02,2.366386950016021729e-01,2.672450542449951172e-01,-3.922137916088104248e-01,-1.329260021448135376e-01,8.704157471656799316e-01,-1.262016743421554565e-01,-4.759003221988677979e-02,2.954367399215698242e-01,-3.829459846019744873e-01,2.644585669040679932e-01,1.010601997375488281e+00,-1.109891571104526520e-02,-3.169165253639221191e-01,2.065425515174865723e-01
6.004959344863891602e-01,-1.316364645957946777e+00,8.118228912353515625e-01,-9.383267164230346680e-02,-1.101924255490303040e-01,7.472555041313171387e-01,-6.485848426818847656e-01,-7.030080556869506836e-01,2.864667475223541260e-01,2.825087606906890869e-01,7.957777380943298340e-01,-2.709332108497619629e-01,-5.119908228516578674e-02,-6.636131405830383301e-01,-2.516309916973114014e-01,-2.275311946868896484e-01,7.558022737503051758e-01,-5.986126512289047241e-02,1.021092683076858521e-01,6.940738111734390259e-02,7.899677008390426636e-02,2.321497052907943726e-01,3.111613094806671143e-01,-4.137196242809295654e-01,-1.314650624990463257e-01,8.731901049613952637e-01,-3.550019860267639160e-02,-1.748584955930709839e-02,3.316041529178619385e-01,-4.231105744838714600e-01,3.350211679935455322e-01,9.356099367141723633e-01,-2.471950203180313110e-01,-3.141453564167022705e-01,2.146811187267303467e-01
6.075103282928466797e-01,-1.315715909004211426e+00,8.082898855209350586e-01,-9.586180746555328369e-02,-1.103726029396057129e-01,7.388544678688049316e-01,-6.578164696693420410e-01,-7.083486914634704590e-01,2.638873755931854248e-01,2.572137415409088135e-01,7.622510194778442383e-01,-2.451452165842056274e-01,-9.377180039882659912e-02,-6.599573493003845215e-01,-2.755685150623321533e-01,-2.506826817989349365e-01,7.644191384315490723e-01,-9.015539288520812988e-02,1.183845028281211853e-01,3.551310300827026367e-02,7.700501382350921631e-02,1.977858096361160278e-01,3.538760542869567871e-01,-4.362320899963378906e-01,-1.207111179828643799e-01,8.773292899131774902e-01,2.208384685218334198e-02,1.161953713744878769e-02,3.476870059967041016e-01,-4.597023129463195801e-01,3.890510499477386475e-01,8.438071012496948242e-01,-4.366409778594970703e-01,-3.175499737262725830e-01,2.448165416717529297e-01
6.153569817543029785e-01,-1.310311079025268555e+00,8.013616800308227539e-01,-1.005318015813827515e-01,-1.170157864689826965e-01,7.290297746658325195e-01,-6.668704748153686523e-01,-7.597434520721435547e-01,2.530812323093414307e-01,2.417514622211456299e-01,8.033139705657958984e-01,-2.587678730487823486e-01,-8.417140692472457886e-02,-6.833255290985107422e-01,-2.919989526271820068e-01,-2.502062022686004639e-01,7.848939895629882812e-01,-1.062796190381050110e-01,1.335588246583938599e-01,2.783595118671655655e-03,7.599231600761413574e-02,1.338428258895874023e-01,3.911032080650329590e-01,-4.419962167739868164e-01,-1.010280326008796692e-01,8.594350814819335938e-01,1.308719813823699951e-02,1.240212377160787582e-02,3.255605399608612061e-01,-4.848805069923400879e-01,4.198078811168670654e-01,7.915263175964355469e-01,-4.943492710590362549e-01,-3.335208892822265625e-01,2.367440611124038696e-01
6.234327554702758789e-01,-1.302423238754272461e+00,7.951517701148986816e-01,-1.083908677101135254e-01,-1.241178885102272034e-01,7.214406728744506836e-01,-6.725842356681823730e-01,-8.208976387977600098e-01,2.382152825593948364e-01,2.242669463157653809e-01,8.457714915275573730e-01,-2.654717266559600830e-01,-7.367874681949615479e-02,-7.261805534362792969e-01,-3.103383481502532959e-01,-2.415369302034378052e-01,8.147354722023010254e-01,-1.142737269401550293e-01,1.369424760341644287e-01,-1.803019456565380096e-02,5.858311429619789124e-02,2.784305997192859650e-02,4.329597651958465576e-01,-4.638260602951049805e-01,-3.489317744970321655e-02,8.358219861984252930e-01,-1.409758906811475754e-02,2.240586653351783752e-02,2.435967624187469482e-01,-4.697917699813842773e-01,4.626406133174896240e-01,7.994354963302612305e-01,-4.743753075599670410e-01,-3.603512942790985107e-01,2.481881827116012573e-01
6.302211880683898926e-01,-1.302004814147949219e+00,7.910829782485961914e-01,-1.084142848849296570e-01,-1.240886896848678589e-01,7.106153964996337891e-01,-6.840131878852844238e-01,-8.484692573547363281e-01,2.120572775602340698e-01,1.957954019308090210e-01,8.795638084411621094e-01,-2.830100953578948975e-01,-5.822348222136497498e-02,-7.460887432098388672e-01,-3.371420204639434814e-01,-2.504898905754089355e-01,8.644077181816101074e-01,-1.175050288438796997e-01,1.112774908542633057e-01,-4.022970795631408691e-02,4.790773615241050720e-02,-9.442993998527526855e-02,4.318795502185821533e-01,-5.651311874389648438e-01,1.454141288995742798e-01,8.312693834304809570e-01,-1.240361668169498444e-02,9.055497497320175171e-02,1.445298045873641968e-01,-3.827050626277923584e-01,3.874549269676208496e-01,9.212791919708251953e-01,-4.150762856006622314e-01,-3.785820007324218750e-01,2.610191106796264648e-01
6.350427865982055664e-01,-1.304080605506896973e+00,7.938575148582458496e-01,-1.053936108946800232e-01,-1.197410598397254944e-01,7.071615457534790039e-01,-6.888227462768554688e-01,-8.274458050727844238e-01,1.913606822490692139e-01,1.861647516489028931e-01,8.605834841728210449e-01,-2.849941253662109375e-01,-4.838683456182479858e-02,-7.494464516639709473e-01,-3.560571968555450439e-01,-2.822732627391815186e-01,8.912640810012817383e-01,-1.008114293217658997e-01,-2.338671358302235603e-03,-4.192677140235900879e-02,2.984532341361045837e-02,-2.120406180620193481e-01,3.948516845703125000e-01,-6.783615946769714355e-01,4.188625216484069824e-01,8.126701712608337402e-01,4.613380506634712219e-02,2.196473032236099243e-01,6.897933036088943481e-02,-2.536570429801940918e-01,1.720770746469497681e-01,1.033044695854187012e+00,-3.854715228080749512e-01,-4.001250863075256348e-01,2.796553969383239746e-01
6.393243670463562012e-01,-1.307070970535278320e+00,7.997991442680358887e-01,-1.021643802523612976e-01,-1.127569153904914856e-01,7.115507721900939941e-01,-6.859619617462158203e-01,-7.823278307914733887e-01,1.789326965808868408e-01,1.962141096591949463e-01,8.164783716201782227e-01,-2.723288834095001221e-01,-4.237738251686096191e-02,-7.489679455757141113e-01,-3.599334955215454102e-01,-3.084041178226470947e-01,9.018002152442932129e-01,-8.993221819400787354e-02,-1.520797014236450195e-01,-1.655718125402927399e-02,5.840961355715990067e-03,-3.220629990100860596e-01,3.311655521392822266e-01,-7.439272403717041016e-01,7.609230279922485352e-01,7.544863820075988770e-01,1.618212610483169556e-01,3.388690948486328125e-01,1.460071001201868057e-02,-1.382009685039520264e-01,5.529785994440317154e-03,1.067165970802307129e+00,-2.604342401027679443e-01,-5.062927007675170898e-01,3.033156394958496094e-01
6.421473622322082520e-01,-1.311410427093505859e+00,8.067042231559753418e-01,-9.766214340925216675e-02,-1.075538545846939087e-01,7.154298424720764160e-01,-6.834138035774230957e-01,-7.326793670654296875e-01,1.713628768920898438e-01,2.062202244997024536e-01,7.631163001060485840e-01,-2.531142234802246094e-01,-3.942603990435600281e-02,-7.538361549377441406e-01,-3.082612752914428711e-01,-2.415626794099807739e-01,9.116527438163757324e-01,-9.144086390733718872e-02,-9.689168632030487061e-02,7.144358940422534943e-03,-1.372240576893091202e-02,-4.137783646583557129e-01,2.632026672363281250e-01,-6.942148804664611816e-01,1.100463032722473145e+00,6.785771250724792480e-01,2.824786305427551270e-01,3.993448019027709961e-01,-1.428983639925718307e-02,-8.795770257711410522e-02,7.872366905212402344e-02,1.062152624130249023e+00,9.396222233772277832e-02,-6.039323210716247559e-01,2.457770258188247681e-01
6.431543231010437012e-01,-1.316493511199951172e+00,8.121343255043029785e-01,-9.610714763402938843e-02,-1.034913584589958191e-01,7.152557373046875000e-01,-6.844429373741149902e-01,-6.928331851959228516e-01,1.603584140539169312e-01,2.121495604515075684e-01,7.141117453575134277e-01,-2.360613942146301270e-01,-3.940737247467041016e-02,-7.594386339187622070e-01,-2.282859385013580322e-01,-1.341467648744583130e-01,9.168027639389038086e-01,-9.599457681179046631e-02,-2.504854090511798859e-02,1.356386765837669373e-02,-3.639076650142669678e-02,-4.373909533023834229e-01,2.287260293960571289e-01,-5.085853338241577148e-01,1.226389646530151367e+00,6.316908001899719238e-01,2.989558577537536621e-01,5.156187415122985840e-01,-2.393558807671070099e-02,-6.378985941410064697e-02,2.130288630723953247e-01,1.048175334930419922e+00,1.872568875551223755e-01,-5.239629745483398438e-01,1.671149730682373047e-01
6.434526443481445312e-01,-1.321071624755859375e+00,8.158590197563171387e-01,-9.900694340467453003e-02,-9.817801415920257568e-02,7.104567289352416992e-01,-6.897897720336914062e-01,-6.611164808273315430e-01,1.402646750211715698e-01,2.194140851497650146e-01,6.663208603858947754e-01,-2.169730663299560547e-01,-4.043233767151832581e-02,-7.551417946815490723e-01,-1.814488172531127930e-01,-8.769455552101135254e-02,9.138569235801696777e-01,-1.169072687625885010e-01,3.753788769245147705e-02,-1.786321983672678471e-03,-6.056037917733192444e-02,-3.848751783370971680e-01,2.278235852718353271e-01,-3.062649965286254883e-01,1.156106352806091309e+00,5.527133941650390625e-01,3.250218629837036133e-01,5.235999822616577148e-01,-2.280124090611934662e-02,-5.998832359910011292e-02,2.790065407752990723e-01,1.012370586395263672e+00,-1.306708455085754395e-01,-4.103313088417053223e-01,1.248096525669097900e-01
6.430298089981079102e-01,-1.324673891067504883e+00,8.186807036399841309e-01,-1.037837490439414978e-01,-9.388417005538940430e-02,7.035785317420959473e-01,-6.967008113861083984e-01,-6.360254883766174316e-01,1.165039315819740295e-01,2.181365936994552612e-01,6.177659630775451660e-01,-1.955648511648178101e-01,-4.230939969420433044e-02,-7.437305450439453125e-01,-1.590068638324737549e-01,-9.500642120838165283e-02,8.948795199394226074e-01,-1.493867486715316772e-01,8.038976788520812988e-02,-1.697986014187335968e-02,-8.221202343702316284e-02,-3.320136070251464844e-01,2.583650350570678711e-01,-2.681528031826019287e-01,1.020727515220642090e+00,3.554078638553619385e-01,3.343815207481384277e-01,5.235999822616577148e-01,-2.579069137573242188e-02,-6.971187144517898560e-02,2.986560463905334473e-01,9.231184720993041992e-01,-4.971019625663757324e-01,-3.754834532737731934e-01,2.000674903392791748e-01
6.418210268020629883e-01,-1.328435420989990234e+00,8.202736973762512207e-01,-1.090484559535980225e-01,-8.890226483345031738e-02,6.979031562805175781e-01,-7.022364139556884766e-01,-6.106759905815124512e-01,9.360048174858093262e-02,2.162817269563674927e-01,5.712353587150573730e-01,-1.754996627569198608e-01,-4.583317413926124573e-02,-7.237233519554138184e-01,-1.489662975072860718e-01,-1.324674636125564575e-01,8.549926877021789551e-01,-1.824646592140197754e-01,9.366059303283691406e-02,-1.831991411745548248e-02,-1.050674617290496826e-01,-2.857879400253295898e-01,3.141640126705169678e-01,-3.329712450504302979e-01,9.510279893875122070e-01,1.260421425104141235e-01,2.928250432014465332e-01,3.657801747322082520e-01,-2.868297137320041656e-02,-8.765199780464172363e-02,2.824668288230895996e-01,8.402671813964843750e-01,-6.969733238220214844e-01,-3.419972956180572510e-01,2.761309742927551270e-01
6.415766477584838867e-01,-1.332819819450378418e+00,8.226701021194458008e-01,-1.149990186095237732e-01,-8.314126729965209961e-02,6.938748359680175781e-01,-7.059748768806457520e-01,-5.786547660827636719e-01,6.876233220100402832e-02,2.189660817384719849e-01,5.155158638954162598e-01,-1.522008031606674194e-01,-4.818479716777801514e-02,-6.841648221015930176e-01,-1.619008481502532959e-01,-2.299577146768569946e-01,7.870030403137207031e-01,-2.424482703208923340e-01,3.042181953787803650e-02,-1.079047098755836487e-02,-1.326910555362701416e-01,-2.478627264499664307e-01,3.720081150531768799e-01,-4.004880189895629883e-01,9.164029955863952637e-01,3.901355899870395660e-03,2.493157088756561279e-01,1.629187613725662231e-01,-3.699714690446853638e-02,-1.178290024399757385e-01,2.659651935100555420e-01,7.909035086631774902e-01,-6.532824635505676270e-01,-3.614952564239501953e-01,2.865682542324066162e-01
6.414019465446472168e-01,-1.337854981422424316e+00,8.249369263648986816e-01,-1.188151687383651733e-01,-7.751077413558959961e-02,6.927589178085327148e-01,-7.070785760879516602e-01,-5.528472065925598145e-01,5.261751264333724976e-02,2.263785749673843384e-01,4.826717078685760498e-01,-1.417527645826339722e-01,-5.014177039265632629e-02,-6.256546974182128906e-01,-1.908764690160751343e-01,-3.803351521492004395e-01,7.275671362876892090e-01,-3.152483105659484863e-01,-1.534979790449142456e-02,5.139483138918876648e-03,-1.600250154733657837e-01,-2.037249803543090820e-01,4.246446788311004639e-01,-4.292593896389007568e-01,8.564214110374450684e-01,2.986230887472629547e-02,2.428130656480789185e-01,6.442480534315109253e-02,-4.779140651226043701e-02,-1.556051522493362427e-01,2.711702287197113037e-01,7.853268980979919434e-01,-4.613595306873321533e-01,-4.144765138626098633e-01,2.601249814033508301e-01
6.414287686347961426e-01,-1.343783259391784668e+00,8.286070823669433594e-01,-1.186942309141159058e-01,-7.233390957117080688e-02,6.963081359863281250e-01,-7.041551470756530762e-01,-5.197362303733825684e-01,4.583578929305076599e-02,2.398673892021179199e-01,4.509654045104980469e-01,-1.320310980081558228e-01,-5.192721635103225708e-02,-5.780860781669616699e-01,-1.877543628215789795e-01,-4.070189595222473145e-01,6.736962199211120605e-01,-3.326429724693298340e-01,-1.443509571254253387e-02,3.684859722852706909e-02,-1.775346249341964722e-01,-1.518729925155639648e-01,4.540367722511291504e-01,-4.067243337631225586e-01,7.836737632751464844e-01,1.696870326995849609e-01,2.603013217449188232e-01,9.274633228778839111e-02,-5.777882039546966553e-02,-1.977633237838745117e-01,2.941495776176452637e-01,8.140462636947631836e-01,-2.453638017177581787e-01,-4.459021687507629395e-01,1.978334635496139526e-01
6.408218741416931152e-01,-1.349859237670898438e+00,8.307889699935913086e-01,-1.092172935605049133e-01,-7.229587435722351074e-02,6.944085955619812012e-01,-7.075603008270263672e-01,-5.017545223236083984e-01,5.699352920055389404e-02,2.306932210922241211e-01,4.531653225421905518e-01,-1.328128427267074585e-01,-5.327761918306350708e-02,-5.375509262084960938e-01,-1.685977131128311157e-01,-4.110328853130340576e-01,6.374100446701049805e-01,-3.210772871971130371e-01,-2.018803963437676430e-03,4.915266856551170349e-02,-1.563355028629302979e-01,-1.000574529170989990e-01,4.473193585872650146e-01,-3.528380393981933594e-01,7.421856522560119629e-01,3.339130878448486328e-01,2.691355645656585693e-01,1.662986427545547485e-01,-6.607286632061004639e-02,-2.478305250406265259e-01,3.121533095836639404e-01,8.508323431015014648e-01,-1.373291611671447754e-01,-4.345254600048065186e-01,1.701991558074951172e-01
6.388065814971923828e-01,-1.356397390365600586e+00,8.311280012130737305e-01,-9.779538959264755249e-02,-7.273305207490921021e-02,6.968051195144653320e-01,-7.068299651145935059e-01,-4.909584224224090576e-01,8.036510646343231201e-02,2.294096201658248901e-01,4.794826805591583252e-01,-1.446235775947570801e-01,-5.615236982703208923e-02,-5.047591924667358398e-01,-1.467030495405197144e-01,-4.176808893680572510e-01,6.187726259231567383e-01,-3.111896514892578125e-01,7.185205351561307907e-03,6.860501319169998169e-02,-1.220152303576469421e-01,-5.660171806812286377e-02,4.102683663368225098e-01,-2.998054325580596924e-01,7.466217875480651855e-01,4.831192195415496826e-01,2.978422343730926514e-01,2.469868808984756470e-01,-6.922587752342224121e-02,-3.010609745979309082e-01,3.164584040641784668e-01,8.880536556243896484e-01,-1.377816051244735718e-01,-3.935471773147583008e-01,1.698374003171920776e-01
6.370970010757446289e-01,-1.362764358520507812e+00,8.310679197311401367e-01,-8.862829208374023438e-02,-7.281596213579177856e-02,7.011985182762145996e-01,-7.036785483360290527e-01,-4.845951199531555176e-01,1.028471514582633972e-01,2.342849224805831909e-01,5.123733282089233398e-01,-1.624158024787902832e-01,-5.922666937112808228e-02,-4.758524894714355469e-01,-1.260199546813964844e-01,-4.190346300601959229e-01,5.990253090858459473e-01,-3.015477061271667480e-01,1.051237434148788452e-02,8.515942096710205078e-02,-9.397013485431671143e-02,-1.843383535742759705e-02,3.601565659046173096e-01,-2.520145773887634277e-01,7.739878892898559570e-01,5.816282629966735840e-01,3.373331129550933838e-01,3.252055048942565918e-01,-7.279621809720993042e-02,-3.509764373302459717e-01,3.311843872070312500e-01,9.103170633316040039e-01,-2.077514976263046265e-01,-3.512763381004333496e-01,1.884979903697967529e-01
