8.489529136568307877e-04,-5.637289723381400108e-04,8.576800823211669922e-01,3.371624625287950039e-04,1.278186391573399305e-05,-3.312649278086610138e-05,9.999999403953552246e-01,5.212793475948274136e-04,-3.531781584024429321e-02,5.177469574846327305e-05,9.995796717703342438e-04,-1.301261247135698795e-03,3.385863080620765686e-02,1.499241101555526257e-03,3.533029928803443909e-02,1.067077027983032167e-04,-8.997218683362007141e-04,-5.830862792208790779e-04,-3.518501669168472290e-02,6.624578236369416118e-05,-6.742398836649954319e-04,4.637430608272552490e-02,1.569932222366333008e+00,4.639629647135734558e-02,1.509685635566711426e+00,-4.900080966763198376e-04,4.773760156240314245e-04,9.474278986454010010e-02,4.635840281844139099e-02,-1.569932341575622559e+00,-4.638039693236351013e-02,1.509685635566711426e+00,4.900164785794913769e-04,-4.773685941472649574e-04,9.474279731512069702e-02
-6.334556639194488525e-02,2.917296951636672020e-03,7.476778030395507812e-01,1.069392357021570206e-02,-1.466602552682161331e-03,-2.604628354310989380e-02,9.996024370193481445e-01,-7.289358377456665039e-01,1.588705927133560181e-01,1.996077597141265869e-01,7.224819064140319824e-01,1.211979016661643982e-01,-2.058397512882947922e-03,-7.448977231979370117e-01,-1.184535697102546692e-01,-2.507586479187011719e-01,6.953216791152954102e-01,9.034693986177444458e-02,-5.939804762601852417e-02,6.529983133077621460e-02,-3.581971302628517151e-02,-2.032158821821212769e-01,3.961043953895568848e-01,2.112529724836349487e-01,1.352378487586975098e+00,4.516927599906921387e-01,2.848812937736511230e-02,1.818233542144298553e-02,-1.711448132991790771e-01,-2.900807559490203857e-01,-7.282023131847381592e-02,1.213440775871276855e+00,-7.549130320549011230e-01,-2.476546913385391235e-01,-5.847047269344329834e-02
-5.203694105148315430e-02,1.588635519146919250e-02,5.227895379066467285e-01,3.095063753426074982e-02,4.054835531860589981e-03,-1.244446448981761932e-02,9.994352459907531738e-01,-1.399894833564758301e+00,2.996317744255065918e-01,1.852984428405761719e-01,1.768203616142272949e+00,-2.837030291557312012e-01,7.660795748233795166e-02,-1.457134723663330078e+00,-3.294421136379241943e-01,-1.310095489025115967e-01,1.765649795532226562e+00,-3.240610361099243164e-01,-1.490043252706527710e-01,3.827112913131713867e-02,-7.652503252029418945e-02,-2.127600461244583130e-01,3.951921463012695312e-01,2.146724611520767212e-01,1.313731074333190918e+00,7.564969062805175781e-01,1.934305205941200256e-02,3.903207555413246155e-02,-1.793412268161773682e-01,-2.874946594238281250e-01,-7.810041308403015137e-02,1.138705492019653320e+00,-1.303178906440734863e+00,-2.734790146350860596e-01,9.222054481506347656e-02
-5.116444081068038940e-02,1.598317734897136688e-02,5.201675295829772949e-01,3.187054768204689026e-02,4.026257898658514023e-03,-9.806992486119270325e-03,9.994357824325561523e-01,-1.400077223777770996e+00,2.947285175323486328e-01,1.875630468130111694e-01,1.773845195770263672e+00,-3.022385537624359131e-01,7.719791680574417114e-02,-1.462013959884643555e+00,-3.366602361202239990e-01,-1.280810236930847168e-01,1.775294542312622070e+00,-3.380544781684875488e-01,-1.483093053102493286e-01,3.263418376445770264e-02,-7.818516343832015991e-02,-2.124774754047393799e-01,3.949494659900665283e-01,2.155205309391021729e-01,1.312165856361389160e+00,7.589029073715209961e-01,1.909909769892692566e-02,4.006532952189445496e-02,-1.781668365001678467e-01,-2.878778576850891113e-01,-7.819280028343200684e-02,1.133415818214416504e+00,-1.307478547096252441e+00,-2.675644755363464355e-01,9.688187390565872192e-02
-5.063348263502120972e-02,1.601551473140716553e-02,5.184738039970397949e-01,3.242749348282814026e-02,3.987147938460111618e-03,-8.012303151190280914e-03,9.994339942932128906e-01,-1.398047089576721191e+00,2.912049293518066406e-01,1.894309818744659424e-01,1.775865077972412109e+00,-3.162079751491546631e-01,7.700461894273757935e-02,-1.463958144187927246e+00,-3.416242003440856934e-01,-1.269523650407791138e-01,1.779802322387695312e+00,-3.438118696212768555e-01,-1.480326056480407715e-01,2.886010147631168365e-02,-7.911301404237747192e-02,-2.119012027978897095e-01,3.948304653167724609e-01,2.164092510938644409e-01,1.310946941375732422e+00,7.607811689376831055e-01,1.927740871906280518e-02,4.054794088006019592e-02,-1.775087118148803711e-01,-2.881449162960052490e-01,-7.805704325437545776e-02,1.129446268081665039e+00,-1.309209585189819336e+00,-2.635070681571960449e-01,9.931892901659011841e-02
-5.019720643758773804e-02,1.578979939222335815e-02,5.172897577285766602e-01,3.280166536569595337e-02,4.028620664030313492e-03,-6.899456959217786789e-03,9.994299411773681641e-01,-1.395706772804260254e+00,2.889908850193023682e-01,1.907278597354888916e-01,1.776759266853332520e+00,-3.274753987789154053e-01,7.650842517614364624e-02,-1.464881896972656250e+00,-3.451351225376129150e-01,-1.267677843570709229e-01,1.781987428665161133e+00,-3.454247117042541504e-01,-1.483316421508789062e-01,2.609777078032493591e-02,-7.968086749315261841e-02,-2.114051282405853271e-01,3.947553038597106934e-01,2.174836099147796631e-01,1.310176968574523926e+00,7.619065046310424805e-01,1.942999288439750671e-02,4.100921005010604858e-02,-1.767636388540267944e-01,-2.885031402111053467e-01,-7.753100991249084473e-02,1.126477479934692383e+00,-1.309822559356689453e+00,-2.604018449783325195e-01,1.005633547902107239e-01
-4.975521564483642578e-02,1.569957472383975983e-02,5.162541270256042480e-01,3.309637308120727539e-02,3.996292129158973694e-03,-6.259710993617773056e-03,9.994245767593383789e-01,-1.393323421478271484e+00,2.875068783760070801e-01,1.916056126356124878e-01,1.777407050132751465e+00,-3.370388150215148926e-01,7.583257555961608887e-02,-1.465075850486755371e+00,-3.478665053844451904e-01,-1.269762814044952393e-01,1.782818675041198730e+00,-3.445164561271667480e-01,-1.487895548343658447e-01,2.429265528917312622e-02,-7.991553843021392822e-02,-2.106464505195617676e-01,3.944754898548126221e-01,2.188108116388320923e-01,1.309482097625732422e+00,7.625267505645751953e-01,1.935518719255924225e-02,4.136145859956741333e-02,-1.764708906412124634e-01,-2.888180911540985107e-01,-7.664155215024948120e-02,1.124251127243041992e+00,-1.310004949569702148e+00,-2.582361400127410889e-01,1.012902632355690002e-01
-4.935010150074958801e-02,1.574702374637126923e-02,5.154454112052917480e-01,3.328922390937805176e-02,3.962230868637561798e-03,-5.963024217635393143e-03,9.994201064109802246e-01,-1.391106128692626953e+00,2.860705554485321045e-01,1.922798901796340942e-01,1.777955770492553711e+00,-3.453227281570434570e-01,7.508599013090133667e-02,-1.464959144592285156e+00,-3.500901758670806885e-01,-1.274086087942123413e-01,1.783092856407165527e+00,-3.424297869205474854e-01,-1.493788063526153564e-01,2.299196831881999969e-02,-7.994490116834640503e-02,-2.099877297878265381e-01,3.941992819309234619e-01,2.193739116191864014e-01,1.309137463569641113e+00,7.622998952865600586e-01,1.893884874880313873e-02,4.192167520523071289e-02,-1.760554909706115723e-01,-2.892279326915740967e-01,-7.623331993818283081e-02,1.122665762901306152e+00,-1.309872388839721680e+00,-2.567170858383178711e-01,1.017677783966064453e-01
-4.896546527743339539e-02,1.588296331465244293e-02,5.148103833198547363e-01,3.335754945874214172e-02,3.935747314244508743e-03,-5.783227737993001938e-03,9.994189739227294922e-01,-1.389354348182678223e+00,2.851737439632415771e-01,1.929015219211578369e-01,1.778686881065368652e+00,-3.519342541694641113e-01,7.448810338973999023e-02,-1.465039968490600586e+00,-3.521279990673065186e-01,-1.277291923761367798e-01,1.783137679100036621e+00,-3.398135006427764893e-01,-1.498478502035140991e-01,2.210812456905841827e-02,-7.989944517612457275e-02,-2.094510346651077271e-01,3.940817713737487793e-01,2.199430614709854126e-01,1.308716535568237305e+00,7.614220380783081055e-01,1.837000809609889984e-02,4.254748672246932983e-02,-1.758334934711456299e-01,-2.892944812774658203e-01,-7.571047544479370117e-02,1.121348023414611816e+00,-1.310073852539062500e+00,-2.555854320526123047e-01,1.020530313253402710e-01
-4.858564585447311401e-02,1.610721834003925323e-02,5.142222046852111816e-01,3.344475105404853821e-02,3.825784893706440926e-03,-5.718720611184835434e-03,9.994168877601623535e-01,-1.388043642044067383e+00,2.841449677944183350e-01,1.932182461023330688e-01,1.779414892196655273e+00,-3.570524752140045166e-01,7.415335625410079956e-02,-1.465242028236389160e+00,-3.537916243076324463e-01,-1.280015707015991211e-01,1.783504962921142578e+00,-3.371788859367370605e-01,-1.499297320842742920e-01,2.146399207413196564e-02,-7.971197366714477539e-02,-2.090393453836441040e-01,3.942077159881591797e-01,2.199868559837341309e-01,1.308488845825195312e+00,7.598857283592224121e-01,1.731444709002971649e-02,4.372867569327354431e-02,-1.756388694047927856e-01,-2.891847491264343262e-01,-7.518704980611801147e-02,1.120312213897705078e+00,-1.310177206993103027e+00,-2.548561990261077881e-01,1.023244410753250122e-01
-4.827263951301574707e-02,1.650379225611686707e-02,5.136956572532653809e-01,3.339021652936935425e-02,3.974474035203456879e-03,-5.773205310106277466e-03,9.994178414344787598e-01,-1.387751936912536621e+00,2.832500934600830078e-01,1.935440152883529663e-01,1.780077576637268066e+00,-3.599619269371032715e-01,7.409202307462692261e-02,-1.465874195098876953e+00,-3.553087115287780762e-01,-1.277722716331481934e-01,1.783809304237365723e+00,-3.348962068557739258e-01,-1.500909030437469482e-01,2.103333175182342529e-02,-7.960311323404312134e-02,-2.084108293056488037e-01,3.945657014846801758e-01,2.200458496809005737e-01,1.307921767234802246e+00,7.582055926322937012e-01,1.605102606117725372e-02,4.459668695926666260e-02,-1.757177263498306274e-01,-2.890823483467102051e-01,-7.473825663328170776e-02,1.119652390480041504e+00,-1.310227870941162109e+00,-2.542781829833984375e-01,1.025507003068923950e-01
-4.790072888135910034e-02,1.683196239173412323e-02,5.133833289146423340e-01,3.338928893208503723e-02,3.957219421863555908e-03,-5.752952303737401962e-03,9.994180202484130859e-01,-1.387909650802612305e+00,2.826839387416839600e-01,1.937353461980819702e-01,1.780990242958068848e+00,-3.602136969566345215e-01,7.439950853586196899e-02,-1.466193079948425293e+00,-3.563396036624908447e-01,-1.275446712970733643e-01,1.784142732620239258e+00,-3.329823911190032959e-01,-1.499774008989334106e-01,2.047228440642356873e-02,-7.942467927932739258e-02,-2.075469493865966797e-01,3.948519229888916016e-01,2.202949374914169312e-01,1.306905746459960938e+00,7.566164135932922363e-01,1.532341539859771729e-02,4.544864967465400696e-02,-1.755564808845520020e-01,-2.891247272491455078e-01,-7.403671741485595703e-02,1.119065761566162109e+00,-1.310247182846069336e+00,-2.539122998714447021e-01,1.025878787040710449e-01
-4.768505692481994629e-02,1.713134348392486572e-02,5.131435990333557129e-01,3.338097035884857178e-02,3.949693869799375534e-03,-5.743396934121847153e-03,9.994183778762817383e-01,-1.388930201530456543e+00,2.822362482547760010e-01,1.937222778797149658e-01,1.781774759292602539e+00,-3.580453097820281982e-01,7.505705952644348145e-02,-1.466257214546203613e+00,-3.571691811084747314e-01,-1.274338364601135254e-01,1.784337520599365234e+00,-3.315640389919281006e-01,-1.498608887195587158e-01,2.026643604040145874e-02,-7.957547158002853394e-02,-2.070206254720687866e-01,3.952227532863616943e-01,2.195888906717300415e-01,1.306117177009582520e+00,7.553940415382385254e-01,1.438724528998136520e-02,4.626883938908576965e-02,-1.751593202352523804e-01,-2.889643609523773193e-01,-7.413404434919357300e-02,1.118326783180236816e+00,-1.310246825218200684e+00,-2.536416947841644287e-01,1.026608273386955261e-01
-4.742172360420227051e-02,1.734606549143791199e-02,5.131185650825500488e-01,3.331305086612701416e-02,4.027687478810548782e-03,-5.684540607035160065e-03,9.994207024574279785e-01,-1.390573263168334961e+00,2.819246053695678711e-01,1.937333345413208008e-01,1.782490134239196777e+00,-3.541286885738372803e-01,7.574305683374404907e-02,-1.466235160827636719e+00,-3.579667508602142334e-01,-1.273195296525955200e-01,1.784402847290039062e+00,-3.304848074913024902e-01,-1.496369391679763794e-01,1.997002772986888885e-02,-7.944381237030029297e-02,-2.061942964792251587e-01,3.954438567161560059e-01,2.191504240036010742e-01,1.305197954177856445e+00,7.544211745262145996e-01,1.405628956854343414e-02,4.691341519355773926e-02,-1.750505268573760986e-01,-2.889108061790466309e-01,-7.382468879222869873e-02,1.117412805557250977e+00,-1.310258030891418457e+00,-2.534685134887695312e-01,1.027710288763046265e-01
-4.731618240475654602e-02,1.755809970200061798e-02,5.131027102470397949e-01,3.318975120782852173e-02,4.022344015538692474e-03,-5.533148068934679031e-03,9.994256496429443359e-01,-1.392440795898437500e+00,2.813850045204162598e-01,1.935141235589981079e-01,1.783021688461303711e+00,-3.489685654640197754e-01,7.656367123126983643e-02,-1.466022372245788574e+00,-3.585856854915618896e-01,-1.275466084480285645e-01,1.784129142761230469e+00,-3.295741081237792969e-01,-1.493160575628280640e-01,1.965728774666786194e-02,-7.936748117208480835e-02,-2.056445777416229248e-01,3.957688510417938232e-01,2.180484533309936523e-01,1.304493427276611328e+00,7.537543177604675293e-01,1.370662450790405273e-02,4.745767638087272644e-02,-1.739863753318786621e-01,-2.888429760932922363e-01,-7.446023076772689819e-02,1.116365313529968262e+00,-1.310239076614379883e+00,-2.532759606838226318e-01,1.027811914682388306e-01
-4.725886508822441101e-02,1.765753142535686493e-02,5.130733847618103027e-01,3.297371044754981995e-02,4.097391851246356964e-03,-5.282137077301740646e-03,9.994338750839233398e-01,-1.394519448280334473e+00,2.810099422931671143e-01,1.928349435329437256e-01,1.783493518829345703e+00,-3.437571525573730469e-01,7.747782021760940552e-02,-1.465805649757385254e+00,-3.593703210353851318e-01,-1.276788115501403809e-01,1.783852934837341309e+00,-3.289171457290649414e-01,-1.492196172475814819e-01,1.915462687611579895e-02,-7.910880446434020996e-02,-2.051861882209777832e-01,3.961274325847625732e-01,2.170933037996292114e-01,1.304032683372497559e+00,7.532065510749816895e-01,1.364494580775499344e-02,4.781289771199226379e-02,-1.737488955259323120e-01,-2.888726890087127686e-01,-7.454540580511093140e-02,1.115558743476867676e+00,-1.310227036476135254e+00,-2.530091702938079834e-01,1.027976125478744507e-01
-4.721263423562049866e-02,1.774545200169086456e-02,5.130602121353149414e-01,3.279762715101242065e-02,4.184850957244634628e-03,-5.011656321585178375e-03,9.994406700134277344e-01,-1.396503090858459473e+00,2.803652584552764893e-01,1.921886205673217773e-01,1.783820748329162598e+00,-3.389651775360107422e-01,7.807532697916030884e-02,-1.465794324874877930e+00,-3.604262471199035645e-01,-1.283396929502487183e-01,1.783755540847778320e+00,-3.284926712512969971e-01,-1.491034477949142456e-01,1.895185559988021851e-02,-7.893240451812744141e-02,-2.049652189016342163e-01,3.963613510131835938e-01,2.159858494997024536e-01,1.303466677665710449e+00,7.529246211051940918e-01,1.410628017038106918e-02,4.804540425539016724e-02,-1.731802523136138916e-01,-2.886987924575805664e-01,-7.463034242391586304e-02,1.114554047584533691e+00,-1.309893131256103516e+00,-2.528479099273681641e-01,1.029360964894294739e-01
-4.724538326263427734e-02,1.779310032725334167e-02,5.130414366722106934e-01,3.258307650685310364e-02,4.180326592177152634e-03,-4.641074221581220627e-03,9.994494915008544922e-01,-1.398109316825866699e+00,2.797001600265502930e-01,1.916898638010025024e-01,1.783997774124145508e+00,-3.347184360027313232e-01,7.886755466461181641e-02,-1.465679883956909180e+00,-3.611875772476196289e-01,-1.289711147546768188e-01,1.783674836158752441e+00,-3.280470073223114014e-01,-1.490405946969985962e-01,1.838991045951843262e-02,-7.867820560932159424e-02,-2.042203396558761597e-01,3.965312540531158447e-01,2.150319516658782959e-01,1.302668213844299316e+00,7.527403831481933594e-01,1.479949895292520523e-02,4.789632186293601990e-02,-1.721685230731964111e-01,-2.886199653148651123e-01,-7.441464066505432129e-02,1.113377451896667480e+00,-1.309334754943847656e+00,-2.528561353683471680e-01,1.029280722141265869e-01
-4.737363755702972412e-02,1.782660558819770813e-02,5.129947662353515625e-01,3.234405815601348877e-02,4.259565845131874084e-03,-4.216996952891349792e-03,9.994588494300842285e-01,-1.399842739105224609e+00,2.793403267860412598e-01,1.910398006439208984e-01,1.784158349037170410e+00,-3.311432301998138428e-01,7.952044159173965454e-02,-1.465722203254699707e+00,-3.621355593204498291e-01,-1.294242739677429199e-01,1.783875465393066406e+00,-3.277614712715148926e-01,-1.491753906011581421e-01,1.788065396249294281e-02,-7.837744057178497314e-02,-2.039423584938049316e-01,3.966899812221527100e-01,2.141905874013900757e-01,1.301937460899353027e+00,7.529236078262329102e-01,1.574821583926677704e-02,4.753363877534866333e-02,-1.713953912258148193e-01,-2.887964546680450439e-01,-7.450401782989501953e-02,1.112459063529968262e+00,-1.308789253234863281e+00,-2.527661025524139404e-01,1.029328107833862305e-01
-4.742259904742240906e-02,1.782866939902305603e-02,5.129142403602600098e-01,3.212346509099006653e-02,4.345409106463193893e-03,-3.714347025379538536e-03,9.994675517082214355e-01,-1.401297330856323242e+00,2.789078354835510254e-01,1.906380951404571533e-01,1.784356474876403809e+00,-3.283211886882781982e-01,8.007963746786117554e-02,-1.465834736824035645e+00,-3.629701733589172363e-01,-1.300521492958068848e-01,1.783836245536804199e+00,-3.275595307350158691e-01,-1.491618603467941284e-01,1.739150844514369965e-02,-7.811272889375686646e-02,-2.034806907176971436e-01,3.970404863357543945e-01,2.133646309375762939e-01,1.301486015319824219e+00,7.533413767814636230e-01,1.687425747513771057e-02,4.693605750799179077e-02,-1.702661961317062378e-01,-2.891224622726440430e-01,-7.461121678352355957e-02,1.111349582672119141e+00,-1.308141469955444336e+00,-2.526369988918304443e-01,1.030097976326942444e-01
-4.753817617893218994e-02,1.788350380957126617e-02,5.127575397491455078e-01,3.188651800155639648e-02,4.345759283751249313e-03,-3.314445959404110909e-03,9.994765520095825195e-01,-1.402552008628845215e+00,2.785482406616210938e-01,1.902421563863754272e-01,1.784591317176818848e+00,-3.259278535842895508e-01,8.067394047975540161e-02,-1.465679407119750977e+00,-3.638935685157775879e-01,-1.306524127721786499e-01,1.783835172653198242e+00,-3.272203207015991211e-01,-1.492003053426742554e-01,1.694605313241481781e-02,-7.764033973217010498e-02,-2.026455998420715332e-01,3.971436619758605957e-01,2.130956798791885376e-01,1.301051974296569824e+00,7.537280321121215820e-01,1.810830272734165192e-02,4.620910808444023132e-02,-1.689043343067169189e-01,-2.892101705074310303e-01,-7.437732815742492676e-02,1.110112071037292480e+00,-1.307609319686889648e+00,-2.527491748332977295e-01,1.030675619840621948e-01
-4.765035212039947510e-02,1.794515736401081085e-02,5.127112269401550293e-01,3.166191279888153076e-02,4.427040461450815201e-03,-2.996432827785611153e-03,9.994843602180480957e-01,-1.403641104698181152e+00,2.780590653419494629e-01,1.895444542169570923e-01,1.784690737724304199e+00,-3.240510225296020508e-01,8.114843070507049561e-02,-1.465992689132690430e+00,-3.646287322044372559e-01,-1.310892403125762939e-01,1.784017682075500488e+00,-3.269544541835784912e-01,-1.492224633693695068e-01,1.664814166724681854e-02,-7.736591249704360962e-02,-2.025992274284362793e-01,3.972463309764862061e-01,2.125312685966491699e-01,1.300291895866394043e+00,7.549051642417907715e-01,1.994458399713039398e-02,4.498594999313354492e-02,-1.679950356483459473e-01,-2.893159389495849609e-01,-7.430572062730789185e-02,1.109080076217651367e+00,-1.306866765022277832e+00,-2.528016269207000732e-01,1.031140387058258057e-01
-4.775930196046829224e-02,1.797172799706459045e-02,5.126443505287170410e-01,3.147112578153610229e-02,4.431253299117088318e-03,-2.647918649017810822e-03,9.994913339614868164e-01,-1.404664993286132812e+00,2.775772213935852051e-01,1.893113553524017334e-01,1.784785985946655273e+00,-3.225614726543426514e-01,8.157415688037872314e-02,-1.465888381004333496e+00,-3.653438389301300049e-01,-1.313920915126800537e-01,1.783928632736206055e+00,-3.266316056251525879e-01,-1.490305215120315552e-01,1.647579297423362732e-02,-7.698957622051239014e-02,-2.024667859077453613e-01,3.971352875232696533e-01,2.118809074163436890e-01,1.299518227577209473e+00,7.562274932861328125e-01,2.196254022419452667e-02,4.375148564577102661e-02,-1.671048998832702637e-01,-2.899475991725921631e-01,-7.416835427284240723e-02,1.108318448066711426e+00,-1.305813431739807129e+00,-2.527394294738769531e-01,1.031779125332832336e-01
-4.779297858476638794e-02,1.799978874623775482e-02,5.126078724861145020e-01,3.132368996739387512e-02,4.433185327798128128e-03,-2.259996952489018440e-03,9.994968771934509277e-01,-1.405310034751892090e+00,2.772917747497558594e-01,1.888804435729980469e-01,1.784887075424194336e+00,-3.213935792446136475e-01,8.194607496261596680e-02,-1.465953230857849121e+00,-3.659482002258300781e-01,-1.315343230962753296e-01,1.784018635749816895e+00,-3.264905214309692383e-01,-1.489568650722503662e-01,1.622703671455383301e-02,-7.652582973241806030e-02,-2.021502405405044556e-01,3.968904018402099609e-01,2.115854620933532715e-01,1.298741579055786133e+00,7.578198313713073730e-01,2.410711906850337982e-02,4.242134839296340942e-02,-1.665154099464416504e-01,-2.903463840484619141e-01,-7.363835722208023071e-02,1.107366800308227539e+00,-1.305020809173583984e+00,-2.527172565460205078e-01,1.033574268221855164e-01
-4.787746816873550415e-02,1.802248880267143250e-02,5.125620365142822266e-01,3.120588883757591248e-02,4.430592060089111328e-03,-2.042043954133987427e-03,9.995010495185852051e-01,-1.405871510505676270e+00,2.767439186573028564e-01,1.886314004659652710e-01,1.784810066223144531e+00,-3.204207718372344971e-01,8.218098431825637817e-02,-1.466020464897155762e+00,-3.663622438907623291e-01,-1.316738724708557129e-01,1.783863782882690430e+00,-3.262550234794616699e-01,-1.489155888557434082e-01,1.596710272133350372e-02,-7.628779113292694092e-02,-2.014147043228149414e-01,3.967327475547790527e-01,2.117470353841781616e-01,1.297664880752563477e+00,7.599663734436035156e-01,2.652426809072494507e-02,4.079733788967132568e-02,-1.655649095773696899e-01,-2.906683981418609619e-01,-7.374306768178939819e-02,1.106571912765502930e+00,-1.304289817810058594e+00,-2.526562213897705078e-01,1.034088507294654846e-01
-4.789757356047630310e-02,1.804408244788646698e-02,5.125338435173034668e-01,3.115046024322509766e-02,4.432921763509511948e-03,-1.843992737121880054e-03,9.995031952857971191e-01,-1.406185269355773926e+00,2.762266695499420166e-01,1.886327862739562988e-01,1.784721255302429199e+00,-3.197256624698638916e-01,8.237218856811523438e-02,-1.465939998626708984e+00,-3.667544424533843994e-01,-1.318190544843673706e-01,1.783875942230224609e+00,-3.261307775974273682e-01,-1.488676667213439941e-01,1.591989770531654358e-02,-7.600523531436920166e-02,-2.010872960090637207e-01,3.963584899902343750e-01,2.116470634937286377e-01,1.296298503875732422e+00,7.633554935455322266e-01,3.005043603479862213e-02,3.898506239056587219e-02,-1.650363355875015259e-01,-2.911423146724700928e-01,-7.359302788972854614e-02,1.105883955955505371e+00,-1.303565621376037598e+00,-2.524171769618988037e-01,1.034258380532264709e-01
-4.798277840018272400e-02,1.807696186006069183e-02,5.125367045402526855e-01,3.122045658528804779e-02,4.430342465639114380e-03,-1.683399430476129055e-03,9.995012879371643066e-01,-1.406336545944213867e+00,2.759467065334320068e-01,1.885679215192794800e-01,1.784632563591003418e+00,-3.190497756004333496e-01,8.250770717859268188e-02,-1.466127991676330566e+00,-3.671711087226867676e-01,-1.320113688707351685e-01,1.784073472023010254e+00,-3.260618746280670166e-01,-1.488272994756698608e-01,1.577913574874401093e-02,-7.579497992992401123e-02,-2.007790952920913696e-01,3.961164057254791260e-01,2.119963914155960083e-01,1.295478701591491699e+00,7.672600150108337402e-01,3.355550393462181091e-02,3.698598220944404602e-02,-1.645682752132415771e-01,-2.914219200611114502e-01,-7.326608151197433472e-02,1.105339765548706055e+00,-1.302988409996032715e+00,-2.521567940711975098e-01,1.036143153905868530e-01
-4.798019677400588989e-02,1.800974830985069275e-02,5.125434994697570801e-01,3.128860890865325928e-02,4.516032058745622635e-03,-1.547801424749195576e-03,9.994989633560180664e-01,-1.406597852706909180e+00,2.756083905696868896e-01,1.885229200124740601e-01,1.784530997276306152e+00,-3.185345530509948730e-01,8.251275122165679932e-02,-1.466258406639099121e+00,-3.674911260604858398e-01,-1.319136172533035278e-01,1.784091472625732422e+00,-3.259480297565460205e-01,-1.488542854785919189e-01,1.566972024738788605e-02,-7.593472301959991455e-02,-2.003219872713088989e-01,3.960028886795043945e-01,2.123554944992065430e-01,1.294539332389831543e+00,7.709919214248657227e-01,3.705295920372009277e-02,3.512082621455192566e-02,-1.639596521854400635e-01,-2.916340231895446777e-01,-7.348489761352539062e-02,1.104795098304748535e+00,-1.302663803100585938e+00,-2.520582973957061768e-01,1.035793721675872803e-01
-4.797258973121643066e-02,1.799969561398029327e-02,5.125473141670227051e-01,3.136323392391204834e-02,4.512869752943515778e-03,-1.350245205685496330e-03,9.994969367980957031e-01,-1.406687140464782715e+00,2.755133211612701416e-01,1.887596398591995239e-01,1.784325718879699707e+00,-3.179858326911926270e-01,8.263594657182693481e-02,-1.466390609741210938e+00,-3.676116764545440674e-01,-1.317556947469711304e-01,1.784026980400085449e+00,-3.259491622447967529e-01,-1.489789485931396484e-01,1.545306388288736343e-02,-7.591217756271362305e-02,-1.999178826808929443e-01,3.957103490829467773e-01,2.125491648912429810e-01,1.293779611587524414e+00,7.746822834014892578e-01,4.040770977735519409e-02,3.367398679256439209e-02,-1.638682335615158081e-01,-2.919210195541381836e-01,-7.310728728771209717e-02,1.104357481002807617e+00,-1.302337050437927246e+00,-2.518672943115234375e-01,1.037440448999404907e-01
-4.797516763210296631e-02,1.792369596660137177e-02,5.125685930252075195e-01,3.147220239043235779e-02,4.518682137131690979e-03,-1.279465039260685444e-03,9.994935989379882812e-01,-1.406795263290405273e+00,2.754018604755401611e-01,1.888758689165115356e-01,1.784315466880798340e+00,-3.174644410610198975e-01,8.260438591241836548e-02,-1.466465592384338379e+00,-3.677670955657958984e-01,-1.316851675510406494e-01,1.784167170524597168e+00,-3.259266018867492676e-01,-1.491171866655349731e-01,1.548020355403423309e-02,-7.612609118223190308e-02,-1.997144520282745361e-01,3.955782055854797363e-01,2.127171307802200317e-01,1.292928695678710938e+00,7.784419655799865723e-01,4.369036853313446045e-02,3.210760280489921570e-02,-1.636185199022293091e-01,-2.918072938919067383e-01,-7.334686815738677979e-02,1.103833556175231934e+00,-1.302341341972351074e+00,-2.518000006675720215e-01,1.037715896964073181e-01
-4.802385717630386353e-02,1.783460378646850586e-02,5.125833749771118164e-01,3.158774971961975098e-02,4.519889596849679947e-03,-1.270965556614100933e-03,9.994899630546569824e-01,-1.406916022300720215e+00,2.754559218883514404e-01,1.892833411693572998e-01,1.784261822700500488e+00,-3.165766298770904541e-01,8.269788324832916260e-02,-1.466468214988708496e+00,-3.679338097572326660e-01,-1.315403282642364502e-01,1.784040093421936035e+00,-3.259869217872619629e-01,-1.492596864700317383e-01,1.546597294509410858e-02,-7.618456333875656128e-02,-1.992173343896865845e-01,3.956020474433898926e-01,2.130933105945587158e-01,1.292462587356567383e+00,7.813313603401184082e-01,4.630503058433532715e-02,3.097312524914741516e-02,-1.630811542272567749e-01,-2.919560670852661133e-01,-7.337483763694763184e-02,1.103094935417175293e+00,-1.302445054054260254e+00,-2.519390583038330078e-01,1.036143749952316284e-01
-4.799132421612739563e-02,1.772363483905792236e-02,5.126881003379821777e-01,3.178336098790168762e-02,4.521143157035112381e-03,-1.262452453374862671e-03,9.994837641716003418e-01,-1.407199501991271973e+00,2.758844494819641113e-01,1.897696703672409058e-01,1.784059643745422363e+00,-3.152259886264801025e-01,8.280918747186660767e-02,-1.466437935829162598e+00,-3.678312301635742188e-01,-1.314890086650848389e-01,1.783979415893554688e+00,-3.260658383369445801e-01,-1.493818312883377075e-01,1.544574834406375885e-02,-7.657396048307418823e-02,-1.990690976381301880e-01,3.954129517078399658e-01,2.130869626998901367e-01,1.291883707046508789e+00,7.837975025177001953e-01,4.874198138713836670e-02,2.998614124953746796e-02,-1.626019477844238281e-01,-2.919237613677978516e-01,-7.319988310337066650e-02,1.102522850036621094e+00,-1.302660942077636719e+00,-2.522791028022766113e-01,1.037594974040985107e-01
-4.801305010914802551e-02,1.758438348770141602e-02,5.128008127212524414e-01,3.204649314284324646e-02,4.527118988335132599e-03,-1.309828017838299274e-03,9.994752407073974609e-01,-1.407343745231628418e+00,2.765171527862548828e-01,1.904767900705337524e-01,1.783753275871276855e+00,-3.131711781024932861e-01,8.301773667335510254e-02,-1.466462135314941406e+00,-3.676755130290985107e-01,-1.313612610101699829e-01,1.783820629119873047e+00,-3.260757327079772949e-01,-1.496307253837585449e-01,1.553723681718111038e-02,-7.709950953722000122e-02,-1.987126767635345459e-01,3.953704833984375000e-01,2.131094932556152344e-01,1.291556358337402344e+00,7.856744527816772461e-01,5.066764354705810547e-02,2.940823137760162354e-02,-1.620565652847290039e-01,-2.919016778469085693e-01,-7.325191050767898560e-02,1.101791381835937500e+00,-1.303012371063232422e+00,-2.528898119926452637e-01,1.037333160638809204e-01
-4.801499098539352417e-02,1.732522062957286835e-02,5.129438638687133789e-01,3.243044018745422363e-02,4.534032195806503296e-03,-1.408399082720279694e-03,9.994627237319946289e-01,-1.407668232917785645e+00,2.774211764335632324e-01,1.918184310197830200e-01,1.783478498458862305e+00,-3.101702630519866943e-01,8.354938775300979614e-02,-1.466280817985534668e+00,-3.673593103885650635e-01,-1.308842003345489502e-01,1.783604741096496582e+00,-3.260615170001983643e-01,-1.500734388828277588e-01,1.573085971176624298e-02,-7.804315537214279175e-02,-1.982895582914352417e-01,3.950772583484649658e-01,2.129549831151962280e-01,1.290794014930725098e+00,7.871134877204895020e-01,5.267459526658058167e-02,2.879503928124904633e-02,-1.614958494901657104e-01,-2.920620143413543701e-01,-7.330434024333953857e-02,1.101159334182739258e+00,-1.303411126136779785e+00,-2.537316083908081055e-01,1.035887748003005981e-01
-4.797303676605224609e-02,1.702731847763061523e-02,5.131803750991821289e-01,3.287472948431968689e-02,4.554376937448978424e-03,-1.614382024854421616e-03,9.994478225708007812e-01,-1.408380150794982910e+00,2.791130840778350830e-01,1.934601366519927979e-01,1.783205866813659668e+00,-3.055994510650634766e-01,8.428769558668136597e-02,-1.466345548629760742e+00,-3.669503033161163330e-01,-1.304863393306732178e-01,1.783430576324462891e+00,-3.262569308280944824e-01,-1.505501866340637207e-01,1.630610972642898560e-02,-7.893168181180953979e-02,-1.979593485593795776e-01,3.949886560440063477e-01,2.122822999954223633e-01,1.290246009826660156e+00,7.883045673370361328e-01,5.425686016678810120e-02,2.845923975110054016e-02,-1.608122736215591431e-01,-2.919839918613433838e-01,-7.387875765562057495e-02,1.100209116935729980e+00,-1.303808093070983887e+00,-2.545727193355560303e-01,1.035278737545013428e-01
-4.792158305644989014e-02,1.666938327252864838e-02,5.133888721466064453e-01,3.333038091659545898e-02,4.566205665469169617e-03,-1.802137936465442181e-03,9.994323253631591797e-01,-1.409782767295837402e+00,2.816826403141021729e-01,1.952728778123855591e-01,1.783284902572631836e+00,-2.992331385612487793e-01,8.552533388137817383e-02,-1.466009378433227539e+00,-3.664428889751434326e-01,-1.302998512983322144e-01,1.782987952232360840e+00,-3.264314532279968262e-01,-1.510273963212966919e-01,1.668604463338851929e-02,-7.984586805105209351e-02,-1.976320147514343262e-01,3.950420618057250977e-01,2.121402621269226074e-01,1.289860606193542480e+00,7.894120812416076660e-01,5.578972026705741882e-02,2.821043692529201508e-02,-1.603109091520309448e-01,-2.919464707374572754e-01,-7.376314699649810791e-02,1.099554061889648438e+00,-1.304077029228210449e+00,-2.551247775554656982e-01,1.034590005874633789e-01
-4.788424074649810791e-02,1.617999933660030365e-02,5.136634111404418945e-01,3.371705114841461182e-02,4.584632813930511475e-03,-1.985685667023062706e-03,9.994189143180847168e-01,-1.411279082298278809e+00,2.848762869834899902e-01,1.975523084402084351e-01,1.783214092254638672e+00,-2.915988564491271973e-01,8.720490336418151855e-02,-1.465580105781555176e+00,-3.659118413925170898e-01,-1.303063333034515381e-01,1.782759547233581543e+00,-3.268108069896697998e-01,-1.515839695930480957e-01,1.721928268671035767e-02,-8.062302321195602417e-02,-1.974755376577377319e-01,3.948707282543182373e-01,2.116220444440841675e-01,1.289396643638610840e+00,7.901508808135986328e-01,5.727510526776313782e-02,2.812873199582099915e-02,-1.597032397985458374e-01,-2.917821705341339111e-01,-7.403053343296051025e-02,1.098939657211303711e+00,-1.304176449775695801e+00,-2.554686665534973145e-01,1.034394204616546631e-01
-4.775132238864898682e-02,1.566152833402156830e-02,5.139138102531433105e-01,3.408474475145339966e-02,4.604568704962730408e-03,-2.160081639885902405e-03,9.994059801101684570e-01,-1.412954688072204590e+00,2.885935604572296143e-01,2.003697752952575684e-01,1.782965898513793945e+00,-2.832489609718322754e-01,8.935054391622543335e-02,-1.465245127677917480e+00,-3.651977181434631348e-01,-1.305434852838516235e-01,1.782288908958435059e+00,-3.271598815917968750e-01,-1.523882746696472168e-01,1.773857884109020233e-02,-8.118792623281478882e-02,-1.971709728240966797e-01,3.947978019714355469e-01,2.109459489583969116e-01,1.288951754570007324e+00,7.908678650856018066e-01,5.876616016030311584e-02,2.780324220657348633e-02,-1.591388732194900513e-01,-2.916340827941894531e-01,-7.420969754457473755e-02,1.098453998565673828e+00,-1.304447293281555176e+00,-2.556860446929931641e-01,1.034360453486442566e-01
-4.772852361202239990e-02,1.511445082724094391e-02,5.140781998634338379e-01,3.443492949008941650e-02,4.616612568497657776e-03,-2.354751806706190109e-03,9.993935227394104004e-01,-1.414198279380798340e+00,2.926360666751861572e-01,2.032900303602218628e-01,1.782788515090942383e+00,-2.752012014389038086e-01,9.177314490079879761e-02,-1.464757800102233887e+00,-3.643616437911987305e-01,-1.309392601251602173e-01,1.782126545906066895e+00,-3.273003399372100830e-01,-1.532272398471832275e-01,1.812509261071681976e-02,-8.224108070135116577e-02,-1.968977153301239014e-01,3.948441147804260254e-01,2.107573002576828003e-01,1.288542389869689941e+00,7.916908264160156250e-01,6.023569405078887939e-02,2.741041220724582672e-02,-1.586568504571914673e-01,-2.915135622024536133e-01,-7.465071976184844971e-02,1.097973585128784180e+00,-1.304522037506103516e+00,-2.557936012744903564e-01,1.034113243222236633e-01
-4.772201925516128540e-02,1.450356934219598770e-02,5.141680240631103516e-01,3.477707877755165100e-02,4.627506714314222336e-03,-2.638705540448427200e-03,9.993808865547180176e-01,-1.414968013763427734e+00,2.967036068439483643e-01,2.063504308462142944e-01,1.782394766807556152e+00,-2.682280540466308594e-01,9.409524500370025635e-02,-1.464671969413757324e+00,-3.632561266422271729e-01,-1.312102526426315308e-01,1.781984329223632812e+00,-3.275537788867950439e-01,-1.542270034551620483e-01,1.851858384907245636e-02,-8.275686204433441162e-02,-1.968831121921539307e-01,3.948512673377990723e-01,2.107472866773605347e-01,1.288211584091186523e+00,7.923122048377990723e-01,6.160299479961395264e-02,2.703895792365074158e-02,-1.585104763507843018e-01,-2.916534543037414551e-01,-7.448671013116836548e-02,1.097685456275939941e+00,-1.304570794105529785e+00,-2.557806968688964844e-01,1.035094186663627625e-01
-4.768747091293334961e-02,1.401534862816333771e-02,5.142461657524108887e-01,3.509380295872688293e-02,4.641441162675619125e-03,-2.989537548273801804e-03,9.993687868118286133e-01,-1.415217280387878418e+00,3.004118800163269043e-01,2.089383751153945923e-01,1.781922578811645508e+00,-2.632123827934265137e-01,9.613335132598876953e-02,-1.464555859565734863e+00,-3.621279299259185791e-01,-1.315005272626876831e-01,1.781999826431274414e+00,-3.278078436851501465e-01,-1.550941318273544312e-01,1.904324069619178772e-02,-8.339095115661621094e-02,-1.967050582170486450e-01,3.948416113853454590e-01,2.107474654912948608e-01,1.287987709045410156e+00,7.935428023338317871e-01,6.309792399406433105e-02,2.630296349525451660e-02,-1.583676487207412720e-01,-2.916291356086730957e-01,-7.434821128845214844e-02,1.097357988357543945e+00,-1.304821729660034180e+00,-2.559850513935089111e-01,1.033856943249702454e-01
-4.776475206017494202e-02,1.364627759903669357e-02,5.142377614974975586e-01,3.532450646162033081e-02,4.646700806915760040e-03,-3.480004612356424332e-03,9.993590116500854492e-01,-1.414823174476623535e+00,3.033808767795562744e-01,2.114426791667938232e-01,1.781497240066528320e+00,-2.605936229228973389e-01,9.777591377496719360e-02,-1.464720606803894043e+00,-3.609178662300109863e-01,-1.315921992063522339e-01,1.782058835029602051e+00,-3.279125392436981201e-01,-1.558756828308105469e-01,1.950461789965629578e-02,-8.385342359542846680e-02,-1.961624622344970703e-01,3.948971331119537354e-01,2.113357931375503540e-01,1.287519335746765137e+00,7.948651313781738281e-01,6.482344120740890503e-02,2.565807104110717773e-02,-1.582944095134735107e-01,-2.915537059307098389e-01,-7.399571686983108521e-02,1.097068667411804199e+00,-1.305027604103088379e+00,-2.561587691307067871e-01,1.033386662602424622e-01
-4.780062660574913025e-02,1.335438340902328491e-02,5.141441822052001953e-01,3.554445877671241760e-02,4.652088042348623276e-03,-3.848999738693237305e-03,9.993498325347900391e-01,-1.413620114326477051e+00,3.052641749382019043e-01,2.130212783813476562e-01,1.781045913696289062e+00,-2.610899806022644043e-01,9.881275147199630737e-02,-1.465234875679016113e+00,-3.598363399505615234e-01,-1.315702348947525024e-01,1.782094359397888184e+00,-3.275634944438934326e-01,-1.565692275762557983e-01,1.989099197089672089e-02,-8.446604758501052856e-02,-1.957847476005554199e-01,3.951664865016937256e-01,2.118555605411529541e-01,1.287140846252441406e+00,7.963347434997558594e-01,6.649070978164672852e-02,2.500903792679309845e-02,-1.582167446613311768e-01,-2.913278043270111084e-01,-7.367046177387237549e-02,1.096850156784057617e+00,-1.305226922035217285e+00,-2.562463283538818359e-01,1.034125983715057373e-01
-4.780493304133415222e-02,1.311976835131645203e-02,5.140396952629089355e-01,3.567638620734214783e-02,4.663998261094093323e-03,-4.098248668015003204e-03,9.993441104888916016e-01,-1.411748051643371582e+00,3.059548437595367432e-01,2.139951288700103760e-01,1.780329465866088867e+00,-2.644231319427490234e-01,9.902787208557128906e-02,-1.465650677680969238e+00,-3.591799736022949219e-01,-1.313300132751464844e-01,1.782398343086242676e+00,-3.273433446884155273e-01,-1.570178568363189697e-01,2.038318850100040436e-02,-8.473753929138183594e-02,-1.951135993003845215e-01,3.948914110660552979e-01,2.118864655494689941e-01,1.286699175834655762e+00,7.979759573936462402e-01,6.805483996868133545e-02,2.450024522840976715e-02,-1.581730395555496216e-01,-2.913553118705749512e-01,-7.384864240884780884e-02,1.096703171730041504e+00,-1.305413365364074707e+00,-2.565002441406250000e-01,1.033013612031936646e-01
-4.779086634516716003e-02,1.303141657263040543e-02,5.139604806900024414e-01,3.578573092818260193e-02,4.680559504777193069e-03,-4.179578740149736404e-03,9.993397593498229980e-01,-1.409417271614074707e+00,3.055131435394287109e-01,2.144276648759841919e-01,1.779706478118896484e+00,-2.697725296020507812e-01,9.874427318572998047e-02,-1.466314554214477539e+00,-3.588518202304840088e-01,-1.312122344970703125e-01,1.782792568206787109e+00,-3.269882500171661377e-01,-1.573928594589233398e-01,2.089541777968406677e-02,-8.530552685260772705e-02,-1.945313513278961182e-01,3.950107097625732422e-01,2.120627909898757935e-01,1.286109209060668945e+00,7.993144989013671875e-01,6.946506351232528687e-02,2.388695441186428070e-02,-1.579664200544357300e-01,-2.911645472049713135e-01,-7.394347339868545532e-02,1.096310377120971680e+00,-1.305467605590820312e+00,-2.566563487052917480e-01,1.032520607113838196e-01
-4.779741168022155762e-02,1.306783407926559448e-02,5.138579010963439941e-01,3.586862236261367798e-02,4.692128859460353851e-03,-4.216393455862998962e-03,9.993366003036499023e-01,-1.406947135925292969e+00,3.046434223651885986e-01,2.146115601062774658e-01,1.779053568840026855e+00,-2.765004932880401611e-01,9.796591103076934814e-02,-1.466655135154724121e+00,-3.589481711387634277e-01,-1.310361027717590332e-01,1.783041596412658691e+00,-3.266683220863342285e-01,-1.575913876295089722e-01,2.114007063210010529e-02,-8.530408889055252075e-02,-1.940150260925292969e-01,3.948374986648559570e-01,2.121767550706863403e-01,1.285802483558654785e+00,8.003191947937011719e-01,7.047273963689804077e-02,2.343825995922088623e-02,-1.573406457901000977e-01,-2.911800444126129150e-01,-7.432539016008377075e-02,1.095857620239257812e+00,-1.305463433265686035e+00,-2.567082345485687256e-01,1.031449809670448303e-01
-4.778026789426803589e-02,1.309957914054393768e-02,5.137889385223388672e-01,3.583448380231857300e-02,4.785172641277313232e-03,-4.150876775383949280e-03,9.993376731872558594e-01,-1.404682278633117676e+00,3.034325838088989258e-01,2.149202525615692139e-01,1.778406977653503418e+00,-2.837048768997192383e-01,9.712983667850494385e-02,-1.467269420623779297e+00,-3.590529859066009521e-01,-1.307893842458724976e-01,1.783503532409667969e+00,-3.263994157314300537e-01,-1.574822962284088135e-01,2.134606428444385529e-02,-8.524003624916076660e-02,-1.938594281673431396e-01,3.949345350265502930e-01,2.120295166969299316e-01,1.285590052604675293e+00,8.008638024330139160e-01,7.100803405046463013e-02,2.304315753281116486e-02,-1.567813456058502197e-01,-2.912812530994415283e-01,-7.505231350660324097e-02,1.095348477363586426e+00,-1.305365920066833496e+00,-2.569670379161834717e-01,1.031227633357048035e-01
-4.775181785225868225e-02,1.315859332680702209e-02,5.136947035789489746e-01,3.580378368496894836e-02,4.790949635207653046e-03,-3.983688540756702423e-03,9.993394017219543457e-01,-1.402773022651672363e+00,3.022260665893554688e-01,2.149749249219894409e-01,1.778222084045410156e+00,-2.905456423759460449e-01,9.644486010074615479e-02,-1.467642307281494141e+00,-3.592991530895233154e-01,-1.306295990943908691e-01,1.783775806427001953e+00,-3.262006640434265137e-01,-1.573944687843322754e-01,2.136356383562088013e-02,-8.518015593290328979e-02,-1.937280595302581787e-01,3.948880434036254883e-01,2.118280231952667236e-01,1.285521626472473145e+00,8.009289503097534180e-01,7.128984481096267700e-02,2.297608368098735809e-02,-1.558642387390136719e-01,-2.910813689231872559e-01,-7.526952773332595825e-02,1.094610095024108887e+00,-1.305343389511108398e+00,-2.571789622306823730e-01,1.031158715486526489e-01
-4.771225899457931519e-02,1.328412722796201706e-02,5.135892033576965332e-01,3.570981323719024658e-02,4.796983208507299423e-03,-3.824738087132573128e-03,9.993433952331542969e-01,-1.401275992393493652e+00,3.013495504856109619e-01,2.149071246385574341e-01,1.778137326240539551e+00,-2.963630855083465576e-01,9.589698910713195801e-02,-1.467770099639892578e+00,-3.597303330898284912e-01,-1.306574493646621704e-01,1.784183382987976074e+00,-3.261330127716064453e-01,-1.573379486799240112e-01,2.139366976916790009e-02,-8.534361422061920166e-02,-1.933273822069168091e-01,3.948319256305694580e-01,2.116004824638366699e-01,1.285263538360595703e+00,8.005958199501037598e-01,7.145420461893081665e-02,2.297065407037734985e-02,-1.546711325645446777e-01,-2.912563085556030273e-01,-7.569430023431777954e-02,1.094056844711303711e+00,-1.305112123489379883e+00,-2.572594285011291504e-01,1.031946912407875061e-01
-4.757586121559143066e-02,1.331889163702726364e-02,5.134868621826171875e-01,3.559915348887443542e-02,4.878876265138387680e-03,-3.680096706375479698e-03,9.993474483489990234e-01,-1.400388956069946289e+00,3.006970882415771484e-01,2.148936241865158081e-01,1.778290510177612305e+00,-3.010421991348266602e-01,9.536871314048767090e-02,-1.467981100082397461e+00,-3.600592017173767090e-01,-1.307694017887115479e-01,1.784594774246215820e+00,-3.261954486370086670e-01,-1.571127474308013916e-01,2.127515524625778198e-02,-8.512628823518753052e-02,-1.932325959205627441e-01,3.947617411613464355e-01,2.113479673862457275e-01,1.284927487373352051e+00,8.002597689628601074e-01,7.134556770324707031e-02,2.306969650089740753e-02,-1.538480073213577271e-01,-2.911233603954315186e-01,-7.542911916971206665e-02,1.093047976493835449e+00,-1.304705619812011719e+00,-2.572437524795532227e-01,1.033951491117477417e-01
-4.745199531316757202e-02,1.337980106472969055e-02,5.133488178253173828e-01,3.539457917213439941e-02,4.882015287876129150e-03,-3.565424354746937752e-03,9.993551373481750488e-01,-1.399544358253479004e+00,3.002224862575531006e-01,2.146101891994476318e-01,1.778593301773071289e+00,-3.048647940158843994e-01,9.505593776702880859e-02,-1.467845559120178223e+00,-3.604142963886260986e-01,-1.309926062822341919e-01,1.785067796707153320e+00,-3.264894485473632812e-01,-1.569535881280899048e-01,2.122142910957336426e-02,-8.471877872943878174e-02,-1.928271949291229248e-01,3.948353230953216553e-01,2.115093022584915161e-01,1.284673452377319336e+00,8.002780675888061523e-01,7.145322859287261963e-02,2.315187640488147736e-02,-1.524181514978408813e-01,-2.912286221981048584e-01,-7.551043480634689331e-02,1.091985106468200684e+00,-1.304248690605163574e+00,-2.573921978473663330e-01,1.034817397594451904e-01
-4.723419621586799622e-02,1.350560877472162247e-02,5.133099555969238281e-01,3.511318936944007874e-02,4.871708340942859650e-03,-3.433984238654375076e-03,9.993655681610107422e-01,-1.399029493331909180e+00,2.998764514923095703e-01,2.142482101917266846e-01,1.779132843017578125e+00,-3.080152273178100586e-01,9.502467513084411621e-02,-1.467699646949768066e+00,-3.608182966709136963e-01,-1.312942206859588623e-01,1.785389542579650879e+00,-3.267296850681304932e-01,-1.568231582641601562e-01,2.096328139305114746e-02,-8.415768295526504517e-02,-1.920810043811798096e-01,3.946189284324645996e-01,2.117057889699935913e-01,1.284243106842041016e+00,8.005240559577941895e-01,7.144964486360549927e-02,2.320520393550395966e-02,-1.510262936353683472e-01,-2.914554178714752197e-01,-7.539432495832443237e-02,1.090847015380859375e+00,-1.303514599800109863e+00,-2.574418187141418457e-01,1.035262718796730042e-01
-4.709242656826972961e-02,1.366000715643167496e-02,5.131770968437194824e-01,3.474625945091247559e-02,4.948718938976526260e-03,-3.309676656499505043e-03,9.993784427642822266e-01,-1.399121046066284180e+00,2.992971539497375488e-01,2.136783897876739502e-01,1.779741168022155762e+00,-3.104960322380065918e-01,9.489718824625015259e-02,-1.467519402503967285e+00,-3.612103462219238281e-01,-1.318201720714569092e-01,1.785595059394836426e+00,-3.267823457717895508e-01,-1.565172076225280762e-01,2.087983861565589905e-02,-8.359692990779876709e-02,-1.922215819358825684e-01,3.948431611061096191e-01,2.117688506841659546e-01,1.283944010734558105e+00,8.014168739318847656e-01,7.158620655536651611e-02,2.308122068643569946e-02,-1.502337902784347534e-01,-2.914403676986694336e-01,-7.563610374927520752e-02,1.089930415153503418e+00,-1.303039193153381348e+00,-2.574330568313598633e-01,1.035295948386192322e-01
-4.697353020310401917e-02,1.390624511986970901e-02,5.131197571754455566e-01,3.437814861536026001e-02,4.940592683851718903e-03,-3.191602183505892754e-03,9.993916153907775879e-01,-1.399304151535034180e+00,2.989138364791870117e-01,2.132524549961090088e-01,1.780406236648559570e+00,-3.124972581863403320e-01,9.506984055042266846e-02,-1.467184901237487793e+00,-3.618198931217193604e-01,-1.323444843292236328e-01,1.785868883132934570e+00,-3.268515467643737793e-01,-1.561793535947799683e-01,2.065015770494937897e-02,-8.286365121603012085e-02,-1.918403357267379761e-01,3.946930170059204102e-01,2.119300365447998047e-01,1.283545732498168945e+00,8.026506304740905762e-01,7.205517590045928955e-02,2.303134649991989136e-02,-1.493777930736541748e-01,-2.916978895664215088e-01,-7.550731301307678223e-02,1.089056253433227539e+00,-1.302538871765136719e+00,-2.574312388896942139e-01,1.035395190119743347e-01
-4.692829027771949768e-02,1.417005900293588638e-02,5.129742622375488281e-01,3.395998105406761169e-02,4.927211906760931015e-03,-3.046434838324785233e-03,9.994063973426818848e-01,-1.399532079696655273e+00,2.985065877437591553e-01,2.125618755817413330e-01,1.781104087829589844e+00,-3.140060603618621826e-01,9.521059691905975342e-02,-1.466980576515197754e+00,-3.625187873840332031e-01,-1.329258233308792114e-01,1.786042690277099609e+00,-3.269757032394409180e-01,-1.558209061622619629e-01,2.036365680396556854e-02,-8.202321827411651611e-02,-1.915883719921112061e-01,3.947345912456512451e-01,2.120952755212783813e-01,1.283364176750183105e+00,8.039979338645935059e-01,7.238193601369857788e-02,2.302164398133754730e-02,-1.486701220273971558e-01,-2.916320264339447021e-01,-7.543293386697769165e-02,1.088402628898620605e+00,-1.302239060401916504e+00,-2.573267221450805664e-01,1.034627407789230347e-01
-4.680109024047851562e-02,1.442619785666465759e-02,5.129161477088928223e-01,3.353441879153251648e-02,4.997615702450275421e-03,-2.874389523640275002e-03,9.994209408760070801e-01,-1.400130391120910645e+00,2.980988323688507080e-01,2.120031416416168213e-01,1.781667113304138184e+00,-3.151591718196868896e-01,9.544745832681655884e-02,-1.466879963874816895e+00,-3.631420433521270752e-01,-1.334525197744369507e-01,1.786394000053405762e+00,-3.270809948444366455e-01,-1.553838253021240234e-01,2.001537010073661804e-02,-8.117283880710601807e-02,-1.916047930717468262e-01,3.948187828063964844e-01,2.124478220939636230e-01,1.283282637596130371e+00,8.052586913108825684e-01,7.273718714714050293e-02,2.293926291167736053e-02,-1.483084112405776978e-01,-2.916085422039031982e-01,-7.545430213212966919e-02,1.087783098220825195e+00,-1.302030920982360840e+00,-2.573961615562438965e-01,1.034476533532142639e-01
-4.674871265888214111e-02,1.462010014802217484e-02,5.127637982368469238e-01,3.312250971794128418e-02,4.984882660210132599e-03,-2.671465277671813965e-03,9.994353055953979492e-01,-1.400604605674743652e+00,2.975930571556091309e-01,2.113142907619476318e-01,1.782390594482421875e+00,-3.160765767097473145e-01,9.584302455186843872e-02,-1.466842412948608398e+00,-3.637889325618743896e-01,-1.341928541660308838e-01,1.786677479743957520e+00,-3.271095156669616699e-01,-1.552034318447113037e-01,1.960994303226470947e-02,-8.034957200288772583e-02,-1.915090531110763550e-01,3.944561779499053955e-01,2.122797667980194092e-01,1.283193111419677734e+00,8.063907623291015625e-01,7.333279401063919067e-02,2.306999824941158295e-02,-1.477761864662170410e-01,-2.919110953807830811e-01,-7.545150071382522583e-02,1.087265729904174805e+00,-1.302088022232055664e+00,-2.577342391014099121e-01,1.032891795039176941e-01
-4.671396315097808838e-02,1.478335727006196976e-02,5.126006007194519043e-01,3.258882835507392883e-02,4.971732851117849350e-03,-2.466668607667088509e-03,9.994534254074096680e-01,-1.401271224021911621e+00,2.972746789455413818e-01,2.106766700744628906e-01,1.783072710037231445e+00,-3.168237209320068359e-01,9.625547379255294800e-02,-1.466581702232360840e+00,-3.645797073841094971e-01,-1.345523893833160400e-01,1.786909937858581543e+00,-3.270727396011352539e-01,-1.548939645290374756e-01,1.920382305979728699e-02,-7.962295413017272949e-02,-1.917241960763931274e-01,3.945167064666748047e-01,2.123461216688156128e-01,1.283279299736022949e+00,8.075942993164062500e-01,7.391569018363952637e-02,2.319679223001003265e-02,-1.475824415683746338e-01,-2.915702164173126221e-01,-7.551047205924987793e-02,1.086878776550292969e+00,-1.302438378334045410e+00,-2.582863569259643555e-01,1.028365939855575562e-01
-4.666145890951156616e-02,1.503491122275590897e-02,5.125207901000976562e-01,3.220982849597930908e-02,5.043495912104845047e-03,-2.254659309983253479e-03,9.994658827781677246e-01,-1.401879072189331055e+00,2.969414293766021729e-01,2.098820060491561890e-01,1.783683538436889648e+00,-3.173523247241973877e-01,9.665373712778091431e-02,-1.466442108154296875e+00,-3.651418685913085938e-01,-1.352756619453430176e-01,1.787122011184692383e+00,-3.271362483501434326e-01,-1.544237434864044189e-01,1.877435855567455292e-02,-7.886965572834014893e-02,-1.919740587472915649e-01,3.941730558872222900e-01,2.121586352586746216e-01,1.283368825912475586e+00,8.087007403373718262e-01,7.456500083208084106e-02,2.323369495570659637e-02,-1.477842330932617188e-01,-2.917089164257049561e-01,-7.535212486982345581e-02,1.086513161659240723e+00,-1.302785634994506836e+00,-2.589408159255981445e-01,1.025261953473091125e-01
-4.661873728036880493e-02,1.517890766263008118e-02,5.123736262321472168e-01,3.182696178555488586e-02,5.031333770602941513e-03,-2.042080042883753777e-03,9.994786381721496582e-01,-1.402676105499267578e+00,2.967659831047058105e-01,2.094686627388000488e-01,1.784219741821289062e+00,-3.176184296607971191e-01,9.698377549648284912e-02,-1.466268897056579590e+00,-3.657277226448059082e-01,-1.357551366090774536e-01,1.787381529808044434e+00,-3.272634744644165039e-01,-1.541014313697814941e-01,1.835048571228981018e-02,-7.810004800558090210e-02,-1.924046576023101807e-01,3.938668966293334961e-01,2.119668871164321899e-01,1.283714890480041504e+00,8.101277351379394531e-01,7.537326216697692871e-02,2.340154536068439484e-02,-1.474360823631286621e-01,-2.916842401027679443e-01,-7.536432147026062012e-02,1.086230874061584473e+00,-1.303247094154357910e+00,-2.596497237682342529e-01,1.021868735551834106e-01
-4.657240957021713257e-02,1.525342464447021484e-02,5.122910141944885254e-01,3.149903193116188049e-02,5.013646557927131653e-03,-1.826216699555516243e-03,9.994895458221435547e-01,-1.403076052665710449e+00,2.966323494911193848e-01,2.088950127363204956e-01,1.784752607345581055e+00,-3.178098499774932861e-01,9.740547835826873779e-02,-1.466022610664367676e+00,-3.661133944988250732e-01,-1.363527327775955200e-01,1.787571191787719727e+00,-3.274085819721221924e-01,-1.538229286670684814e-01,1.775036565959453583e-02,-7.744158804416656494e-02,-1.927120983600616455e-01,3.933725357055664062e-01,2.117543816566467285e-01,1.284048318862915039e+00,8.115376234054565430e-01,7.638598233461380005e-02,2.336916700005531311e-02,-1.473690718412399292e-01,-2.917957007884979248e-01,-7.499030232429504395e-02,1.085982561111450195e+00,-1.303527712821960449e+00,-2.603548467159271240e-01,1.020193845033645630e-01
-4.650548100471496582e-02,1.537730172276496887e-02,5.122313499450683594e-01,3.120454214513301849e-02,5.003761034458875656e-03,-1.676344545558094978e-03,9.994990825653076172e-01,-1.403648138046264648e+00,2.961741983890533447e-01,2.086538076400756836e-01,1.785122036933898926e+00,-3.180316388607025146e-01,9.773115813732147217e-02,-1.465935945510864258e+00,-3.664562404155731201e-01,-1.368015855550765991e-01,1.787667036056518555e+00,-3.273699879646301270e-01,-1.536072939634323120e-01,1.744676940143108368e-02,-7.684954255819320679e-02,-1.930879503488540649e-01,3.929674327373504639e-01,2.112030833959579468e-01,1.284427881240844727e+00,8.125962615013122559e-01,7.758854329586029053e-02,2.333423309028148651e-02,-1.471505761146545410e-01,-2.919843196868896484e-01,-7.513731718063354492e-02,1.085955739021301270e+00,-1.303701519966125488e+00,-2.609040439128875732e-01,1.016469001770019531e-01
-4.652768746018409729e-02,1.550422329455614090e-02,5.121929049491882324e-01,3.097153641283512115e-02,5.165527109056711197e-03,-1.524580409750342369e-03,9.995057582855224609e-01,-1.404241919517517090e+00,2.959689795970916748e-01,2.081936150789260864e-01,1.785436749458312988e+00,-3.181998729705810547e-01,9.809446334838867188e-02,-1.466072559356689453e+00,-3.669095337390899658e-01,-1.369762867689132690e-01,1.787677407264709473e+00,-3.272136151790618896e-01,-1.533919870853424072e-01,1.713127642869949341e-02,-7.638432830572128296e-02,-1.934784948825836182e-01,3.927217721939086914e-01,2.107592672109603882e-01,1.284867167472839355e+00,8.134155869483947754e-01,7.879377901554107666e-02,2.320597693324089050e-02,-1.473071873188018799e-01,-2.918296158313751221e-01,-7.516598701477050781e-02,1.085951447486877441e+00,-1.303649663925170898e+00,-2.613177299499511719e-01,1.015443801879882812e-01
-4.654163494706153870e-02,1.556089427322149277e-02,5.121356248855590820e-01,3.080923296511173248e-02,5.161675624549388885e-03,-1.405970193445682526e-03,9.995109438896179199e-01,-1.404658198356628418e+00,2.956132590770721436e-01,2.079361826181411743e-01,1.785631060600280762e+00,-3.182727694511413574e-01,9.816800057888031006e-02,-1.466019868850708008e+00,-3.672406971454620361e-01,-1.374379843473434448e-01,1.787655949592590332e+00,-3.271655440330505371e-01,-1.532608121633529663e-01,1.689561083912849426e-02,-7.605826109647750854e-02,-1.938058882951736450e-01,3.926540315151214600e-01,2.102495878934860229e-01,1.285368204116821289e+00,8.137902617454528809e-01,7.975918054580688477e-02,2.294253557920455933e-02,-1.473245471715927124e-01,-2.919714450836181641e-01,-7.503189891576766968e-02,1.085932612419128418e+00,-1.303622245788574219e+00,-2.615552246570587158e-01,1.014797836542129517e-01
-4.655643552541732788e-02,1.567608676850795746e-02,5.120856761932373047e-01,3.065948560833930969e-02,5.164826754480600357e-03,-1.296337228268384933e-03,9.995157122611999512e-01,-1.404794454574584961e+00,2.952470183372497559e-01,2.075573354959487915e-01,1.785757303237915039e+00,-3.181511759757995605e-01,9.837308526039123535e-02,-1.465813636779785156e+00,-3.674805164337158203e-01,-1.375912278890609741e-01,1.787558317184448242e+00,-3.271282911300659180e-01,-1.530880331993103027e-01,1.685106568038463593e-02,-7.575901597738265991e-02,-1.939187198877334595e-01,3.924661576747894287e-01,2.100339531898498535e-01,1.285558581352233887e+00,8.142361640930175781e-01,8.087082207202911377e-02,2.244180627167224884e-02,-1.471042037010192871e-01,-2.919945716857910156e-01,-7.521152496337890625e-02,1.085962295532226562e+00,-1.303494334220886230e+00,-2.616530656814575195e-01,1.014637872576713562e-01
-4.656791687011718750e-02,1.572679355740547180e-02,5.120812654495239258e-01,3.053823485970497131e-02,5.160178057849407196e-03,-1.216775737702846527e-03,9.995195269584655762e-01,-1.405089259147644043e+00,2.949554324150085449e-01,2.072779834270477295e-01,1.785760402679443359e+00,-3.181241452693939209e-01,9.839501976966857910e-02,-1.465826034545898438e+00,-3.677402138710021973e-01,-1.378356069326400757e-01,1.787569403648376465e+00,-3.271119594573974609e-01,-1.530114561319351196e-01,1.669634878635406494e-02,-7.551525533199310303e-02,-1.938439160585403442e-01,3.923048973083496094e-01,2.099467813968658447e-01,1.285802602767944336e+00,8.145826458930969238e-01,8.204593509435653687e-02,2.183094620704650879e-02,-1.469551473855972290e-01,-2.919526994228363037e-01,-7.507984340190887451e-02,1.085853457450866699e+00,-1.303335309028625488e+00,-2.617286741733551025e-01,1.014510691165924072e-01
-4.657195881009101868e-02,1.574785076081752777e-02,5.120663046836853027e-01,3.049307130277156830e-02,5.158631596714258194e-03,-1.157472259365022182e-03,9.995210170745849609e-01,-1.405236601829528809e+00,2.946697175502777100e-01,2.071844637393951416e-01,1.785697817802429199e+00,-3.179925680160522461e-01,9.846977889537811279e-02,-1.465800166130065918e+00,-3.678957521915435791e-01,-1.379261165857315063e-01,1.787587881088256836e+00,-3.270986974239349365e-01,-1.529733240604400635e-01,1.658114232122898102e-02,-7.542481273412704468e-02,-1.936336904764175415e-01,3.922495543956756592e-01,2.105267047882080078e-01,1.285864830017089844e+00,8.148700594902038574e-01,8.309427648782730103e-02,2.088094688951969147e-02,-1.467910110950469971e-01,-2.921402156352996826e-01,-7.504640519618988037e-02,1.085886478424072266e+00,-1.303157806396484375e+00,-2.616358995437622070e-01,1.015210449695587158e-01
-4.658156260848045349e-02,1.577016338706016541e-02,5.120725035667419434e-01,3.051754459738731384e-02,5.157707724720239639e-03,-1.099040731787681580e-03,9.995203018188476562e-01,-1.405219435691833496e+00,2.945728003978729248e-01,2.072446346282958984e-01,1.785790324211120605e+00,-3.180016577243804932e-01,9.850756824016571045e-02,-1.465816736221313477e+00,-3.680987358093261719e-01,-1.378954350948333740e-01,1.787492513656616211e+00,-3.271075785160064697e-01,-1.529664248228073120e-01,1.646272838115692139e-02,-7.547058165073394775e-02,-1.933668404817581177e-01,3.921668529510498047e-01,2.108671367168426514e-01,1.285710096359252930e+00,8.152476549148559570e-01,8.385728299617767334e-02,1.983613334596157074e-02,-1.466099172830581665e-01,-2.919661402702331543e-01,-7.508238404989242554e-02,1.085615396499633789e+00,-1.303322315216064453e+00,-2.618844509124755859e-01,1.012870073318481445e-01
-4.665269330143928528e-02,1.586509309709072113e-02,5.121484994888305664e-01,3.050783090293407440e-02,5.164979491382837296e-03,-1.104305963963270187e-03,9.995205998420715332e-01,-1.405214309692382812e+00,2.941683828830718994e-01,2.071979939937591553e-01,1.785568237304687500e+00,-3.177896142005920410e-01,9.852306544780731201e-02,-1.465832352638244629e+00,-3.682344555854797363e-01,-1.377364397048950195e-01,1.787614107131958008e+00,-3.269541561603546143e-01,-1.528099626302719116e-01,1.664494909346103668e-02,-7.545349001884460449e-02,-1.928466409444808960e-01,3.921521604061126709e-01,2.110300660133361816e-01,1.285346150398254395e+00,8.158673048019409180e-01,8.516845852136611938e-02,1.850163005292415619e-02,-1.463917493820190430e-01,-2.919884622097015381e-01,-7.525154948234558105e-02,1.085212945938110352e+00,-1.303257822990417480e+00,-2.624247074127197266e-01,1.009980440139770508e-01
-4.666434973478317261e-02,1.588830538094043732e-02,5.121372342109680176e-01,3.053159080445766449e-02,4.995589610189199448e-03,-1.037960406392812729e-03,9.995207786560058594e-01,-1.405022382736206055e+00,2.941427528858184814e-01,2.071933299303054810e-01,1.785668253898620605e+00,-3.176974058151245117e-01,9.859982132911682129e-02,-1.465445518493652344e+00,-3.683031499385833740e-01,-1.377217620611190796e-01,1.787397980690002441e+00,-3.268282413482666016e-01,-1.527470052242279053e-01,1.653385162353515625e-02,-7.549131661653518677e-02,-1.918683797121047974e-01,3.922506272792816162e-01,2.112646698951721191e-01,1.285039186477661133e+00,8.167942762374877930e-01,8.628510683774948120e-02,1.702808402478694916e-02,-1.460385173559188843e-01,-2.921496927738189697e-01,-7.526490092277526855e-02,1.084976911544799805e+00,-1.303315877914428711e+00,-2.630370855331420898e-01,1.004917398095130920e-01
-4.665394499897956848e-02,1.589585281908512115e-02,5.121457576751708984e-01,3.051062114536762238e-02,4.992451053112745285e-03,-1.032757572829723358e-03,9.995214343070983887e-01,-1.404950022697448730e+00,2.939876914024353027e-01,2.072583734989166260e-01,1.785446882247924805e+00,-3.174431025981903076e-01,9.866604954004287720e-02,-1.465380549430847168e+00,-3.683213293552398682e-01,-1.377649754285812378e-01,1.787362098693847656e+00,-3.267737627029418945e-01,-1.527205705642700195e-01,1.652520336210727692e-02,-7.544872909784317017e-02,-1.910855174064636230e-01,3.924464881420135498e-01,2.118721902370452881e-01,1.284807085990905762e+00,8.177080750465393066e-01,8.754815161228179932e-02,1.560943294316530228e-02,-1.458556950092315674e-01,-2.921523153781890869e-01,-7.526525855064392090e-02,1.084711551666259766e+00,-1.303291678428649902e+00,-2.636798620223999023e-01,1.000111848115921021e-01
-4.665999487042427063e-02,1.598560437560081482e-02,5.122188925743103027e-01,3.049440681934356689e-02,4.990620072931051254e-03,-1.008651219308376312e-03,9.995219707489013672e-01,-1.404937148094177246e+00,2.938461005687713623e-01,2.072719931602478027e-01,1.785398602485656738e+00,-3.173140883445739746e-01,9.880451858043670654e-02,-1.465233802795410156e+00,-3.682604134082794189e-01,-1.376562714576721191e-01,1.787109136581420898e+00,-3.267520666122436523e-01,-1.526343077421188354e-01,1.647512614727020264e-02,-7.541550695896148682e-02,-1.905770152807235718e-01,3.925147354602813721e-01,2.123793363571166992e-01,1.284577965736389160e+00,8.186262249946594238e-01,8.902867138385772705e-02,1.430623047053813934e-02,-1.457754075527191162e-01,-2.920145988464355469e-01,-7.552002370357513428e-02,1.084692239761352539e+00,-1.303234457969665527e+00,-2.641317844390869141e-01,9.960336238145828247e-02
-4.666411131620407104e-02,1.600733213126659393e-02,5.122867226600646973e-01,3.042224980890750885e-02,4.991582129150629044e-03,-1.021844451315701008e-03,9.995241761207580566e-01,-1.404871225357055664e+00,2.937678396701812744e-01,2.072266638278961182e-01,1.785235524177551270e+00,-3.171405792236328125e-01,9.883731603622436523e-02,-1.465024113655090332e+00,-3.682618439197540283e-01,-1.376603543758392334e-01,1.787021040916442871e+00,-3.267222344875335693e-01,-1.525003612041473389e-01,1.650217361748218536e-02,-7.527324557304382324e-02,-1.901002526283264160e-01,3.925510346889495850e-01,2.127689868211746216e-01,1.284604668617248535e+00,8.197876214981079102e-01,9.024454653263092041e-02,1.317282579839229584e-02,-1.456146985292434692e-01,-2.921874523162841797e-01,-7.548058032989501953e-02,1.084739804267883301e+00,-1.303308606147766113e+00,-2.645007669925689697e-01,9.936051070690155029e-02
-4.667277261614799500e-02,1.601923443377017975e-02,5.123530626296997070e-01,3.036800399422645569e-02,4.909964744001626968e-03,-9.965973440557718277e-04,9.995262026786804199e-01,-1.404773116111755371e+00,2.935883998870849609e-01,2.069955617189407349e-01,1.785249829292297363e+00,-3.171630501747131348e-01,9.893003106117248535e-02,-1.464722990989685059e+00,-3.683005571365356445e-01,-1.377082467079162598e-01,1.786578774452209473e+00,-3.266602456569671631e-01,-1.524312347173690796e-01,1.663212664425373077e-02,-7.516178488731384277e-02,-1.898888051509857178e-01,3.924016654491424561e-01,2.129490673542022705e-01,1.284813761711120605e+00,8.205811977386474609e-01,9.126961976289749146e-02,1.224372256547212601e-02,-1.455839425325393677e-01,-2.920106351375579834e-01,-7.555751502513885498e-02,1.084739208221435547e+00,-1.303433060646057129e+00,-2.646468579769134521e-01,9.934409707784652710e-02
-4.666765406727790833e-02,1.601511240005493164e-02,5.124242901802062988e-01,3.039531409740447998e-02,4.905585199594497681e-03,-9.987006196752190590e-04,9.995254278182983398e-01,-1.404487729072570801e+00,2.936607301235198975e-01,2.070984244346618652e-01,1.784847021102905273e+00,-3.170919716358184814e-01,9.900339692831039429e-02,-1.464406132698059082e+00,-3.680930137634277344e-01,-1.379825919866561890e-01,1.786382675170898438e+00,-3.266048133373260498e-01,-1.523407995700836182e-01,1.663829945027828217e-02,-7.503953576087951660e-02,-1.902417242527008057e-01,3.924991488456726074e-01,2.130575627088546753e-01,1.285372972488403320e+00,8.212646842002868652e-01,9.200047701597213745e-02,1.160854846239089966e-02,-1.458922475576400757e-01,-2.917345464229583740e-01,-7.574193924665451050e-02,1.085045814514160156e+00,-1.303572058677673340e+00,-2.645888626575469971e-01,9.925824403762817383e-02
-4.667200893163681030e-02,1.602056808769702911e-02,5.125135183334350586e-01,3.034833073616027832e-02,4.905557725578546524e-03,-1.005817786790430546e-03,9.995268583297729492e-01,-1.404293775558471680e+00,2.937378585338592529e-01,2.070985287427902222e-01,1.784661054611206055e+00,-3.168108165264129639e-01,9.888092428445816040e-02,-1.464187622070312500e+00,-3.680773079395294189e-01,-1.379278004169464111e-01,1.786069154739379883e+00,-3.264840841293334961e-01,-1.522537767887115479e-01,1.665385626256465912e-02,-7.477699965238571167e-02,-1.904225796461105347e-01,3.922759592533111572e-01,2.134711593389511108e-01,1.285785317420959473e+00,8.215806484222412109e-01,9.243053942918777466e-02,1.120978128165006638e-02,-1.460128128528594971e-01,-2.921200096607208252e-01,-7.589624822139739990e-02,1.085467934608459473e+00,-1.303827643394470215e+00,-2.644990980625152588e-01,9.919916838407516479e-02
-4.660213738679885864e-02,1.602402329444885254e-02,5.125886201858520508e-01,3.032529912889003754e-02,4.831676837056875229e-03,-9.923788020387291908e-04,9.995279312133789062e-01,-1.404065132141113281e+00,2.936718761920928955e-01,2.069104164838790894e-01,1.784487724304199219e+00,-3.167051374912261963e-01,9.885606169700622559e-02,-1.463718533515930176e+00,-3.680700361728668213e-01,-1.381558179855346680e-01,1.785895228385925293e+00,-3.264179825782775879e-01,-1.521558314561843872e-01,1.698079518973827362e-02,-7.472483813762664795e-02,-1.909509450197219849e-01,3.922690451145172119e-01,2.136067748069763184e-01,1.286479115486145020e+00,8.222437500953674316e-01,9.266503900289535522e-02,1.089794840663671494e-02,-1.461507380008697510e-01,-2.918190062046051025e-01,-7.608903199434280396e-02,1.085577964782714844e+00,-1.304041624069213867e+00,-2.645072638988494873e-01,9.927254170179367065e-02
-4.659681394696235657e-02,1.602730900049209595e-02,5.126687288284301758e-01,3.027673251926898956e-02,4.829192534089088440e-03,-9.926080238074064255e-04,9.995294213294982910e-01,-1.403908491134643555e+00,2.936508953571319580e-01,2.069144546985626221e-01,1.784309983253479004e+00,-3.165336847305297852e-01,9.873449802398681641e-02,-1.463326454162597656e+00,-3.679433166980743408e-01,-1.383219808340072632e-01,1.785598158836364746e+00,-3.263891637325286865e-01,-1.521610170602798462e-01,1.698422990739345551e-02,-7.462979853153228760e-02,-1.915628015995025635e-01,3.922379016876220703e-01,2.139262855052947998e-01,1.286911487579345703e+00,8.229122757911682129e-01,9.308417886495590210e-02,1.066031213849782944e-02,-1.466052234172821045e-01,-2.918594181537628174e-01,-7.630593329668045044e-02,1.085734128952026367e+00,-1.304417371749877930e+00,-2.647379636764526367e-01,9.887318313121795654e-02
-4.660488292574882507e-02,1.602903753519058228e-02,5.127580165863037109e-01,3.022446110844612122e-02,4.831355065107345581e-03,-1.029799110256135464e-03,9.995309114456176758e-01,-1.403730511665344238e+00,2.936627566814422607e-01,2.068768143653869629e-01,1.784143209457397461e+00,-3.165637850761413574e-01,9.866790473461151123e-02,-1.463099122047424316e+00,-3.678657710552215576e-01,-1.384326219558715820e-01,1.785240530967712402e+00,-3.264006674289703369e-01,-1.520623415708541870e-01,1.706006564199924469e-02,-7.452493160963058472e-02,-1.921851634979248047e-01,3.922413289546966553e-01,2.142485827207565308e-01,1.287735104560852051e+00,8.234587907791137695e-01,9.348627179861068726e-02,1.037951372563838959e-02,-1.466623544692993164e-01,-2.918162941932678223e-01,-7.613097876310348511e-02,1.085606813430786133e+00,-1.304623484611511230e+00,-2.649987936019897461e-01,9.857591241598129272e-02
-4.660630226135253906e-02,1.602412387728691101e-02,5.128518939018249512e-01,3.019133210182189941e-02,4.831169731914997101e-03,-1.037213252857327461e-03,9.995319247245788574e-01,-1.403638243675231934e+00,2.938391864299774170e-01,2.067900896072387695e-01,1.784070730209350586e+00,-3.163462877273559570e-01,9.868656843900680542e-02,-1.462855815887451172e+00,-3.677969276905059814e-01,-1.385298669338226318e-01,1.785153508186340332e+00,-3.263670206069946289e-01,-1.519962251186370850e-01,1.707299053668975830e-02,-7.428720593452453613e-02,-1.927920430898666382e-01,3.921034038066864014e-01,2.145784646272659302e-01,1.288521528244018555e+00,8.241972923278808594e-01,9.375608712434768677e-02,1.007489673793315887e-02,-1.465903222560882568e-01,-2.921690940856933594e-01,-7.632700353860855103e-02,1.085646152496337891e+00,-1.304962992668151855e+00,-2.654415369033813477e-01,9.790695458650588989e-02
-4.659794270992279053e-02,1.602547615766525269e-02,5.129123926162719727e-01,3.015255182981491089e-02,4.750291351228952408e-03,-1.047858735546469688e-03,9.995334744453430176e-01,-1.403471946716308594e+00,2.937297224998474121e-01,2.067119330167770386e-01,1.783767461776733398e+00,-3.161913156509399414e-01,9.882625937461853027e-02,-1.462534308433532715e+00,-3.676722645759582520e-01,-1.386364251375198364e-01,1.784939527511596680e+00,-3.263844847679138184e-01,-1.520209312438964844e-01,1.727208122611045837e-02,-7.420445233583450317e-02,-1.939604431390762329e-01,3.920650780200958252e-01,2.143245041370391846e-01,1.289450407028198242e+00,8.247717618942260742e-01,9.409085661172866821e-02,9.816077537834644318e-03,-1.465191692113876343e-01,-2.921854555606842041e-01,-7.654191553592681885e-02,1.085570693016052246e+00,-1.305377244949340820e+00,-2.660813629627227783e-01,9.735304117202758789e-02
-4.660166800022125244e-02,1.602217182517051697e-02,5.130035281181335449e-01,3.010612539947032928e-02,4.748292732983827591e-03,-1.041689654812216759e-03,9.995349049568176270e-01,-1.403413295745849609e+00,2.938465178012847900e-01,2.067244648933410645e-01,1.783673524856567383e+00,-3.159862756729125977e-01,9.885832667350769043e-02,-1.462290883064270020e+00,-3.676580786705017090e-01,-1.387387365102767944e-01,1.784696698188781738e+00,-3.262734711170196533e-01,-1.520490646362304688e-01,1.726627349853515625e-02,-7.411121577024459839e-02,-1.949051469564437866e-01,3.924085199832916260e-01,2.145868241786956787e-01,1.290326118469238281e+00,8.250384330749511719e-01,9.439482539892196655e-02,9.305627085268497467e-03,-1.468525975942611694e-01,-2.923513948917388916e-01,-7.655587792396545410e-02,1.085517048835754395e+00,-1.305688261985778809e+00,-2.668544054031372070e-01,9.668925404548645020e-02
-4.660220444202423096e-02,1.595252752304077148e-02,5.130802989006042480e-01,3.011629171669483185e-02,4.747811704874038696e-03,-1.053843763656914234e-03,9.995345473289489746e-01,-1.403406023979187012e+00,2.937442064285278320e-01,2.066378295421600342e-01,1.783600330352783203e+00,-3.158771693706512451e-01,9.868841618299484253e-02,-1.462046384811401367e+00,-3.676721155643463135e-01,-1.389225721359252930e-01,1.784540891647338867e+00,-3.262124657630920410e-01,-1.520811617374420166e-01,1.728737168014049530e-02,-7.396002858877182007e-02,-1.957060545682907104e-01,3.921346962451934814e-01,2.143949866294860840e-01,1.291145443916320801e+00,8.252179622650146484e-01,9.488598257303237915e-02,8.949209004640579224e-03,-1.467954218387603760e-01,-2.925505936145782471e-01,-7.673612236976623535e-02,1.085635304450988770e+00,-1.305967330932617188e+00,-2.675123810768127441e-01,9.614253789186477661e-02
-4.660266265273094177e-02,1.596054993569850922e-02,5.130707025527954102e-01,3.007113188505172729e-02,4.663128871470689774e-03,-1.059390255250036716e-03,9.995363354682922363e-01,-1.403289198875427246e+00,2.936752140522003174e-01,2.065764367580413818e-01,1.783429265022277832e+00,-3.156352043151855469e-01,9.861854463815689087e-02,-1.461686611175537109e+00,-3.676762282848358154e-01,-1.390495896339416504e-01,1.784448862075805664e+00,-3.261753916740417480e-01,-1.520642191171646118e-01,1.730919070541858673e-02,-7.386600226163864136e-02,-1.961270272731781006e-01,3.920426666736602783e-01,2.143436074256896973e-01,1.291712880134582520e+00,8.255774378776550293e-01,9.541932493448257446e-02,8.339825086295604706e-03,-1.466390639543533325e-01,-2.927058637142181396e-01,-7.671004533767700195e-02,1.085455656051635742e+00,-1.306244373321533203e+00,-2.681833505630493164e-01,9.567845612764358521e-02
-4.667865484952926636e-02,1.595347374677658081e-02,5.131627917289733887e-01,3.004224412143230438e-02,4.666657652705907822e-03,-1.049787155352532864e-03,9.995371699333190918e-01,-1.403201460838317871e+00,2.935536205768585205e-01,2.064926177263259888e-01,1.783293724060058594e+00,-3.154864907264709473e-01,9.863504767417907715e-02,-1.461608648300170898e+00,-3.676852881908416748e-01,-1.391441822052001953e-01,1.784396290779113770e+00,-3.261605799198150635e-01,-1.520673781633377075e-01,1.746178790926933289e-02,-7.380627840757369995e-02,-1.968643665313720703e-01,3.923045992851257324e-01,2.141225636005401611e-01,1.292132258415222168e+00,8.262046575546264648e-01,9.624361246824264526e-02,7.351616863161325455e-03,-1.465625762939453125e-01,-2.927305996417999268e-01,-7.692304998636245728e-02,1.085472702980041504e+00,-1.306410670280456543e+00,-2.685750722885131836e-01,9.535842388868331909e-02
-4.667209833860397339e-02,1.594458520412445068e-02,5.131568312644958496e-01,3.003263846039772034e-02,4.667114466428756714e-03,-1.042303978465497494e-03,9.995374679565429688e-01,-1.403152465820312500e+00,2.936028540134429932e-01,2.062988281250000000e-01,1.783188223838806152e+00,-3.153150975704193115e-01,9.862411022186279297e-02,-1.461465716361999512e+00,-3.676829040050506592e-01,-1.391768753528594971e-01,1.784109711647033691e+00,-3.261004686355590820e-01,-1.520665287971496582e-01,1.745310612022876740e-02,-7.344385981559753418e-02,-1.970179229974746704e-01,3.920211195945739746e-01,2.143279314041137695e-01,1.292438864707946777e+00,8.268029689788818359e-01,9.726013988256454468e-02,6.357245147228240967e-03,-1.467921435832977295e-01,-2.928766310214996338e-01,-7.671837508678436279e-02,1.085563778877258301e+00,-1.306307792663574219e+00,-2.688370645046234131e-01,9.503751993179321289e-02
-4.667534306645393372e-02,1.594670861959457397e-02,5.132411122322082520e-01,2.999826706945896149e-02,4.663973581045866013e-03,-1.000331714749336243e-03,9.995385408401489258e-01,-1.403202652931213379e+00,2.935139238834381104e-01,2.063789814710617065e-01,1.783146381378173828e+00,-3.152481913566589355e-01,9.857762604951858521e-02,-1.461401939392089844e+00,-3.676507472991943359e-01,-1.392795443534851074e-01,1.783917307853698730e+00,-3.260582983493804932e-01,-1.521225571632385254e-01,1.736682839691638947e-02,-7.337106019258499146e-02,-1.972043365240097046e-01,3.920269310474395752e-01,2.143413573503494263e-01,1.292662739753723145e+00,8.275076150894165039e-01,9.822861105203628540e-02,5.338418297469615936e-03,-1.469004899263381958e-01,-2.929241061210632324e-01,-7.692002505064010620e-02,1.085826039314270020e+00,-1.306360840797424316e+00,-2.689794003963470459e-01,9.489262849092483521e-02
-4.667147248983383179e-02,1.594723947346210480e-02,5.132210850715637207e-01,2.997719869017601013e-02,4.579618573188781738e-03,-9.928521467372775078e-04,9.995396137237548828e-01,-1.403070092201232910e+00,2.935128211975097656e-01,2.062716037034988403e-01,1.782928824424743652e+00,-3.149055242538452148e-01,9.874223917722702026e-02,-1.461085438728332520e+00,-3.676638901233673096e-01,-1.395012587308883667e-01,1.783951044082641602e+00,-3.260092437267303467e-01,-1.521193832159042358e-01,1.736101694405078888e-02,-7.332572340965270996e-02,-1.972136199474334717e-01,3.920470476150512695e-01,2.143232226371765137e-01,1.292918086051940918e+00,8.282563090324401855e-01,9.908049553632736206e-02,4.415904171764850616e-03,-1.467589884996414185e-01,-2.928925454616546631e-01,-7.678233087062835693e-02,1.085957646369934082e+00,-1.306244134902954102e+00,-2.689580917358398438e-01,9.483292698860168457e-02
-4.667583107948303223e-02,1.594511605799198151e-02,5.132369995117187500e-01,2.995448745787143707e-02,4.576993174850940704e-03,-9.828722104430198669e-04,9.995403289794921875e-01,-1.403065919876098633e+00,2.934713661670684814e-01,2.063570171594619751e-01,1.782873392105102539e+00,-3.147279620170593262e-01,9.876320511102676392e-02,-1.461003780364990234e+00,-3.676859736442565918e-01,-1.395863592624664307e-01,1.783889770507812500e+00,-3.260003626346588135e-01,-1.521378755569458008e-01,1.734086312353610992e-02,-7.328135520219802856e-02,-1.971590667963027954e-01,3.919866383075714111e-01,2.140968590974807739e-01,1.293029546737670898e+00,8.287920951843261719e-01,1.002627089619636536e-01,3.551813075318932533e-03,-1.469648927450180054e-01,-2.930488288402557373e-01,-7.659659534692764282e-02,1.086067914962768555e+00,-1.306217193603515625e+00,-2.690391838550567627e-01,9.489606320858001709e-02
-4.667604342103004456e-02,1.594592258334159851e-02,5.133115649223327637e-01,2.995626628398895264e-02,4.572749137878417969e-03,-9.535308345220983028e-04,9.995402693748474121e-01,-1.403113245964050293e+00,2.934307157993316650e-01,2.061529308557510376e-01,1.782936334609985352e+00,-3.145146667957305908e-01,9.882179647684097290e-02,-1.460920095443725586e+00,-3.675722777843475342e-01,-1.395547240972518921e-01,1.783713221549987793e+00,-3.260130286216735840e-01,-1.521366089582443237e-01,1.728439703583717346e-02,-7.311131060123443604e-02,-1.974903345108032227e-01,3.918422758579254150e-01,2.141241431236267090e-01,1.293158650398254395e+00,8.294953107833862305e-01,1.012338995933532715e-01,2.817486878484487534e-03,-1.473476886749267578e-01,-2.932184338569641113e-01,-7.641851902008056641e-02,1.086224794387817383e+00,-1.306212186813354492e+00,-2.690559327602386475e-01,9.491916000843048096e-02
-4.674910008907318115e-02,1.593191176652908325e-02,5.133077502250671387e-01,2.990520000457763672e-02,4.573823418468236923e-03,-9.605361265130341053e-04,9.995418190956115723e-01,-1.403209209442138672e+00,2.932461202144622803e-01,2.062456905841827393e-01,1.782881975173950195e+00,-3.145153224468231201e-01,9.874761849641799927e-02,-1.460877418518066406e+00,-3.675166964530944824e-01,-1.395051926374435425e-01,1.783545136451721191e+00,-3.259089291095733643e-01,-1.520589441061019897e-01,1.729802601039409637e-02,-7.300747931003570557e-02,-1.973284780979156494e-01,3.918164968490600586e-01,2.141430974006652832e-01,1.293412566184997559e+00,8.297984004020690918e-01,1.018788143992424011e-01,2.179259434342384338e-03,-1.473552435636520386e-01,-2.932212352752685547e-01,-7.641007006168365479e-02,1.086481809616088867e+00,-1.306212425231933594e+00,-2.690491378307342529e-01,9.494143724441528320e-02
-4.675566405057907104e-02,1.602001674473285675e-02,5.133015513420104980e-01,2.986787632107734680e-02,4.571697674691677094e-03,-9.455206454731523991e-04,9.995429515838623047e-01,-1.403190732002258301e+00,2.933436930179595947e-01,2.061384320259094238e-01,1.782827138900756836e+00,-3.144115209579467773e-01,9.866933524608612061e-02,-1.460849761962890625e+00,-3.675215244293212891e-01,-1.395547240972518921e-01,1.783521175384521484e+00,-3.258496820926666260e-01,-1.519842296838760376e-01,1.726982183754444122e-02,-7.293202728033065796e-02,-1.975000649690628052e-01,3.918525278568267822e-01,2.141298651695251465e-01,1.293638944625854492e+00,8.298679590225219727e-01,1.025392934679985046e-01,1.737341633997857571e-03,-1.476019769906997681e-01,-2.931689321994781494e-01,-7.609149068593978882e-02,1.086570739746093750e+00,-1.306089639663696289e+00,-2.689796984195709229e-01,9.494619071483612061e-02
-4.675027728080749512e-02,1.601823978126049042e-02,5.133742690086364746e-01,2.986572682857513428e-02,4.572206176817417145e-03,-9.493396501056849957e-04,9.995430111885070801e-01,-1.403218626976013184e+00,2.933621406555175781e-01,2.061152309179306030e-01,1.782688975334167480e+00,-3.141671717166900635e-01,9.875673055648803711e-02,-1.460702061653137207e+00,-3.675282597541809082e-01,-1.395884752273559570e-01,1.783402800559997559e+00,-3.258441984653472900e-01,-1.519808471202850342e-01,1.727565936744213104e-02,-7.292760163545608521e-02,-1.976861804723739624e-01,3.918759226799011230e-01,2.141259312629699707e-01,1.293985009193420410e+00,8.299855589866638184e-01,1.027534306049346924e-01,1.440374995581805706e-03,-1.477826684713363647e-01,-2.931936681270599365e-01,-7.606965303421020508e-02,1.086860299110412598e+00,-1.306160569190979004e+00,-2.689175009727478027e-01,9.493834525346755981e-02
-4.675503075122833252e-02,1.601776480674743652e-02,5.133755803108215332e-01,2.983519248664379120e-02,4.572111647576093674e-03,-9.415299864485859871e-04,9.995439052581787109e-01,-1.403203010559082031e+00,2.933349311351776123e-01,2.061448395252227783e-01,1.782610893249511719e+00,-3.140400350093841553e-01,9.877723455429077148e-02,-1.460655927658081055e+00,-3.675316572189331055e-01,-1.396624147891998291e-01,1.783371210098266602e+00,-3.258355557918548584e-01,-1.519774794578552246e-01,1.726046949625015259e-02,-7.269496470689773560e-02,-1.976706683635711670e-01,3.916881680488586426e-01,2.141794264316558838e-01,1.294257998466491699e+00,8.300164341926574707e-01,1.028935611248016357e-01,1.345679978840053082e-03,-1.477955579757690430e-01,-2.933674454689025879e-01,-7.604087889194488525e-02,1.086915254592895508e+00,-1.306075453758239746e+00,-2.689066231250762939e-01,9.502182900905609131e-02
-4.674607887864112854e-02,1.600506156682968140e-02,5.133693218231201172e-01,2.977498434484004974e-02,4.570640623569488525e-03,-9.512231918051838875e-04,9.995457530021667480e-01,-1.403252720832824707e+00,2.931802570819854736e-01,2.060106843709945679e-01,1.782589554786682129e+00,-3.139573633670806885e-01,9.886962920427322388e-02,-1.460590124130249023e+00,-3.674917519092559814e-01,-1.396561115980148315e-01,1.783373355865478516e+00,-3.257194459438323975e-01,-1.518971323966979980e-01,1.728017814457416534e-02,-7.257302850484848022e-02,-1.977409869432449341e-01,3.914853632450103760e-01,2.140608578920364380e-01,1.294476985931396484e+00,8.299093842506408691e-01,1.029626056551933289e-01,1.298022340051829815e-03,-1.479970961809158325e-01,-2.933496534824371338e-01,-7.589174807071685791e-02,1.086918592453002930e+00,-1.306050777435302734e+00,-2.689056694507598877e-01,9.504415839910507202e-02
-4.675145819783210754e-02,1.610346883535385132e-02,5.134261250495910645e-01,2.973769977688789368e-02,4.570665303617715836e-03,-9.371791966259479523e-04,9.995468258857727051e-01,-1.403298377990722656e+00,2.931894659996032715e-01,2.058634907007217407e-01,1.782596945762634277e+00,-3.138226270675659180e-01,9.890487790107727051e-02,-1.460462093353271484e+00,-3.675523102283477783e-01,-1.398513913154602051e-01,1.783134222030639648e+00,-3.256903588771820068e-01,-1.518455743789672852e-01,1.725281029939651489e-02,-7.249660789966583252e-02,-1.977018862962722778e-01,3.916133940219879150e-01,2.140919566154479980e-01,1.294586300849914551e+00,8.298640251159667969e-01,1.029481887817382812e-01,1.163075328804552555e-03,-1.480003446340560913e-01,-2.933509647846221924e-01,-7.588934898376464844e-02,1.086925864219665527e+00,-1.306043028831481934e+00,-2.689092159271240234e-01,9.504977613687515259e-02
-4.675137996673583984e-02,1.609361357986927032e-02,5.134204030036926270e-01,2.966272644698619843e-02,4.568378441035747528e-03,-9.107560035772621632e-04,9.995490908622741699e-01,-1.403266310691833496e+00,2.931976914405822754e-01,2.058949917554855347e-01,1.782527089118957520e+00,-3.137521743774414062e-01,9.890978783369064331e-02,-1.460380196571350098e+00,-3.675782382488250732e-01,-1.398694068193435669e-01,1.782952785491943359e+00,-3.255833089351654053e-01,-1.518760621547698975e-01,1.720062829554080963e-02,-7.234770804643630981e-02,-1.978140622377395630e-01,3.917006254196166992e-01,2.142529785633087158e-01,1.294632196426391602e+00,8.299580812454223633e-01,1.029657572507858276e-01,1.091949990950524807e-03,-1.479614675045013428e-01,-2.935125827789306641e-01,-7.593794167041778564e-02,1.086950063705444336e+00,-1.306040167808532715e+00,-2.689257264137268066e-01,9.504774212837219238e-02
-4.675760865211486816e-02,1.610275357961654663e-02,5.134034156799316406e-01,2.962104603648185730e-02,4.397833254188299179e-03,-9.050388471223413944e-04,9.995511174201965332e-01,-1.403118848800659180e+00,2.930031418800354004e-01,2.057639062404632568e-01,1.782632231712341309e+00,-3.136900067329406738e-01,9.881795197725296021e-02,-1.460057616233825684e+00,-3.674550652503967285e-01,-1.399201750755310059e-01,1.782809376716613770e+00,-3.255245387554168701e-01,-1.517585068941116333e-01,1.720437966287136078e-02,-7.225795835256576538e-02,-1.976484954357147217e-01,3.917014300823211670e-01,2.142547965049743652e-01,1.294650197029113770e+00,8.299881815910339355e-01,1.029796749353408813e-01,1.062419731169939041e-03,-1.477962583303451538e-01,-2.935129702091217041e-01,-7.593866437673568726e-02,1.086857199668884277e+00,-1.306044220924377441e+00,-2.688898146152496338e-01,9.511563926935195923e-02
-4.683572053909301758e-02,1.610125228762626648e-02,5.134773254394531250e-01,2.954897098243236542e-02,4.393520765006542206e-03,-8.790219435468316078e-04,9.995532631874084473e-01,-1.403062462806701660e+00,2.931121587753295898e-01,2.055229544639587402e-01,1.782502889633178711e+00,-3.135564923286437988e-01,9.896564483642578125e-02,-1.459961652755737305e+00,-3.674665391445159912e-01,-1.400699317455291748e-01,1.782777786254882812e+00,-3.254805505275726318e-01,-1.517164856195449829e-01,1.715416647493839264e-02,-7.211376726627349854e-02,-1.976519525051116943e-01,3.916818797588348389e-01,2.142791897058486938e-01,1.294637441635131836e+00,8.299947381019592285e-01,1.030240654945373535e-01,1.035413471981883049e-03,-1.478404551744461060e-01,-2.934813201427459717e-01,-7.576002925634384155e-02,1.086869716644287109e+00,-1.305945515632629395e+00,-2.687986791133880615e-01,9.525502473115921021e-02
-4.683262854814529419e-02,1.617642305791378021e-02,5.134717226028442383e-01,2.951641567051410675e-02,4.391117952764034271e-03,-9.163519134745001793e-04,9.995542168617248535e-01,-1.403175354003906250e+00,2.928971946239471436e-01,2.055256515741348267e-01,1.782456398010253906e+00,-3.134002387523651123e-01,9.897397458553314209e-02,-1.459676027297973633e+00,-3.674956262111663818e-01,-1.401709914207458496e-01,1.782737851142883301e+00,-3.254471123218536377e-01,-1.516774445772171021e-01,1.722640357911586761e-02,-7.204836606979370117e-02,-1.978851556777954102e-01,3.916573524475097656e-01,2.140909135341644287e-01,1.294742584228515625e+00,8.299957513809204102e-01,1.030513867735862732e-01,1.033174921758472919e-03,-1.479661017656326294e-01,-2.935273945331573486e-01,-7.592383772134780884e-02,1.087051153182983398e+00,-1.306014776229858398e+00,-2.686917781829833984e-01,9.520263224840164185e-02
-4.683040082454681396e-02,1.617182791233062744e-02,5.134704709053039551e-01,2.948285080492496490e-02,4.390271380543708801e-03,-8.914907812140882015e-04,9.995552301406860352e-01,-1.403242945671081543e+00,2.928889393806457520e-01,2.054805457592010498e-01,1.782369375228881836e+00,-3.133278787136077881e-01,9.902004897594451904e-02,-1.459635257720947266e+00,-3.675312697887420654e-01,-1.402442753314971924e-01,1.782565712928771973e+00,-3.253811597824096680e-01,-1.516702175140380859e-01,1.717956736683845520e-02,-7.198096811771392822e-02,-1.978956162929534912e-01,3.916680812835693359e-01,2.140831202268600464e-01,1.294781208038330078e+00,8.299944996833801270e-01,1.030789390206336975e-01,1.016424852423369884e-03,-1.479670405387878418e-01,-2.935266792774200439e-01,-7.592739909887313843e-02,1.087064981460571289e+00,-1.306035518646240234e+00,-2.686642706394195557e-01,9.518625587224960327e-02
-4.683390632271766663e-02,1.617306284606456757e-02,5.134675502777099609e-01,2.943821437656879425e-02,4.389483481645584106e-03,-8.814058965072035789e-04,9.995566010475158691e-01,-1.403244614601135254e+00,2.928602993488311768e-01,2.053246051073074341e-01,1.782330274581909180e+00,-3.131591677665710449e-01,9.905143082141876221e-02,-1.459585309028625488e+00,-3.675465881824493408e-01,-1.401956379413604736e-01,1.782544493675231934e+00,-3.253253698348999023e-01,-1.515749841928482056e-01,1.715972460806369781e-02,-7.189188152551651001e-02,-1.978958398103713989e-01,3.916426599025726318e-01,2.140965908765792847e-01,1.294722437858581543e+00,8.298855423927307129e-01,1.030288860201835632e-01,1.080353627912700176e-03,-1.479675620794296265e-01,-2.935263812541961670e-01,-7.592752575874328613e-02,1.087064862251281738e+00,-1.306041717529296875e+00,-2.686549723148345947e-01,9.518186002969741821e-02
-4.683578014373779297e-02,1.616924256086349487e-02,5.135379433631896973e-01,2.938927151262760162e-02,4.387865308672189713e-03,-8.637895807623863220e-04,9.995580315589904785e-01,-1.403222441673278809e+00,2.928757071495056152e-01,2.053766250610351562e-01,1.782281398773193359e+00,-3.130741417407989502e-01,9.910196810960769653e-02,-1.459540843963623047e+00,-3.675504624843597412e-01,-1.402927488088607788e-01,1.782539725303649902e+00,-3.253073096275329590e-01,-1.515258848667144775e-01,1.712520979344844818e-02,-7.179295271635055542e-02,-1.979152113199234009e-01,3.917669355869293213e-01,2.139316052198410034e-01,1.294904947280883789e+00,8.298517465591430664e-01,1.030932366847991943e-01,1.152103650383651257e-03,-1.481665670871734619e-01,-2.935089170932769775e-01,-7.578342407941818237e-02,1.087083816528320312e+00,-1.306049942970275879e+00,-2.685818076133728027e-01,9.525776654481887817e-02
-4.683574289083480835e-02,1.616592518985271454e-02,5.135455727577209473e-01,2.939257957041263580e-02,4.385510459542274475e-03,-8.274895953945815563e-04,9.995579719543457031e-01,-1.403254508972167969e+00,2.928395867347717285e-01,2.053166329860687256e-01,1.782393813133239746e+00,-3.130161166191101074e-01,9.915193170309066772e-02,-1.459519743919372559e+00,-3.676170408725738525e-01,-1.403058618307113647e-01,1.782514095306396484e+00,-3.252992033958435059e-01,-1.515120416879653931e-01,1.705300062894821167e-02,-7.180025428533554077e-02,-1.980779320001602173e-01,3.916867077350616455e-01,2.140874415636062622e-01,1.294974327087402344e+00,8.299528360366821289e-01,1.030324250459671021e-01,1.140836277045309544e-03,-1.481696963310241699e-01,-2.935053110122680664e-01,-7.577671110630035400e-02,1.087079763412475586e+00,-1.306057333946228027e+00,-2.685538232326507568e-01,9.528592228889465332e-02
-4.682085290551185608e-02,1.624820008873939514e-02,5.135312676429748535e-01,2.938807196915149689e-02,4.385665524750947952e-03,-8.300611516460776329e-04,9.995580911636352539e-01,-1.403319478034973145e+00,2.925834357738494873e-01,2.053457945585250854e-01,1.782329082489013672e+00,-3.128981888294219971e-01,9.921077638864517212e-02,-1.459536314010620117e+00,-3.675145208835601807e-01,-1.403124630451202393e-01,1.782445788383483887e+00,-3.253108859062194824e-01,-1.515328884124755859e-01,1.705732382833957672e-02,-7.161868363618850708e-02,-1.979093253612518311e-01,3.915818929672241211e-01,2.139953672885894775e-01,1.294975638389587402e+00,8.298778533935546875e-01,1.031033694744110107e-01,1.212329603731632233e-03,-1.483519524335861206e-01,-2.936908304691314697e-01,-7.574219256639480591e-02,1.087041258811950684e+00,-1.306174278259277344e+00,-2.685678303241729736e-01,9.528884291648864746e-02
-4.682458564639091492e-02,1.625636033713817596e-02,5.135324597358703613e-01,2.938329055905342102e-02,4.384848754853010178e-03,-8.164422470144927502e-04,9.995582699775695801e-01,-1.403330326080322266e+00,2.925263047218322754e-01,2.053309082984924316e-01,1.782308816909790039e+00,-3.128266930580139160e-01,9.924039989709854126e-02,-1.459519743919372559e+00,-3.675644397735595703e-01,-1.403359025716781616e-01,1.782480955123901367e+00,-3.252974450588226318e-01,-1.515528261661529541e-01,1.702862791717052460e-02,-7.160735130310058594e-02,-1.981442123651504517e-01,3.915528357028961182e-01,2.138056159019470215e-01,1.295093297958374023e+00,8.297415971755981445e-01,1.031006872653961182e-01,1.262608682736754417e-03,-1.483386605978012085e-01,-2.938650548458099365e-01,-7.574303448200225830e-02,1.087082386016845703e+00,-1.306197404861450195e+00,-2.685178220272064209e-01,9.520872682332992554e-02
-4.683499783277511597e-02,1.625546254217624664e-02,5.135211944580078125e-01,2.937112748622894287e-02,4.384848289191722870e-03,-8.104591397568583488e-04,9.995586276054382324e-01,-1.403297305107116699e+00,2.926413416862487793e-01,2.052584439516067505e-01,1.782290458679199219e+00,-3.127892315387725830e-01,9.926219284534454346e-02,-1.459544539451599121e+00,-3.678351044654846191e-01,-1.404533237218856812e-01,1.782471776008605957e+00,-3.253134489059448242e-01,-1.515328437089920044e-01,1.701714657247066498e-02,-7.158229500055313110e-02,-1.982160210609436035e-01,3.915159702301025391e-01,2.136227786540985107e-01,1.295105218887329102e+00,8.295866847038269043e-01,1.031967028975486755e-01,1.344778109341859818e-03,-1.483390927314758301e-01,-2.938668131828308105e-01,-7.574361562728881836e-02,1.087069988250732422e+00,-1.306200504302978516e+00,-2.684930264949798584e-01,9.518400579690933228e-02
-4.691262543201446533e-02,1.625343412160873413e-02,5.135170221328735352e-01,2.936624549329280853e-02,4.384628497064113617e-03,-7.969801081344485283e-04,9.995588064193725586e-01,-1.403312206268310547e+00,2.926295399665832520e-01,2.052447497844696045e-01,1.782294869422912598e+00,-3.127617239952087402e-01,9.926417469978332520e-02,-1.459388375282287598e+00,-3.679069280624389648e-01,-1.403692960739135742e-01,1.782361865043640137e+00,-3.253053426742553711e-01,-1.514530777931213379e-01,1.699202135205268860e-02,-7.157272845506668091e-02,-1.981055885553359985e-01,3.914339244365692139e-01,2.134581953287124634e-01,1.294969677925109863e+00,8.294253349304199219e-01,1.033389344811439514e-01,1.425304799340665340e-03,-1.485616713762283325e-01,-2.938452959060668945e-01,-7.556494325399398804e-02,1.087178349494934082e+00,-1.306089997291564941e+00,-2.684440910816192627e-01,9.519874304533004761e-02
-4.689991846680641174e-02,1.625132188200950623e-02,5.135967135429382324e-01,2.934791520237922668e-02,4.384362138807773590e-03,-8.040665416046977043e-04,9.995593428611755371e-01,-1.403412818908691406e+00,2.925738990306854248e-01,2.053541988134384155e-01,1.782181262969970703e+00,-3.124421238899230957e-01,9.931454807519912720e-02,-1.459349155426025391e+00,-3.678823411464691162e-01,-1.404025107622146606e-01,1.782360672950744629e+00,-3.253315091133117676e-01,-1.514002382755279541e-01,1.700448058545589447e-02,-7.153590768575668335e-02,-1.981659531593322754e-01,3.913852870464324951e-01,2.132790535688400269e-01,1.295068621635437012e+00,8.293749094009399414e-01,1.033505126833915710e-01,1.481734332628548145e-03,-1.485645920038223267e-01,-2.938461005687713623e-01,-7.555960118770599365e-02,1.087112188339233398e+00,-1.306036829948425293e+00,-2.683905065059661865e-01,9.517561644315719604e-02
-4.690337181091308594e-02,1.625770889222621918e-02,5.135921239852905273e-01,2.933391183614730835e-02,4.375566262751817703e-03,-7.594481576234102249e-04,9.995598196983337402e-01,-1.403479337692260742e+00,2.925788760185241699e-01,2.052727639675140381e-01,1.782180666923522949e+00,-3.123045861721038818e-01,9.933084994554519653e-02,-1.459351658821105957e+00,-3.679897487163543701e-01,-1.404271423816680908e-01,1.782188415527343750e+00,-3.251346945762634277e-01,-1.514128297567367554e-01,1.674209907650947571e-02,-7.150649279356002808e-02,-1.981679946184158325e-01,3.913846015930175781e-01,2.132762968540191650e-01,1.295092344284057617e+00,8.293580412864685059e-01,1.033658981323242188e-01,1.489745336584746838e-03,-1.484910696744918823e-01,-2.938716411590576172e-01,-7.578089833259582520e-02,1.087239503860473633e+00,-1.306130290031433105e+00,-2.683413326740264893e-01,9.516002237796783447e-02
-4.690341651439666748e-02,1.625394634902477264e-02,5.135883092880249023e-01,2.931536734104156494e-02,4.373994190245866776e-03,-7.384886848740279675e-04,9.995603561401367188e-01,-1.403423309326171875e+00,2.924413383007049561e-01,2.052080482244491577e-01,1.782098531723022461e+00,-3.122201859951019287e-01,9.937455505132675171e-02,-1.459331631660461426e+00,-3.680303394794464111e-01,-1.404787153005599976e-01,1.782178521156311035e+00,-3.250367939472198486e-01,-1.514210104942321777e-01,1.669969782233238220e-02,-7.146953791379928589e-02,-1.982901096343994141e-01,3.912658989429473877e-01,2.129353880882263184e-01,1.295201063156127930e+00,8.291310667991638184e-01,1.034306585788726807e-01,1.597065711393952370e-03,-1.487126052379608154e-01,-2.938509285449981689e-01,-7.560364156961441040e-02,1.087225198745727539e+00,-1.306056976318359375e+00,-2.682723999023437500e-01,9.525599330663681030e-02
-4.690143093466758728e-02,1.625397056341171265e-02,5.135944485664367676e-01,2.931096218526363373e-02,4.371612798422574997e-03,-7.134933839552104473e-04,9.995605349540710449e-01,-1.403488159179687500e+00,2.922488749027252197e-01,2.052357643842697144e-01,1.782072186470031738e+00,-3.121780753135681152e-01,9.937171638011932373e-02,-1.459378123283386230e+00,-3.679134547710418701e-01,-1.404490768909454346e-01,1.782127857208251953e+00,-3.250027894973754883e-01,-1.514231115579605103e-01,1.665170677006244659e-02,-7.146006077527999878e-02,-1.982994377613067627e-01,3.912748098373413086e-01,2.129283994436264038e-01,1.295239686965942383e+00,8.290548920631408691e-01,1.034712120890617371e-01,1.612171297892928123e-03,-1.487149000167846680e-01,-2.938513159751892090e-01,-7.560273259878158569e-02,1.087214469909667969e+00,-1.306037306785583496e+00,-2.682415544986724854e-01,9.528733789920806885e-02
-4.690161347389221191e-02,1.633250340819358826e-02,5.135893821716308594e-01,2.929200232028961182e-02,4.371544811874628067e-03,-7.066386751830577850e-04,9.995610713958740234e-01,-1.403447508811950684e+00,2.922249734401702881e-01,2.052651643753051758e-01,1.782116413116455078e+00,-3.120280802249908447e-01,9.950098395347595215e-02,-1.459383606910705566e+00,-3.679307401180267334e-01,-1.403291672468185425e-01,1.782007813453674316e+00,-3.249951303005218506e-01,-1.513388454914093018e-01,1.663771457970142365e-02,-7.142139226198196411e-02,-1.982992440462112427e-01,3.912740051746368408e-01,2.129295766353607178e-01,1.295246243476867676e+00,8.290214538574218750e-01,1.034422069787979126e-01,1.520424266345798969e-03,-1.486838459968566895e-01,-2.936834990978240967e-01,-7.567289471626281738e-02,1.087126970291137695e+00,-1.306018590927124023e+00,-2.681332230567932129e-01,9.527939558029174805e-02
-4.690196737647056580e-02,1.632778905332088470e-02,5.135883688926696777e-01,2.926732413470745087e-02,4.454585723578929901e-03,-6.989679532125592232e-04,9.995614290237426758e-01,-1.403563499450683594e+00,2.922719120979309082e-01,2.053570002317428589e-01,1.782020092010498047e+00,-3.119683563709259033e-01,9.956939518451690674e-02,-1.459344625473022461e+00,-3.680387437343597412e-01,-1.402262747287750244e-01,1.781989455223083496e+00,-3.249741792678833008e-01,-1.513098627328872681e-01,1.661168783903121948e-02,-7.120837271213531494e-02,-1.985071599483489990e-01,3.911330401897430420e-01,2.129013985395431519e-01,1.295367002487182617e+00,8.290141820907592773e-01,1.034978181123733521e-01,1.580810872837901115e-03,-1.488201022148132324e-01,-2.940653562545776367e-01,-7.577356696128845215e-02,1.087290406227111816e+00,-1.306108832359313965e+00,-2.680099904537200928e-01,9.518419951200485229e-02
-4.697860032320022583e-02,1.633779145777225494e-02,5.136541128158569336e-01,2.922601439058780670e-02,4.454891197383403778e-03,-7.019403856247663498e-04,9.995626807212829590e-01,-1.403594970703125000e+00,2.921074926853179932e-01,2.053799182176589966e-01,1.781856536865234375e+00,-3.118286430835723877e-01,9.958852827548980713e-02,-1.459331512451171875e+00,-3.680321574211120605e-01,-1.402876377105712891e-01,1.782000899314880371e+00,-3.249644637107849121e-01,-1.512712538242340088e-01,1.661897264420986176e-02,-7.112222164869308472e-02,-1.985535472631454468e-01,3.911918699741363525e-01,2.126335799694061279e-01,1.295494556427001953e+00,8.290088772773742676e-01,1.035638153553009033e-01,1.528210006654262543e-03,-1.490454226732254028e-01,-2.940527498722076416e-01,-7.559392601251602173e-02,1.087326169013977051e+00,-1.306153535842895508e+00,-2.680083811283111572e-01,9.525875002145767212e-02
-4.697965830564498901e-02,1.634564809501171112e-02,5.136502385139465332e-01,2.925391495227813721e-02,4.454700741916894913e-03,-6.618480547331273556e-04,9.995618462562561035e-01,-1.403729081153869629e+00,2.921318113803863525e-01,2.054364234209060669e-01,1.781951546669006348e+00,-3.117655813694000244e-01,9.960965067148208618e-02,-1.459222197532653809e+00,-3.680131137371063232e-01,-1.404341012239456177e-01,1.781758785247802734e+00,-3.248841762542724609e-01,-1.512610167264938354e-01,1.653907261788845062e-02,-7.117746770381927490e-02,-1.985561102628707886e-01,3.911926150321960449e-01,2.126311957836151123e-01,1.295545816421508789e+00,8.290034532546997070e-01,1.036106348037719727e-01,1.488117617554962635e-03,-1.490487158298492432e-01,-2.940512299537658691e-01,-7.559453696012496948e-02,1.087254762649536133e+00,-1.306160092353820801e+00,-2.679471671581268311e-01,9.527079761028289795e-02
-4.698554426431655884e-02,1.642413251101970673e-02,5.136451721191406250e-01,2.922115288674831390e-02,4.454372450709342957e-03,-6.555402069352567196e-04,9.995628595352172852e-01,-1.403731107711791992e+00,2.921231985092163086e-01,2.053146809339523315e-01,1.781932115554809570e+00,-3.117288351058959961e-01,9.964534640312194824e-02,-1.459191203117370605e+00,-3.680221438407897949e-01,-1.405201703310012817e-01,1.781732082366943359e+00,-3.248216211795806885e-01,-1.511549204587936401e-01,1.652749627828598022e-02,-7.111251354217529297e-02,-1.984888166189193726e-01,3.912317752838134766e-01,2.128129154443740845e-01,1.295575737953186035e+00,8.289993405342102051e-01,1.036408022046089172e-01,1.461829175241291523e-03,-1.490495204925537109e-01,-2.940506935119628906e-01,-7.559443265199661255e-02,1.087122917175292969e+00,-1.306149840354919434e+00,-2.678484618663787842e-01,9.526415914297103882e-02
-4.698682576417922974e-02,1.642011851072311401e-02,5.136259794235229492e-01,2.915388345718383789e-02,4.278074949979782104e-03,-6.719438824802637100e-04,9.995655417442321777e-01,-1.403461694717407227e+00,2.920442521572113037e-01,2.052855342626571655e-01,1.781929016113281250e+00,-3.115788698196411133e-01,9.968382120132446289e-02,-1.458997130393981934e+00,-3.679706156253814697e-01,-1.404145807027816772e-01,1.781739473342895508e+00,-3.248167932033538818e-01,-1.511540263891220093e-01,1.640586182475090027e-02,-7.096803188323974609e-02,-1.983158886432647705e-01,3.911950290203094482e-01,2.128283679485321045e-01,1.295708060264587402e+00,8.289989829063415527e-01,1.036300510168075562e-01,1.471401192247867584e-03,-1.491577774286270142e-01,-2.940047085285186768e-01,-7.523614168167114258e-02,1.087272882461547852e+00,-1.306151270866394043e+00,-2.677368819713592529e-01,9.529224038124084473e-02
-4.698279872536659241e-02,1.642016321420669556e-02,5.136322975158691406e-01,2.913298644125461578e-02,4.277170170098543167e-03,-6.927911890670657158e-04,9.995661377906799316e-01,-1.403471946716308594e+00,2.921259105205535889e-01,2.051519602537155151e-01,1.781834840774536133e+00,-3.115233778953552246e-01,9.977407008409500122e-02,-1.458946824073791504e+00,-3.679153919219970703e-01,-1.404477059841156006e-01,1.781727313995361328e+00,-3.248115777969360352e-01,-1.511285752058029175e-01,1.644320785999298096e-02,-7.092507928609848022e-02,-1.983841359615325928e-01,3.911674618721008301e-01,2.126476317644119263e-01,1.295743107795715332e+00,8.289985060691833496e-01,1.036440432071685791e-01,1.458078739233314991e-03,-1.491572707891464233e-01,-2.940027117729187012e-01,-7.522844523191452026e-02,1.087238907814025879e+00,-1.306025266647338867e+00,-2.676358819007873535e-01,9.528955817222595215e-02
-4.698516800999641418e-02,1.641734689474105835e-02,5.137154459953308105e-01,2.912245504558086395e-02,4.277418367564678192e-03,-7.052604923956096172e-04,9.995664358139038086e-01,-1.403473019599914551e+00,2.921541631221771240e-01,2.051285654306411743e-01,1.781821131706237793e+00,-3.114883601665496826e-01,9.978646785020828247e-02,-1.458927035331726074e+00,-3.678794503211975098e-01,-1.404746025800704956e-01,1.781704187393188477e+00,-3.248078227043151855e-01,-1.511217653751373291e-01,1.647005602717399597e-02,-7.090381532907485962e-02,-1.984972357749938965e-01,3.912375569343566895e-01,2.128093242645263672e-01,1.295892953872680664e+00,8.291121721267700195e-01,1.036369651556015015e-01,1.461270148865878582e-03,-1.491562277078628540e-01,-2.939940989017486572e-01,-7.523578405380249023e-02,1.087114453315734863e+00,-1.306087613105773926e+00,-2.674725949764251709e-01,9.533955901861190796e-02
-4.698403924703598022e-02,1.641754433512687683e-02,5.137151479721069336e-01,2.911489456892013550e-02,4.279606975615024567e-03,-7.214168435893952847e-04,9.995666742324829102e-01,-1.403398990631103516e+00,2.921659946441650391e-01,2.050848156213760376e-01,1.781814813613891602e+00,-3.114649951457977295e-01,9.980199486017227173e-02,-1.458852052688598633e+00,-3.678591251373291016e-01,-1.405522078275680542e-01,1.781727671623229980e+00,-3.247912228107452393e-01,-1.511124968528747559e-01,1.650128699839115143e-02,-7.088907808065414429e-02,-1.985377818346023560e-01,3.910707831382751465e-01,2.127955257892608643e-01,1.295779347419738770e+00,8.291539549827575684e-01,1.037549301981925964e-01,1.506751286797225475e-03,-1.493463963270187378e-01,-2.938091754913330078e-01,-7.512965798377990723e-02,1.087071418762207031e+00,-1.306133627891540527e+00,-2.674077451229095459e-01,9.547664970159530640e-02
-4.698459059000015259e-02,1.641834340989589691e-02,5.137127637863159180e-01,2.908837981522083282e-02,4.278935957700014114e-03,-7.219071267172694206e-04,9.995674490928649902e-01,-1.403548240661621094e+00,2.921715378761291504e-01,2.051355838775634766e-01,1.781898975372314453e+00,-3.114608228206634521e-01,9.968106448650360107e-02,-1.458673715591430664e+00,-3.678627610206604004e-01,-1.406388878822326660e-01,1.781590819358825684e+00,-3.247971236705780029e-01,-1.511203199625015259e-01,1.650018431246280670e-02,-7.083646208047866821e-02,-1.985977441072463989e-01,3.909995555877685547e-01,2.126335203647613525e-01,1.295884132385253906e+00,8.290572762489318848e-01,1.037610322237014771e-01,1.557723153382539749e-03,-1.494743376970291138e-01,-2.938506901264190674e-01,-7.529884576797485352e-02,1.087030768394470215e+00,-1.306143999099731445e+00,-2.673079073429107666e-01,9.550500661134719849e-02
-4.698246344923973083e-02,1.641612872481346130e-02,5.137133002281188965e-01,2.907373011112213135e-02,4.278986249119043350e-03,-7.177370716817677021e-04,9.995678663253784180e-01,-1.403574347496032715e+00,2.921769320964813232e-01,2.050998508930206299e-01,1.781920194625854492e+00,-3.114576637744903564e-01,9.965205937623977661e-02,-1.458664774894714355e+00,-3.678652644157409668e-01,-1.406645923852920532e-01,1.781420946121215820e+00,-3.247172534465789795e-01,-1.511240303516387939e-01,1.649367250502109528e-02,-7.080677896738052368e-02,-1.986003220081329346e-01,3.909984827041625977e-01,2.126301378011703491e-01,1.295914292335510254e+00,8.290244936943054199e-01,1.037778183817863464e-01,1.559894415549933910e-03,-1.494775116443634033e-01,-2.938559949398040771e-01,-7.530064880847930908e-02,1.086977601051330566e+00,-1.306151270866394043e+00,-2.672401368618011475e-01,9.552419185638427734e-02
-4.698373749852180481e-02,1.641319878399372101e-02,5.137204527854919434e-01,2.907533943653106689e-02,4.276675637811422348e-03,-7.013282738626003265e-04,9.995678067207336426e-01,-1.403510570526123047e+00,2.921709716320037842e-01,2.050885558128356934e-01,1.781935214996337891e+00,-3.114418685436248779e-01,9.964111447334289551e-02,-1.458722591400146484e+00,-3.677302002906799316e-01,-1.406289935111999512e-01,1.781364321708679199e+00,-3.246676921844482422e-01,-1.510136127471923828e-01,1.646190136671066284e-02,-7.080965489149093628e-02,-1.986007243394851685e-01,3.909983038902282715e-01,2.126300632953643799e-01,1.295925021171569824e+00,8.290131092071533203e-01,1.037886664271354675e-01,1.555137103423476219e-03,-1.494544446468353271e-01,-2.938615083694458008e-01,-7.533871382474899292e-02,1.086942434310913086e+00,-1.306256055831909180e+00,-2.671265900135040283e-01,9.552127867937088013e-02
-4.697659984230995178e-02,1.648787409067153931e-02,5.136397480964660645e-01,2.905215136706829071e-02,4.276176448911428452e-03,-7.238966063596308231e-04,9.995684623718261719e-01,-1.403543949127197266e+00,2.921172082424163818e-01,2.051038444042205811e-01,1.781860709190368652e+00,-3.113432526588439941e-01,9.967762976884841919e-02,-1.458707809448242188e+00,-3.676570355892181396e-01,-1.406596899032592773e-01,1.781366229057312012e+00,-3.246351480484008789e-01,-1.509662568569183350e-01,1.650835759937763214e-02,-7.076377421617507935e-02,-1.985995620489120483e-01,3.909984230995178223e-01,2.126288115978240967e-01,1.295930147171020508e+00,8.290089964866638184e-01,1.037947908043861389e-01,1.551007619127631187e-03,-1.496755331754684448e-01,-2.938401699066162109e-01,-7.516020536422729492e-02,1.086928844451904297e+00,-1.306187033653259277e+00,-2.669985294342041016e-01,9.562173485755920410e-02
-4.698558524250984192e-02,1.649392023682594299e-02,5.137201547622680664e-01,2.904680371284484863e-02,4.275427199900150299e-03,-7.132091559469699860e-04,9.995686411857604980e-01,-1.403498053550720215e+00,2.922020256519317627e-01,2.049836218357086182e-01,1.781857371330261230e+00,-3.112795650959014893e-01,9.969994425773620605e-02,-1.458710432052612305e+00,-3.676748275756835938e-01,-1.406616866588592529e-01,1.781352519989013672e+00,-3.246203362941741943e-01,-1.509564965963363647e-01,1.648634299635887146e-02,-7.075315713882446289e-02,-1.989532411098480225e-01,3.910589814186096191e-01,2.126056849956512451e-01,1.296173095703125000e+00,8.291296958923339844e-01,1.038375869393348694e-01,1.660861191339790821e-03,-1.498658806085586548e-01,-2.939989268779754639e-01,-7.501596212387084961e-02,1.086950778961181641e+00,-1.306252717971801758e+00,-2.668209969997406006e-01,9.555171430110931396e-02
-4.698732122778892517e-02,1.649623923003673553e-02,5.137252211570739746e-01,2.903296798467636108e-02,4.275892861187458038e-03,-7.281432626768946648e-04,9.995690584182739258e-01,-1.403485655784606934e+00,2.921781539916992188e-01,2.050750255584716797e-01,1.781913518905639648e+00,-3.112530112266540527e-01,9.974484890699386597e-02,-1.458682179450988770e+00,-3.677954673767089844e-01,-1.406845748424530029e-01,1.781339764595031738e+00,-3.246105313301086426e-01,-1.509610712528228760e-01,1.651341281831264496e-02,-7.072938978672027588e-02,-1.989559084177017212e-01,3.910447955131530762e-01,2.126086950302124023e-01,1.296230912208557129e+00,8.291712999343872070e-01,1.038791388273239136e-01,1.676173065789043903e-03,-1.498681753873825073e-01,-2.940012812614440918e-01,-7.501419633626937866e-02,1.086917042732238770e+00,-1.306271553039550781e+00,-2.667390704154968262e-01,9.553727507591247559e-02
-4.698657616972923279e-02,1.650020666420459747e-02,5.137268304824829102e-01,2.903198264539241791e-02,4.275015089660882950e-03,-7.233934593386948109e-04,9.995690584182739258e-01,-1.403486132621765137e+00,2.921736538410186768e-01,2.050859779119491577e-01,1.781918287277221680e+00,-3.112487494945526123e-01,9.978214651346206665e-02,-1.458678603172302246e+00,-3.678208291530609131e-01,-1.406899541616439819e-01,1.781340956687927246e+00,-3.246065676212310791e-01,-1.509536057710647583e-01,1.650262996554374695e-02,-7.072693109512329102e-02,-1.991920918226242065e-01,3.910310268402099609e-01,2.124156355857849121e-01,1.296370506286621094e+00,8.290727138519287109e-01,1.038767546415328979e-01,1.700652181170880795e-03,-1.498671919107437134e-01,-2.940016388893127441e-01,-7.501290738582611084e-02,1.086892604827880859e+00,-1.306277990341186523e+00,-2.666959762573242188e-01,9.553752839565277100e-02
-4.705835506319999695e-02,1.649513654410839081e-02,5.137137174606323242e-01,2.900435775518417358e-02,4.275510087609291077e-03,-7.272889488376677036e-04,9.995698928833007812e-01,-1.403576731681823730e+00,2.920816242694854736e-01,2.052220255136489868e-01,1.781759619712829590e+00,-3.111496865749359131e-01,9.980127960443496704e-02,-1.458525180816650391e+00,-3.677963018417358398e-01,-1.406033635139465332e-01,1.781228899955749512e+00,-3.246059715747833252e-01,-1.509737968444824219e-01,1.651216484606266022e-02,-7.067151367664337158e-02,-1.991658359766006470e-01,3.911789655685424805e-01,2.124511897563934326e-01,1.296419143676757812e+00,8.290380835533142090e-01,1.038993746042251587e-01,1.686622621491551399e-03,-1.498481184244155884e-01,-2.940058410167694092e-01,-7.505013793706893921e-02,1.086750864982604980e+00,-1.306266903877258301e+00,-2.666345834732055664e-01,9.552938491106033325e-02
-4.706287384033203125e-02,1.649835519492626190e-02,5.137209296226501465e-01,2.900386415421962738e-02,4.274637438356876373e-03,-7.217359379865229130e-04,9.995698928833007812e-01,-1.403566718101501465e+00,2.920646965503692627e-01,2.052318453788757324e-01,1.781726002693176270e+00,-3.110889196395874023e-01,9.982930123805999756e-02,-1.458504796028137207e+00,-3.677966296672821045e-01,-1.405986398458480835e-01,1.781199693679809570e+00,-3.246152698993682861e-01,-1.509539335966110229e-01,1.650200225412845612e-02,-7.067174464464187622e-02,-1.992039680480957031e-01,3.910132050514221191e-01,2.124357819557189941e-01,1.296407580375671387e+00,8.290309906005859375e-01,1.039921566843986511e-01,1.754601718857884407e-03,-1.500685513019561768e-01,-2.939862906932830811e-01,-7.487035542726516724e-02,1.086770772933959961e+00,-1.306283831596374512e+00,-2.665967643260955811e-01,9.563255310058593750e-02
-4.706118255853652954e-02,1.649804040789604187e-02,5.137231945991516113e-01,2.900556661188602448e-02,4.273259546607732773e-03,-6.888604257255792618e-04,9.995698928833007812e-01,-1.403563141822814941e+00,2.920049428939819336e-01,2.052268981933593750e-01,1.781715631484985352e+00,-3.109493255615234375e-01,9.984431415796279907e-02,-1.458501458168029785e+00,-3.678540587425231934e-01,-1.405992954969406128e-01,1.781191110610961914e+00,-3.246185481548309326e-01,-1.509437412023544312e-01,1.643532887101173401e-02,-7.067504525184631348e-02,-1.991883069276809692e-01,3.908986151218414307e-01,2.125959396362304688e-01,1.296555519104003906e+00,8.291401267051696777e-01,1.039189323782920837e-01,1.716519240289926529e-03,-1.500231027603149414e-01,-2.940175235271453857e-01,-7.504462450742721558e-02,1.086829781532287598e+00,-1.306277155876159668e+00,-2.665402889251708984e-01,9.557903558015823364e-02
-4.706354066729545593e-02,1.649894379079341888e-02,5.138018727302551270e-01,2.900827489793300629e-02,4.272480960935354233e-03,-6.692680763080716133e-04,9.995698332786560059e-01,-1.403568863868713379e+00,2.919622957706451416e-01,2.052280902862548828e-01,1.781696796417236328e+00,-3.108866512775421143e-01,9.985157102346420288e-02,-1.458501338958740234e+00,-3.678964078426361084e-01,-1.405965238809585571e-01,1.781193494796752930e+00,-3.246203064918518066e-01,-1.509390473365783691e-01,1.639665849506855011e-02,-7.067896425724029541e-02,-1.991457939147949219e-01,3.910425901412963867e-01,2.126267701387405396e-01,1.296601653099060059e+00,8.291753530502319336e-01,1.039173677563667297e-01,1.686128671281039715e-03,-1.501727104187011719e-01,-2.940349876880645752e-01,-7.507957518100738525e-02,1.086833357810974121e+00,-1.306271791458129883e+00,-2.665243446826934814e-01,9.555898606777191162e-02
-4.705978929996490479e-02,1.649293117225170135e-02,5.137929320335388184e-01,2.898394502699375153e-02,4.265988245606422424e-03,-6.616720929741859436e-04,9.995705485343933105e-01,-1.403547167778015137e+00,2.919925451278686523e-01,2.051376700401306152e-01,1.781603932380676270e+00,-3.108678162097930908e-01,9.990034252405166626e-02,-1.458480119705200195e+00,-3.679076135158538818e-01,-1.406578272581100464e-01,1.781211256980895996e+00,-3.245095908641815186e-01,-1.508314758539199829e-01,1.621046662330627441e-02,-7.063066959381103516e-02,-1.990774571895599365e-01,3.910803198814392090e-01,2.128077596426010132e-01,1.296588778495788574e+00,8.291833400726318359e-01,1.039558723568916321e-01,1.659643952734768391e-03,-1.502587348222732544e-01,-2.941332161426544189e-01,-7.473692297935485840e-02,1.086827039718627930e+00,-1.306137919425964355e+00,-2.662653923034667969e-01,9.561381489038467407e-02
-4.706174135208129883e-02,1.656749099493026733e-02,5.138003826141357422e-01,2.897708490490913391e-02,4.264127928763628006e-03,-6.496947025880217552e-04,9.995707869529724121e-01,-1.403693437576293945e+00,2.919906377792358398e-01,2.051327824592590332e-01,1.781692862510681152e+00,-3.108475506305694580e-01,9.992263466119766235e-02,-1.458449363708496094e+00,-3.679203093051910400e-01,-1.406821310520172119e-01,1.781183958053588867e+00,-3.244607746601104736e-01,-1.507849842309951782e-01,1.618064381182193756e-02,-7.061572372913360596e-02,-1.993092447519302368e-01,3.910692036151885986e-01,2.126172780990600586e-01,1.296715140342712402e+00,8.291867375373840332e-01,1.039462536573410034e-01,1.672323443926870823e-03,-1.503841578960418701e-01,-2.941825091838836670e-01,-7.490006834268569946e-02,1.086885452270507812e+00,-1.306208014488220215e+00,-2.661514282226562500e-01,9.563115984201431274e-02
-4.705343022942543030e-02,1.656487397849559784e-02,5.137860178947448730e-01,2.895404584705829620e-02,4.264411982148885727e-03,-6.460461881943047047e-04,9.995714426040649414e-01,-1.403661608695983887e+00,2.918951511383056641e-01,2.052138894796371460e-01,1.781693458557128906e+00,-3.108204007148742676e-01,9.994545578956604004e-02,-1.458460330963134766e+00,-3.679516017436981201e-01,-1.407316476106643677e-01,1.781052947044372559e+00,-3.243703246116638184e-01,-1.508202552795410156e-01,1.617683470249176025e-02,-7.056994736194610596e-02,-1.993129402399063110e-01,3.910690248012542725e-01,2.126130014657974243e-01,1.296751856803894043e+00,8.291866183280944824e-01,1.039603948593139648e-01,1.661464688368141651e-03,-1.506073027849197388e-01,-2.941617071628570557e-01,-7.472084462642669678e-02,1.086970925331115723e+00,-1.306236624717712402e+00,-2.660569548606872559e-01,9.565546363592147827e-02
-4.705650731921195984e-02,1.656814105808734894e-02,5.137879252433776855e-01,2.895109355449676514e-02,4.264246672391891479e-03,-6.404622690752148628e-04,9.995715022087097168e-01,-1.403659939765930176e+00,2.918803691864013672e-01,2.052163332700729370e-01,1.781680226325988770e+00,-3.108078241348266602e-01,9.997370839118957520e-02,-1.458450317382812500e+00,-3.679697513580322266e-01,-1.407432109117507935e-01,1.781028032302856445e+00,-3.243100047111511230e-01,-1.508305370807647705e-01,1.616496220231056213e-02,-7.056368142366409302e-02,-1.994860917329788208e-01,3.910559713840484619e-01,2.126244902610778809e-01,1.296763777732849121e+00,8.291858434677124023e-01,1.039712056517601013e-01,1.652080332860350609e-03,-1.506362557411193848e-01,-2.941309213638305664e-01,-7.458079606294631958e-02,1.086874842643737793e+00,-1.306138634681701660e+00,-2.660023570060729980e-01,9.574432671070098877e-02
-4.705987498164176941e-02,1.657585985958576202e-02,5.137930512428283691e-01,2.895904332399368286e-02,4.264465533196926117e-03,-6.401618593372404575e-04,9.995713233947753906e-01,-1.403802037239074707e+00,2.918187677860260010e-01,2.050598263740539551e-01,1.781785368919372559e+00,-3.107969164848327637e-01,9.997145086526870728e-02,-1.458450198173522949e+00,-3.679826557636260986e-01,-1.407229304313659668e-01,1.781004428863525391e+00,-3.242767155170440674e-01,-1.508298665285110474e-01,1.616371236741542816e-02,-7.057949155569076538e-02,-1.994869261980056763e-01,3.910583257675170898e-01,2.126259058713912964e-01,1.296748042106628418e+00,8.290674686431884766e-01,1.040128320455551147e-01,1.639095717109739780e-03,-1.506369709968566895e-01,-2.941300868988037109e-01,-7.457910478115081787e-02,1.086847424507141113e+00,-1.306110620498657227e+00,-2.659664452075958252e-01,9.577417373657226562e-02
-4.705678671598434448e-02,1.657178439199924469e-02,5.137759447097778320e-01,2.891469001770019531e-02,4.263811744749546051e-03,-6.272072205320000648e-04,9.995725750923156738e-01,-1.403809309005737305e+00,2.918349206447601318e-01,2.051067352294921875e-01,1.781745910644531250e+00,-3.106814920902252197e-01,9.998349100351333618e-02,-1.458429336547851562e+00,-3.679882586002349854e-01,-1.408112496137619019e-01,1.781030178070068359e+00,-3.242685794830322266e-01,-1.508283615112304688e-01,1.613800786435604095e-02,-7.049114257097244263e-02,-1.994879394769668579e-01,3.910599946975708008e-01,2.126253247261047363e-01,1.296751737594604492e+00,8.290270566940307617e-01,1.040286123752593994e-01,1.630297861993312836e-03,-1.506147682666778564e-01,-2.941312789916992188e-01,-7.461855560541152954e-02,1.086834788322448730e+00,-1.306102871894836426e+00,-2.659462392330169678e-01,9.578506648540496826e-02
-4.705830663442611694e-02,1.657137088477611542e-02,5.137740373611450195e-01,2.890550345182418823e-02,4.262669011950492859e-03,-6.228787242434918880e-04,9.995728731155395508e-01,-1.403819322586059570e+00,2.918383777141571045e-01,2.050931155681610107e-01,1.781739711761474609e+00,-3.106271326541900635e-01,1.000019311904907227e-01,-1.458415627479553223e+00,-3.679982125759124756e-01,-1.408383846282958984e-01,1.781025528907775879e+00,-3.242654204368591309e-01,-1.508308649063110352e-01,1.613022759556770325e-02,-7.047268748283386230e-02,-1.994912922382354736e-01,3.910458087921142578e-01,2.126352936029434204e-01,1.296755671501159668e+00,8.290130496025085449e-01,1.040357872843742371e-01,1.624624012038111687e-03,-1.509607285261154175e-01,-2.941600382328033447e-01,-7.460930943489074707e-02,1.086922883987426758e+00,-1.306214690208435059e+00,-2.659328281879425049e-01,9.578838199377059937e-02
-4.705422744154930115e-02,1.657697558403015137e-02,5.137740373611450195e-01,2.893560752272605896e-02,4.263558425009250641e-03,-6.135124131105840206e-04,9.995719790458679199e-01,-1.403838157653808594e+00,2.918189764022827148e-01,2.049387097358703613e-01,1.781831979751586914e+00,-3.105902373790740967e-01,1.000507920980453491e-01,-1.458443164825439453e+00,-3.679300248622894287e-01,-1.407853215932846069e-01,1.780925989151000977e+00,-3.242773711681365967e-01,-1.508721113204956055e-01,1.611066423356533051e-02,-7.053215801715850830e-02,-1.994927376508712769e-01,3.910462260246276855e-01,2.126357704401016235e-01,1.296759128570556641e+00,8.290081024169921875e-01,1.040399149060249329e-01,1.620857859961688519e-03,-1.509645730257034302e-01,-2.941583991050720215e-01,-7.460986077785491943e-02,1.086967349052429199e+00,-1.306242346763610840e+00,-2.658298611640930176e-01,9.578938782215118408e-02
-4.712937027215957642e-02,1.656971685588359833e-02,5.137662291526794434e-01,2.891455218195915222e-02,4.263399634510278702e-03,-6.208945414982736111e-04,9.995725750923156738e-01,-1.403923392295837402e+00,2.917337119579315186e-01,2.050536721944808960e-01,1.781786084175109863e+00,-3.105750977993011475e-01,1.000605598092079163e-01,-1.458425879478454590e+00,-3.678956031799316406e-01,-1.408311575651168823e-01,1.780927777290344238e+00,-3.242606520652770996e-01,-1.508992612361907959e-01,1.612524501979351044e-02,-7.049071043729782104e-02,-1.994913667440414429e-01,3.910227417945861816e-01,2.126497328281402588e-01,1.296760201454162598e+00,8.290062546730041504e-01,1.040417253971099854e-01,1.619016635231673717e-03,-1.509420275688171387e-01,-2.941602170467376709e-01,-7.464631646871566772e-02,1.086906075477600098e+00,-1.306351184844970703e+00,-2.657035589218139648e-01,9.575921297073364258e-02
-4.713936150074005127e-02,1.657976768910884857e-02,5.137591958045959473e-01,2.889593690633773804e-02,4.262803588062524796e-03,-6.090953247621655464e-04,9.995731711387634277e-01,-1.403866767883300781e+00,2.917657196521759033e-01,2.049154490232467651e-01,1.781838297843933105e+00,-3.105530440807342529e-01,1.000571772456169128e-01,-1.458423256874084473e+00,-3.679199516773223877e-01,-1.407058387994766235e-01,1.780922532081604004e+00,-3.242500424385070801e-01,-1.508035063743591309e-01,1.610287651419639587e-02,-7.045342773199081421e-02,-1.994441598653793335e-01,3.910254538059234619e-01,2.127148658037185669e-01,1.296763181686401367e+00,8.290054202079772949e-01,1.040437370538711548e-01,1.617306959815323353e-03,-1.511152833700180054e-01,-2.941744029521942139e-01,-7.464487850666046143e-02,1.086953520774841309e+00,-1.306276082992553711e+00,-2.656394839286804199e-01,9.578557312488555908e-02
-4.713748395442962646e-02,1.658102683722972870e-02,5.137563943862915039e-01,2.889328636229038239e-02,4.262644331902265549e-03,-6.066186469979584217e-04,9.995732307434082031e-01,-1.403866767883300781e+00,2.917550504207611084e-01,2.049038112163543701e-01,1.781840085983276367e+00,-3.105610311031341553e-01,1.000419035553932190e-01,-1.458419442176818848e+00,-3.679153621196746826e-01,-1.406968981027603149e-01,1.780922889709472656e+00,-3.242510557174682617e-01,-1.507510989904403687e-01,1.609616167843341827e-02,-7.044788450002670288e-02,-1.995144039392471313e-01,3.909573554992675781e-01,2.125610560178756714e-01,1.296883583068847656e+00,8.290071487426757812e-01,1.040182709693908691e-01,1.639771508052945137e-03,-1.511196941137313843e-01,-2.941725552082061768e-01,-7.463803887367248535e-02,1.086948156356811523e+00,-1.306251883506774902e+00,-2.656139135360717773e-01,9.579131752252578735e-02
-4.705445840954780579e-02,1.665487140417098999e-02,5.137460827827453613e-01,2.886876836419105530e-02,4.262546543031930923e-03,-6.189106497913599014e-04,9.995739459991455078e-01,-1.403909802436828613e+00,2.916830778121948242e-01,2.049135416746139526e-01,1.781771659851074219e+00,-3.105896413326263428e-01,1.000692099332809448e-01,-1.458403468132019043e+00,-3.678717613220214844e-01,-1.407428532838821411e-01,1.780932426452636719e+00,-3.242632448673248291e-01,-1.507161259651184082e-01,1.612242497503757477e-02,-7.039876282215118408e-02,-1.996334195137023926e-01,3.910357058048248291e-01,2.127226740121841431e-01,1.297047495841979980e+00,8.290076851844787598e-01,1.040049344301223755e-01,1.652857172302901745e-03,-1.511191576719284058e-01,-2.941741645336151123e-01,-7.463898509740829468e-02,1.086942553520202637e+00,-1.306243896484375000e+00,-2.656017839908599854e-01,9.579281508922576904e-02
-4.705388471484184265e-02,1.665032096207141876e-02,5.138210058212280273e-01,2.886425517499446869e-02,4.262710455805063248e-03,-6.106172222644090652e-04,9.995740652084350586e-01,-1.403907418251037598e+00,2.917264997959136963e-01,2.049340605735778809e-01,1.781759858131408691e+00,-3.105605542659759521e-01,1.001383513212203979e-01,-1.458393812179565430e+00,-3.678833246231079102e-01,-1.407617181539535522e-01,1.780933499336242676e+00,-3.242663145065307617e-01,-1.507242918014526367e-01,1.610606536269187927e-02,-7.039062678813934326e-02,-1.996336281299591064e-01,3.910151422023773193e-01,2.127348631620407104e-01,1.297095060348510742e+00,8.291260004043579102e-01,1.039986759424209595e-01,1.701368251815438271e-03,-1.511320024728775024e-01,-2.943153679370880127e-01,-7.450509816408157349e-02,1.086944460868835449e+00,-1.306241869926452637e+00,-2.655991613864898682e-01,9.579260647296905518e-02
-4.705286398530006409e-02,1.665875688195228577e-02,5.138141512870788574e-01,2.884920500218868256e-02,4.262500908225774765e-03,-6.143408245407044888e-04,9.995744824409484863e-01,-1.403862595558166504e+00,2.916739881038665771e-01,2.049570083618164062e-01,1.781800627708435059e+00,-3.104226589202880859e-01,1.001264378428459167e-01,-1.458386063575744629e+00,-3.678832650184631348e-01,-1.407820284366607666e-01,1.780933499336242676e+00,-3.242628574371337891e-01,-1.507204174995422363e-01,1.611301302909851074e-02,-7.035887241363525391e-02,-1.996333897113800049e-01,3.910133242607116699e-01,2.127361446619033813e-01,1.297101497650146484e+00,8.291669487953186035e-01,1.039997264742851257e-01,1.717721344903111458e-03,-1.511453241109848022e-01,-2.941364347934722900e-01,-7.450588792562484741e-02,1.086877465248107910e+00,-1.306359648704528809e+00,-2.655570209026336670e-01,9.587092697620391846e-02
-4.704898595809936523e-02,1.665387116372585297e-02,5.138072371482849121e-01,2.883549407124519348e-02,4.261010326445102692e-03,-6.049242801964282990e-04,9.995748996734619141e-01,-1.403897047042846680e+00,2.917088568210601807e-01,2.048168033361434937e-01,1.781739115715026855e+00,-3.103845119476318359e-01,1.001888737082481384e-01,-1.458372473716735840e+00,-3.678940832614898682e-01,-1.408151984214782715e-01,1.780938982963562012e+00,-3.241536617279052734e-01,-1.507230401039123535e-01,1.609508134424686432e-02,-7.033167034387588501e-02,-1.996304988861083984e-01,3.909892141819000244e-01,2.127490937709808350e-01,1.297100067138671875e+00,8.291811943054199219e-01,1.039993390440940857e-01,1.724807894788682461e-03,-1.515052318572998047e-01,-2.939888536930084229e-01,-7.449254393577575684e-02,1.087003946304321289e+00,-1.306411743164062500e+00,-2.654408812522888184e-01,9.599146246910095215e-02
-4.705087095499038696e-02,1.665175147354602814e-02,5.138056278228759766e-01,2.882670797407627106e-02,4.261500202119350433e-03,-6.026233895681798458e-04,9.995751380920410156e-01,-1.403908014297485352e+00,2.917045652866363525e-01,2.047898173332214355e-01,1.781730890274047852e+00,-3.103562295436859131e-01,1.001954078674316406e-01,-1.458361744880676270e+00,-3.678957223892211914e-01,-1.408410072326660156e-01,1.780924677848815918e+00,-3.241071105003356934e-01,-1.507286131381988525e-01,1.608856394886970520e-02,-7.031449675559997559e-02,-1.996990740299224854e-01,3.909533917903900146e-01,2.125711888074874878e-01,1.297205090522766113e+00,8.290790319442749023e-01,1.040571108460426331e-01,1.830898108892142773e-03,-1.515101194381713867e-01,-2.939868569374084473e-01,-7.448955625295639038e-02,1.087020993232727051e+00,-1.306437015533447266e+00,-2.654115855693817139e-01,9.603454917669296265e-02
-4.705181345343589783e-02,1.665136404335498810e-02,5.138041973114013672e-01,2.882279828190803528e-02,4.261624999344348907e-03,-6.014814134687185287e-04,9.995752573013305664e-01,-1.403912782669067383e+00,2.917025685310363770e-01,2.047796994447708130e-01,1.781727552413940430e+00,-3.103425204753875732e-01,1.001972258090972900e-01,-1.458355903625488281e+00,-3.678976297378540039e-01,-1.408527791500091553e-01,1.780916929244995117e+00,-3.240860700607299805e-01,-1.507322341203689575e-01,1.608739420771598816e-02,-7.030683010816574097e-02,-1.997000128030776978e-01,3.909286558628082275e-01,2.125818282365798950e-01,1.297233223915100098e+00,8.290455937385559082e-01,1.040900722146034241e-01,1.852468587458133698e-03,-1.515130251646041870e-01,-2.939910888671875000e-01,-7.448977231979370117e-02,1.087019443511962891e+00,-1.306448459625244141e+00,-2.654007673263549805e-01,9.605132788419723511e-02
-4.705382138490676880e-02,1.665278337895870209e-02,5.137931108474731445e-01,2.878394536674022675e-02,4.260421264916658401e-03,-5.955809610895812511e-04,9.995763897895812988e-01,-1.403895378112792969e+00,2.916790246963500977e-01,2.048244178295135498e-01,1.781701922416687012e+00,-3.103343546390533447e-01,1.001815050840377808e-01,-1.458332657814025879e+00,-3.678966462612152100e-01,-1.409282237291336060e-01,1.780920505523681641e+00,-3.240740299224853516e-01,-1.507305502891540527e-01,1.607376523315906525e-02,-7.022733241319656372e-02,-1.999180614948272705e-01,3.910498917102813721e-01,2.122856527566909790e-01,1.297244906425476074e+00,8.290354013442993164e-01,1.041077077388763428e-01,1.852874876931309700e-03,-1.514806598424911499e-01,-2.938248813152313232e-01,-7.456222921609878540e-02,1.087001562118530273e+00,-1.306453347206115723e+00,-2.653854191303253174e-01,9.606061875820159912e-02
-4.704913496971130371e-02,1.665223203599452972e-02,5.137925148010253906e-01,2.877827174961566925e-02,4.260640125721693039e-03,-5.916126538068056107e-04,9.995765686035156250e-01,-1.404082059860229492e+00,2.916747629642486572e-01,2.048018723726272583e-01,1.781646609306335449e+00,-3.102539479732513428e-01,1.001819372177124023e-01,-1.458338975906372070e+00,-3.679036200046539307e-01,-1.409279555082321167e-01,1.780763626098632812e+00,-3.239891827106475830e-01,-1.507308781147003174e-01,1.606833375990390778e-02,-7.021787017583847046e-02,-1.997447013854980469e-01,3.909914493560791016e-01,2.123123705387115479e-01,1.297342300415039062e+00,8.290268182754516602e-01,1.041446775197982788e-01,1.794420299120247364e-03,-1.514803469181060791e-01,-2.938225567340850830e-01,-7.456549257040023804e-02,1.087007164955139160e+00,-1.306455969810485840e+00,-2.653841972351074219e-01,9.606340527534484863e-02
-4.705255851149559021e-02,1.665133424103260040e-02,5.137919187545776367e-01,2.876592800021171570e-02,4.260475281625986099e-03,-5.909125320613384247e-04,9.995769262313842773e-01,-1.404108762741088867e+00,2.916761040687561035e-01,2.047691047191619873e-01,1.781637430191040039e+00,-3.100771903991699219e-01,1.001878455281257629e-01,-1.458327054977416992e+00,-3.679048418998718262e-01,-1.408079117536544800e-01,1.780751109123229980e+00,-3.239263594150543213e-01,-1.506413221359252930e-01,1.606731116771697998e-02,-7.019273191690444946e-02,-1.997350603342056274e-01,3.910453319549560547e-01,2.124238610267639160e-01,1.297386884689331055e+00,8.290209770202636719e-01,1.041793599724769592e-01,1.754631986841559410e-03,-1.514803618192672729e-01,-2.938229739665985107e-01,-7.456572353839874268e-02,1.087008595466613770e+00,-1.306457042694091797e+00,-2.653846740722656250e-01,9.606429934501647949e-02
-4.712697118520736694e-02,1.664897613227367401e-02,5.137886404991149902e-01,2.876113727688789368e-02,4.260682966560125351e-03,-5.991233047097921371e-04,9.995770454406738281e-01,-1.404059410095214844e+00,2.915963232517242432e-01,2.047054171562194824e-01,1.781604290008544922e+00,-3.099730312824249268e-01,1.002447456121444702e-01,-1.458330273628234863e+00,-3.678781986236572266e-01,-1.408059298992156982e-01,1.780757188796997070e+00,-3.238936066627502441e-01,-1.506016403436660767e-01,1.608310639858245850e-02,-7.018340378999710083e-02,-1.997334957122802734e-01,3.910216391086578369e-01,2.124388217926025391e-01,1.297403931617736816e+00,8.290177583694458008e-01,1.041991040110588074e-01,1.733189215883612633e-03,-1.514806896448135376e-01,-2.938226759433746338e-01,-7.456506788730621338e-02,1.087009072303771973e+00,-1.306457400321960449e+00,-2.653851211071014404e-01,9.606459736824035645e-02
-4.712629690766334534e-02,1.673503220081329346e-02,5.137900114059448242e-01,2.876536548137664795e-02,4.260903690010309219e-03,-6.056312122382223606e-04,9.995769262313842773e-01,-1.404048323631286621e+00,2.915924191474914551e-01,2.047218382358551025e-01,1.781596422195434570e+00,-3.099540770053863525e-01,1.002775952219963074e-01,-1.458340525627136230e+00,-3.679123520851135254e-01,-1.409649103879928589e-01,1.780664563179016113e+00,-3.239052295684814453e-01,-1.505636721849441528e-01,1.609584316611289978e-02,-7.019254565238952637e-02,-1.997334063053131104e-01,3.910222053527832031e-01,2.124390155076980591e-01,1.297414779663085938e+00,8.290159106254577637e-01,1.042111217975616455e-01,1.721032196655869484e-03,-1.514672785997390747e-01,-2.939935326576232910e-01,-7.456805557012557983e-02,1.086944580078125000e+00,-1.306438446044921875e+00,-2.653751969337463379e-01,9.596513211727142334e-02
-4.713456705212593079e-02,1.674276590347290039e-02,5.137888789176940918e-01,2.874223515391349792e-02,4.259940236806869507e-03,-5.871348548680543900e-04,9.995775818824768066e-01,-1.404093146324157715e+00,2.916321158409118652e-01,2.046661823987960815e-01,1.781591176986694336e+00,-3.099493086338043213e-01,1.002445295453071594e-01,-1.458315968513488770e+00,-3.679594397544860840e-01,-1.410208791494369507e-01,1.780644178390502930e+00,-3.238936066627502441e-01,-1.505716443061828613e-01,1.605943404138088226e-02,-7.014554738998413086e-02,-1.997333765029907227e-01,3.910215795040130615e-01,2.124386876821517944e-01,1.297420978546142578e+00,8.290148377418518066e-01,1.042181402444839478e-01,1.714154961518943310e-03,-1.514663696289062500e-01,-2.939954400062561035e-01,-7.456884533166885376e-02,1.086909174919128418e+00,-1.306426644325256348e+00,-2.653492093086242676e-01,9.593497216701507568e-02
-4.713501408696174622e-02,1.674138568341732025e-02,5.137887001037597656e-01,2.873340249061584473e-02,4.259174689650535583e-03,-5.802773521281778812e-04,9.995778799057006836e-01,-1.404105544090270996e+00,2.916236221790313721e-01,2.046415656805038452e-01,1.781593799591064453e+00,-3.099433481693267822e-01,1.002267897129058838e-01,-1.458301067352294922e+00,-3.679754436016082764e-01,-1.410494297742843628e-01,1.780640482902526855e+00,-3.238893449306488037e-01,-1.505777537822723389e-01,1.604697853326797485e-02,-7.012772560119628906e-02,-1.997332423925399780e-01,3.910220861434936523e-01,2.124357372522354126e-01,1.297330617904663086e+00,8.290182948112487793e-01,1.041915416717529297e-01,1.768452813848853111e-03,-1.516874730587005615e-01,-2.939752638339996338e-01,-7.439079880714416504e-02,1.087095379829406738e+00,-1.306329488754272461e+00,-2.653185725212097168e-01,9.604462981224060059e-02
-4.713510349392890930e-02,1.674090698361396790e-02,5.137885808944702148e-01,2.872968278825283051e-02,4.258448258042335510e-03,-5.768178962171077728e-04,9.995779991149902344e-01,-1.404109954833984375e+00,2.916167676448822021e-01,2.046298682689666748e-01,1.781594276428222656e+00,-3.099404573440551758e-01,1.002196669578552246e-01,-1.458293437957763672e+00,-3.679834306240081787e-01,-1.410616487264633179e-01,1.780638813972473145e+00,-3.238880038261413574e-01,-1.505811959505081177e-01,1.603708229959011078e-02,-7.011988759040832520e-02,-2.001418173313140869e-01,3.909959793090820312e-01,2.122552096843719482e-01,1.297412991523742676e+00,8.289093375205993652e-01,1.041387245059013367e-01,1.830017776228487492e-03,-1.516899168491363525e-01,-2.939772605895996094e-01,-7.438413053750991821e-02,1.087111592292785645e+00,-1.306412935256958008e+00,-2.653648555278778076e-01,9.606086462736129761e-02
-4.713013768196105957e-02,1.673496514558792114e-02,5.137826204299926758e-01,2.871031127870082855e-02,4.259558394551277161e-03,-5.834776093252003193e-04,9.995785355567932129e-01,-1.404051065444946289e+00,2.915393412113189697e-01,2.047219425439834595e-01,1.781563758850097656e+00,-3.099259436130523682e-01,1.002340167760848999e-01,-1.458280920982360840e+00,-3.679608404636383057e-01,-1.411073803901672363e-01,1.780650258064270020e+00,-3.238929212093353271e-01,-1.505868881940841675e-01,1.605208963155746460e-02,-7.008157670497894287e-02,-2.001480311155319214e-01,3.909959793090820312e-01,2.122509479522705078e-01,1.297428369522094727e+00,8.288731575012207031e-01,1.041276678442955017e-01,1.843038015067577362e-03,-1.516917943954467773e-01,-2.939769029617309570e-01,-7.438596338033676147e-02,1.087122917175292969e+00,-1.306442499160766602e+00,-2.653875946998596191e-01,9.606963396072387695e-02
-4.713421314954757690e-02,1.673098467290401459e-02,5.137789845466613770e-01,2.870828658342361450e-02,4.259197507053613663e-03,-5.800409708172082901e-04,9.995785951614379883e-01,-1.404082179069519043e+00,2.915216088294982910e-01,2.045696079730987549e-01,1.781524658203125000e+00,-3.099200129508972168e-01,1.002698168158531189e-01,-1.458281874656677246e+00,-3.678913414478302002e-01,-1.410449445247650146e-01,1.780750274658203125e+00,-3.238714635372161865e-01,-1.505515575408935547e-01,1.604535430669784546e-02,-7.007732242345809937e-02,-2.001477926969528198e-01,3.909961879253387451e-01,2.122490108013153076e-01,1.297399520874023438e+00,8.288536667823791504e-01,1.041802316904067993e-01,1.768962596543133259e-03,-1.516913473606109619e-01,-2.939769327640533447e-01,-7.438607513904571533e-02,1.087129592895507812e+00,-1.306452989578247070e+00,-2.653994560241699219e-01,9.607333689928054810e-02
-4.713706299662590027e-02,1.672509312629699707e-02,5.137819051742553711e-01,2.871108241379261017e-02,4.258798900991678238e-03,-5.632512620650231838e-04,9.995785355567932129e-01,-1.404118537902832031e+00,2.916517257690429688e-01,2.046612054109573364e-01,1.781636834144592285e+00,-3.099025189876556396e-01,1.002596318721771240e-01,-1.458277344703674316e+00,-3.679046332836151123e-01,-1.410395354032516479e-01,1.780749797821044922e+00,-3.238785564899444580e-01,-1.505378037691116333e-01,1.601170189678668976e-02,-7.008354365825653076e-02,-2.001477032899856567e-01,3.909970223903656006e-01,2.122489213943481445e-01,1.297407746315002441e+00,8.288450837135314941e-01,1.042018756270408630e-01,1.739832689054310322e-03,-1.516780108213424683e-01,-2.941455543041229248e-01,-7.439281046390533447e-02,1.087107181549072266e+00,-1.306313872337341309e+00,-2.652952373027801514e-01,9.598140418529510498e-02
-4.712500795722007751e-02,1.672150008380413055e-02,5.137699842453002930e-01,2.869183756411075592e-02,4.259270150214433670e-03,-5.941929412074387074e-04,9.995790719985961914e-01,-1.404180407524108887e+00,2.914793193340301514e-01,2.046700865030288696e-01,1.781618833541870117e+00,-3.097907602787017822e-01,1.004033312201499939e-01,-1.458275914192199707e+00,-3.678410649299621582e-01,-1.410738676786422729e-01,1.780777454376220703e+00,-3.238894641399383545e-01,-1.505365669727325439e-01,1.607345417141914368e-02,-7.004465907812118530e-02,-2.001533359289169312e-01,3.910063207149505615e-01,2.122465819120407104e-01,1.297416925430297852e+00,8.288412094116210938e-01,1.042136326432228088e-01,1.725719659589231014e-03,-1.516778469085693359e-01,-2.941470742225646973e-01,-7.439024001359939575e-02,1.087005138397216797e+00,-1.306246757507324219e+00,-2.651533186435699463e-01,9.592569619417190552e-02
-4.713600501418113708e-02,1.673067919909954071e-02,5.137656927108764648e-01,2.868201211094856262e-02,4.258650355041027069e-03,-5.668252706527709961e-04,9.995793700218200684e-01,-1.404132008552551270e+00,2.916496992111206055e-01,2.045426815748214722e-01,1.781636595726013184e+00,-3.097360432147979736e-01,1.004631444811820984e-01,-1.458278775215148926e+00,-3.678919374942779541e-01,-1.410821080207824707e-01,1.780772328376770020e+00,-3.238857090473175049e-01,-1.505262553691864014e-01,1.601905748248100281e-02,-7.002416253089904785e-02,-2.001282274723052979e-01,3.911065459251403809e-01,2.121608704328536987e-01,1.297426342964172363e+00,8.288396596908569336e-01,1.042223274707794189e-01,1.716798637062311172e-03,-1.516781002283096313e-01,-2.941483259201049805e-01,-7.439066469669342041e-02,1.086953759193420410e+00,-1.306221723556518555e+00,-2.650729119777679443e-01,9.591101109981536865e-02
-4.713222011923789978e-02,1.671808958053588867e-02,5.137587189674377441e-01,2.864676713943481445e-02,4.258083179593086243e-03,-5.727361422032117844e-04,9.995803833007812500e-01,-1.404187917709350586e+00,2.915864586830139160e-01,2.045214474201202393e-01,1.781563162803649902e+00,-3.097242712974548340e-01,1.004833504557609558e-01,-1.458250761032104492e+00,-3.678347170352935791e-01,-1.409910321235656738e-01,1.780732631683349609e+00,-3.238957822322845459e-01,-1.505487710237503052e-01,1.603111810982227325e-02,-6.995445489883422852e-02,-2.001278996467590332e-01,3.911077976226806641e-01,2.121603339910507202e-01,1.297427296638488770e+00,8.288385272026062012e-01,1.042255014181137085e-01,1.713227480649948120e-03,-1.516748666763305664e-01,-2.941434085369110107e-01,-7.439170032739639282e-02,1.086924910545349121e+00,-1.306213021278381348e+00,-2.650275230407714844e-01,9.590925276279449463e-02
-4.713391885161399841e-02,1.671948656439781189e-02,5.137585401535034180e-01,2.864223159849643707e-02,4.257786553353071213e-03,-5.732348072342574596e-04,9.995805025100708008e-01,-1.404192090034484863e+00,2.915801107883453369e-01,2.045097798109054565e-01,1.781556844711303711e+00,-3.097060918807983398e-01,1.004979759454727173e-01,-1.458244442939758301e+00,-3.678206801414489746e-01,-1.409895718097686768e-01,1.780723094940185547e+00,-3.238941431045532227e-01,-1.505372524261474609e-01,1.603144221007823944e-02,-6.994438916444778442e-02,-2.001270949840545654e-01,3.911069929599761963e-01,2.121613025665283203e-01,1.297428369522094727e+00,8.288380503654479980e-01,1.042271107435226440e-01,1.711496035568416119e-03,-1.517905145883560181e-01,-2.940242290496826172e-01,-7.459867745637893677e-02,1.086875438690185547e+00,-1.306339263916015625e+00,-2.650605738162994385e-01,9.598539024591445923e-02
-4.713637009263038635e-02,1.672238856554031372e-02,5.138286352157592773e-01,2.861675806343555450e-02,4.257451742887496948e-03,-5.704696523025631905e-04,9.995812177658081055e-01,-1.404185652732849121e+00,2.915589809417724609e-01,2.043940722942352295e-01,1.781538367271423340e+00,-3.096948862075805664e-01,1.005119606852531433e-01,-1.458234310150146484e+00,-3.678168058395385742e-01,-1.410332620143890381e-01,1.780725359916687012e+00,-3.238905668258666992e-01,-1.505283266305923462e-01,1.602731272578239441e-02,-6.989483535289764404e-02,-2.002796828746795654e-01,3.910216689109802246e-01,2.123063504695892334e-01,1.297553896903991699e+00,8.289530873298645020e-01,1.042038351297378540e-01,1.728351577185094357e-03,-1.517930179834365845e-01,-2.940264344215393066e-01,-7.460055500268936157e-02,1.086855173110961914e+00,-1.306389093399047852e+00,-2.650586664676666260e-01,9.602276235818862915e-02
-4.713657498359680176e-02,1.679123751819133759e-02,5.138301253318786621e-01,2.858711779117584229e-02,4.257164429873228073e-03,-5.687198136001825333e-04,9.995820522308349609e-01,-1.404214262962341309e+00,2.915742695331573486e-01,2.046193480491638184e-01,1.781592488288879395e+00,-3.096905648708343506e-01,1.005875468254089355e-01,-1.458190679550170898e+00,-3.678031563758850098e-01,-1.409628242254257202e-01,1.780717849731445312e+00,-3.238794505596160889e-01,-1.504298448562622070e-01,1.602361351251602173e-02,-6.983506679534912109e-02,-2.002811282873153687e-01,3.910208046436309814e-01,2.123074829578399658e-01,1.297585964202880859e+00,8.289919495582580566e-01,1.042115390300750732e-01,1.722879707813262939e-03,-1.517935842275619507e-01,-2.940266728401184082e-01,-7.460018247365951538e-02,1.086846232414245605e+00,-1.306408762931823730e+00,-2.650523185729980469e-01,9.604020416736602783e-02
-4.713012650609016418e-02,1.680741086602210999e-02,5.138250589370727539e-01,2.860321849584579468e-02,4.258281085640192032e-03,-5.847367574460804462e-04,9.995815753936767578e-01,-1.404342174530029297e+00,2.914554476737976074e-01,2.045666277408599854e-01,1.781691908836364746e+00,-3.096851408481597900e-01,1.006604060530662537e-01,-1.458058357238769531e+00,-3.678569793701171875e-01,-1.409676522016525269e-01,1.780646681785583496e+00,-3.238804936408996582e-01,-1.504304409027099609e-01,1.605578511953353882e-02,-6.986735761165618896e-02,-2.001048773527145386e-01,3.909608423709869385e-01,2.123371362686157227e-01,1.297690868377685547e+00,8.291149139404296875e-01,1.042495667934417725e-01,1.655327039770781994e-03,-1.517942845821380615e-01,-2.940267324447631836e-01,-7.460050284862518311e-02,1.086841464042663574e+00,-1.306416869163513184e+00,-2.650471925735473633e-01,9.604822844266891479e-02
-4.712722450494766235e-02,1.680280640721321106e-02,5.138100385665893555e-01,2.857187762856483459e-02,4.258816130459308624e-03,-5.832355818711221218e-04,9.995824694633483887e-01,-1.404352545738220215e+00,2.914839386940002441e-01,2.046536654233932495e-01,1.781670451164245605e+00,-3.096830248832702637e-01,1.007091179490089417e-01,-1.458004951477050781e+00,-3.680114150047302246e-01,-1.411771029233932495e-01,1.780383467674255371e+00,-3.238367438316345215e-01,-1.504107266664505005e-01,1.605227403342723846e-02,-6.980435550212860107e-02,-2.002831399440765381e-01,3.910064995288848877e-01,2.123213261365890503e-01,1.297844290733337402e+00,8.290458321571350098e-01,1.043446809053421021e-01,1.717025414109230042e-03,-1.518409699201583862e-01,-2.939926981925964355e-01,-7.442305982112884521e-02,1.086944699287414551e+00,-1.306422472000122070e+00,-2.650003135204315186e-01,9.606292843818664551e-02
-4.713343456387519836e-02,1.681599393486976624e-02,5.138136744499206543e-01,2.855354361236095428e-02,4.260894842445850372e-03,-6.026905612088739872e-04,9.995830059051513672e-01,-1.404309511184692383e+00,2.916053831577301025e-01,2.045176923274993896e-01,1.781663656234741211e+00,-3.095592260360717773e-01,1.007335782051086426e-01,-1.457967162132263184e+00,-3.680086731910705566e-01,-1.412251889705657959e-01,1.780340313911437988e+00,-3.237802088260650635e-01,-1.504018008708953857e-01,1.609039679169654846e-02,-6.976774334907531738e-02,-2.002853900194168091e-01,3.910091221332550049e-01,2.123195230960845947e-01,1.297871947288513184e+00,8.291345834732055664e-01,1.044351682066917419e-01,1.697533996775746346e-03,-1.518437117338180542e-01,-2.939919829368591309e-01,-7.442086935043334961e-02,1.086983084678649902e+00,-1.306423902511596680e+00,-2.650088071823120117e-01,9.606248140335083008e-02
-4.713574424386024475e-02,1.681556366384029388e-02,5.138157010078430176e-01,2.854394540190696716e-02,4.258463159203529358e-03,-5.862629041075706482e-04,9.995833039283752441e-01,-1.404313564300537109e+00,2.915531694889068604e-01,2.044664472341537476e-01,1.781647562980651855e+00,-3.095171153545379639e-01,1.007190495729446411e-01,-1.457949042320251465e+00,-3.680333495140075684e-01,-1.412558108568191528e-01,1.780307173728942871e+00,-3.237483501434326172e-01,-1.504009068012237549e-01,1.605627126991748810e-02,-6.974886357784271240e-02,-2.003465443849563599e-01,3.909372687339782715e-01,2.121534496545791626e-01,1.297887325286865234e+00,8.291640281677246094e-01,1.044730171561241150e-01,1.685593044385313988e-03,-1.519680321216583252e-01,-2.940374314785003662e-01,-7.459076493978500366e-02,1.087179183959960938e+00,-1.306519389152526855e+00,-2.649448215961456299e-01,9.596475958824157715e-02
-4.713354632258415222e-02,1.681122370064258575e-02,5.138884782791137695e-01,2.851122245192527771e-02,4.258546512573957443e-03,-5.844411207363009453e-04,9.995842576026916504e-01,-1.404365420341491699e+00,2.914517521858215332e-01,2.044551372528076172e-01,1.781609416007995605e+00,-3.094947636127471924e-01,1.007368937134742737e-01,-1.457917690277099609e+00,-3.680238723754882812e-01,-1.413306444883346558e-01,1.780304312705993652e+00,-3.237355947494506836e-01,-1.504030525684356689e-01,1.605514064431190491e-02,-6.985606998205184937e-02,-2.003417164087295532e-01,3.909823596477508545e-01,2.122770398855209351e-01,1.297899842262268066e+00,8.291725516319274902e-01,1.044919118285179138e-01,1.677655265666544437e-03,-1.519621163606643677e-01,-2.938697040081024170e-01,-7.462300360202789307e-02,1.087170243263244629e+00,-1.306545734405517578e+00,-2.649647891521453857e-01,9.593634307384490967e-02
-4.713390767574310303e-02,1.681112684309482574e-02,5.138882994651794434e-01,2.850783802568912506e-02,4.258374683558940887e-03,-5.764270899817347527e-04,9.995843172073364258e-01,-1.404371738433837891e+00,2.914287745952606201e-01,2.044402956962585449e-01,1.781603813171386719e+00,-3.094745278358459473e-01,1.007542833685874939e-01,-1.457907915115356445e+00,-3.680419921875000000e-01,-1.413449496030807495e-01,1.780300974845886230e+00,-3.237306773662567139e-01,-1.504056304693222046e-01,1.603783480823040009e-02,-6.985099613666534424e-02,-2.002288699150085449e-01,3.909034729003906250e-01,2.121178060770034790e-01,1.297763466835021973e+00,8.290652632713317871e-01,1.046078279614448547e-01,1.731026452034711838e-03,-1.519625782966613770e-01,-2.938669621944427490e-01,-7.462228834629058838e-02,1.087171554565429688e+00,-1.306553483009338379e+00,-2.649725079536437988e-01,9.592820703983306885e-02
-4.713424295186996460e-02,1.681128144264221191e-02,5.138878822326660156e-01,2.850645408034324646e-02,4.258006811141967773e-03,-5.705869989469647408e-04,9.995843768119812012e-01,-1.404374361038208008e+00,2.914158999919891357e-01,2.044351249933242798e-01,1.781600236892700195e+00,-3.094638586044311523e-01,1.007607728242874146e-01,-1.457903623580932617e+00,-3.680550754070281982e-01,-1.413505673408508301e-01,1.780300140380859375e+00,-3.237293064594268799e-01,-1.504067778587341309e-01,1.602791808545589447e-02,-6.984717398881912231e-02,-2.001879960298538208e-01,3.910563886165618896e-01,2.121331095695495605e-01,1.297762393951416016e+00,8.290252089500427246e-01,1.045554578304290771e-01,1.678302185609936714e-03,-1.519878506660461426e-01,-2.938374280929565430e-01,-7.448528707027435303e-02,1.087159514427185059e+00,-1.306556344032287598e+00,-2.649676501750946045e-01,9.592749178409576416e-02
-4.713438078761100769e-02,1.681143604218959808e-02,5.138879418373107910e-01,2.850592322647571564e-02,4.258071538060903549e-03,-5.670935497619211674e-04,9.995843768119812012e-01,-1.404376149177551270e+00,2.914082407951354980e-01,2.044328898191452026e-01,1.781598210334777832e+00,-3.094582259654998779e-01,1.007633656263351440e-01,-1.457902073860168457e+00,-3.680631220340728760e-01,-1.413530707359313965e-01,1.780300259590148926e+00,-3.237292170524597168e-01,-1.504071503877639771e-01,1.601913757622241974e-02,-6.984708458185195923e-02,-2.000746130943298340e-01,3.909752368927001953e-01,2.119734585285186768e-01,1.297746896743774414e+00,8.288968205451965332e-01,1.045296788215637207e-01,1.669845427386462688e-03,-1.519893109798431396e-01,-2.938360273838043213e-01,-7.448280602693557739e-02,1.087169170379638672e+00,-1.306556701660156250e+00,-2.649719715118408203e-01,9.592616558074951172e-02
-4.713445529341697693e-02,1.688945293426513672e-02,5.138885378837585449e-01,2.850445546209812164e-02,4.257847089320421219e-03,-5.687237717211246490e-04,9.995844364166259766e-01,-1.404376149177551270e+00,2.914163768291473389e-01,2.044321000576019287e-01,1.781599164009094238e+00,-3.094600439071655273e-01,1.007770001888275146e-01,-1.457900404930114746e+00,-3.680566251277923584e-01,-1.413554698228836060e-01,1.780298590660095215e+00,-3.237234652042388916e-01,-1.503950655460357666e-01,1.602301932871341705e-02,-6.984391063451766968e-02,-2.000739425420761108e-01,3.909747302532196045e-01,2.119718641042709351e-01,1.297746419906616211e+00,8.288528323173522949e-01,1.045211702585220337e-01,1.664318726398050785e-03,-1.519886553287506104e-01,-2.938363254070281982e-01,-7.448332756757736206e-02,1.087172865867614746e+00,-1.306556701660156250e+00,-2.649757862091064453e-01,9.592511504888534546e-02
-4.712953791022300720e-02,1.688461750745773315e-02,5.138841867446899414e-01,2.848744019865989685e-02,4.257802851498126984e-03,-5.753079312853515148e-04,9.995849132537841797e-01,-1.404313802719116211e+00,2.913346588611602783e-01,2.045291811227798462e-01,1.781567811965942383e+00,-3.094430565834045410e-01,1.007867902517318726e-01,-1.457889199256896973e+00,-3.680369257926940918e-01,-1.413945853710174561e-01,1.780311584472656250e+00,-3.237318694591522217e-01,-1.504070311784744263e-01,1.603720709681510925e-02,-6.980962306261062622e-02,-1.999220401048660278e-01,3.910630941390991211e-01,2.118249088525772095e-01,1.297607421875000000e+00,8.287277221679687500e-01,1.046270877122879028e-01,1.719196559861302376e-03,-1.522119194269180298e-01,-2.938161194324493408e-01,-7.430683076381683350e-02,1.087192654609680176e+00,-1.306456208229064941e+00,-2.648629248142242432e-01,9.609615057706832886e-02
-4.712803289294242859e-02,1.688037998974323273e-02,5.138904452323913574e-01,2.847430668771266937e-02,4.257511813193559647e-03,-5.708272219635546207e-04,9.995852708816528320e-01,-1.404314637184143066e+00,2.913372516632080078e-01,2.045023590326309204e-01,1.781560063362121582e+00,-3.094376623630523682e-01,1.008028909564018250e-01,-1.457864999771118164e+00,-3.680408596992492676e-01,-1.411240696907043457e-01,1.780308246612548828e+00,-3.236149549484252930e-01,-1.503456085920333862e-01,1.602758094668388367e-02,-6.978370249271392822e-02,-1.999207437038421631e-01,3.910638689994812012e-01,2.118248790502548218e-01,1.297573804855346680e+00,8.286872506141662598e-01,1.046464070677757263e-01,1.749317394569516182e-03,-1.522137671709060669e-01,-2.938166260719299316e-01,-7.430481165647506714e-02,1.087238073348999023e+00,-1.306445121765136719e+00,-2.649051547050476074e-01,9.617248922586441040e-02
-4.713373631238937378e-02,1.689095050096511841e-02,5.138944387435913086e-01,2.847450040280818939e-02,4.256813786923885345e-03,-5.556044634431600571e-04,9.995853304862976074e-01,-1.404388904571533203e+00,2.913869619369506836e-01,2.044269591569900513e-01,1.781638741493225098e+00,-3.094370365142822266e-01,1.007910445332527161e-01,-1.457874178886413574e+00,-3.680583238601684570e-01,-1.410870999097824097e-01,1.780294895172119141e+00,-3.235651552677154541e-01,-1.502819359302520752e-01,1.599724218249320984e-02,-6.978395581245422363e-02,-1.999189108610153198e-01,3.910395503044128418e-01,2.118382602930068970e-01,1.297562837600708008e+00,8.286745548248291016e-01,1.046474575996398926e-01,1.763410400599241257e-03,-1.522133797407150269e-01,-2.938163578510284424e-01,-7.430461049079895020e-02,1.087255239486694336e+00,-1.306445360183715820e+00,-2.649302780628204346e-01,9.619539231061935425e-02
-4.713122919201850891e-02,1.688993349671363831e-02,5.138968825340270996e-01,2.847716212272644043e-02,4.257981665432453156e-03,-5.454968777485191822e-04,9.995852112770080566e-01,-1.404504060745239258e+00,2.913640141487121582e-01,2.043667882680892944e-01,1.781751513481140137e+00,-3.094301223754882812e-01,1.007948294281959534e-01,-1.457805514335632324e+00,-3.679359853267669678e-01,-1.411265134811401367e-01,1.780320763587951660e+00,-3.235299289226531982e-01,-1.502449959516525269e-01,1.597428508102893829e-02,-6.978879868984222412e-02,-2.001550197601318359e-01,3.910262286663055420e-01,2.116454988718032837e-01,1.297678709030151367e+00,8.285583257675170898e-01,1.046199351549148560e-01,1.796774333342909813e-03,-1.522129029035568237e-01,-2.938163876533508301e-01,-7.430283725261688232e-02,1.087263584136962891e+00,-1.306446671485900879e+00,-2.649440169334411621e-01,9.620194137096405029e-02
-4.712942615151405334e-02,1.688616722822189331e-02,5.138919949531555176e-01,2.845451980829238892e-02,4.260292742401361465e-03,-5.727454554289579391e-04,9.995858669281005859e-01,-1.404579162597656250e+00,2.913070619106292725e-01,2.042141109704971313e-01,1.781714200973510742e+00,-3.094370365142822266e-01,1.008413583040237427e-01,-1.457815885543823242e+00,-3.680236637592315674e-01,-1.411749869585037231e-01,1.780337810516357422e+00,-3.235377669334411621e-01,-1.502509564161300659e-01,1.603199169039726257e-02,-6.974097341299057007e-02,-2.001613229513168335e-01,3.910273015499114990e-01,2.116422504186630249e-01,1.297708868980407715e+00,8.285185098648071289e-01,1.046248897910118103e-01,1.793006667867302895e-03,-1.520289778709411621e-01,-2.939763069152832031e-01,-7.431232929229736328e-02,1.087062120437622070e+00,-1.306449890136718750e+00,-2.649591863155364990e-01,9.626117348670959473e-02
-4.720900580286979675e-02,1.687408424913883209e-02,5.138936042785644531e-01,2.844208106398582458e-02,4.261345136910676956e-03,-5.671202670782804489e-04,9.995862245559692383e-01,-1.404601454734802246e+00,2.913682758808135986e-01,2.042046189308166504e-01,1.781706571578979492e+00,-3.092829883098602295e-01,1.008036211133003235e-01,-1.457807302474975586e+00,-3.679821789264678955e-01,-1.411914676427841187e-01,1.780367612838745117e+00,-3.236378133296966553e-01,-1.501482129096984863e-01,1.602178625762462616e-02,-6.971549242734909058e-02,-1.998217850923538208e-01,3.909657895565032959e-01,2.116716057062149048e-01,1.297496557235717773e+00,8.285093903541564941e-01,1.046217530965805054e-01,1.821654615923762321e-03,-1.516823470592498779e-01,-2.939507961273193359e-01,-7.432314753532409668e-02,1.086768865585327148e+00,-1.306436419486999512e+00,-2.649188339710235596e-01,9.619055688381195068e-02
-4.720834642648696899e-02,1.694196276366710663e-02,5.138874053955078125e-01,2.843376994132995605e-02,4.263904411345720291e-03,-5.838180659338831902e-04,9.995864033699035645e-01,-1.404563069343566895e+00,2.915575504302978516e-01,2.041322886943817139e-01,1.781716346740722656e+00,-3.092325925827026367e-01,1.008136719465255737e-01,-1.457770466804504395e+00,-3.677749037742614746e-01,-1.410298198461532593e-01,1.780146121978759766e+00,-3.236086964607238770e-01,-1.500526666641235352e-01,1.605461724102497101e-02,-6.987057626247406006e-02,-1.997154355049133301e-01,3.910397887229919434e-01,2.114742845296859741e-01,1.297300100326538086e+00,8.283939361572265625e-01,1.046109572052955627e-01,1.843896578066051006e-03,-1.515958309173583984e-01,-2.937134206295013428e-01,-7.400306314229965210e-02,1.086619496345520020e+00,-1.306223392486572266e+00,-2.648925781250000000e-01,9.629572927951812744e-02
-4.719924181699752808e-02,1.691690087318420410e-02,5.139000415802001953e-01,2.839925512671470642e-02,4.347343463450670242e-03,-6.185530219227075577e-04,9.995869994163513184e-01,-1.404767274856567383e+00,2.915468811988830566e-01,2.044031471014022827e-01,1.781662702560424805e+00,-3.092254102230072021e-01,1.009572148323059082e-01,-1.458037853240966797e+00,-3.671265542507171631e-01,-1.410342305898666382e-01,1.780047178268432617e+00,-3.234870433807373047e-01,-1.500242054462432861e-01,1.594823226332664490e-02,-6.980250030755996704e-02,-1.991878151893615723e-01,3.912343084812164307e-01,2.118612080812454224e-01,1.296895980834960938e+00,8.282313346862792969e-01,1.045731902122497559e-01,1.732755219563841820e-03,-1.509713530540466309e-01,-2.939484417438507080e-01,-7.368090748786926270e-02,1.085975050926208496e+00,-1.305686712265014648e+00,-2.649728059768676758e-01,9.632790088653564453e-02
-4.729270935058593750e-02,1.696546375751495361e-02,5.138251781463623047e-01,2.839007414877414703e-02,4.434445407241582870e-03,-6.648877752013504505e-04,9.995868802070617676e-01,-1.405156731605529785e+00,2.918144464492797852e-01,2.043753415346145630e-01,1.781661152839660645e+00,-3.091007769107818604e-01,1.009268611669540405e-01,-1.458359837532043457e+00,-3.667947649955749512e-01,-1.407169401645660400e-01,1.779886603355407715e+00,-3.232924938201904297e-01,-1.498455703258514404e-01,1.586045697331428528e-02,-6.995389610528945923e-02,-1.977287977933883667e-01,3.915352225303649902e-01,2.124435156583786011e-01,1.295802831649780273e+00,8.280460834503173828e-01,1.046144589781761169e-01,1.494706957601010799e-03,-1.497417241334915161e-01,-2.939203679561614990e-01,-7.372426986694335938e-02,1.084859251976013184e+00,-1.305478930473327637e+00,-2.650851905345916748e-01,9.618070721626281738e-02
-4.730277881026268005e-02,1.695390418171882629e-02,5.138189792633056641e-01,2.829334326088428497e-02,4.526028875261545181e-03,-7.153714541345834732e-04,9.995891451835632324e-01,-1.405314922332763672e+00,2.918824255466461182e-01,2.044412791728973389e-01,1.781674265861511230e+00,-3.090255558490753174e-01,1.009416058659553528e-01,-1.458666920661926270e+00,-3.663022518157958984e-01,-1.405379176139831543e-01,1.779953241348266602e+00,-3.231778442859649658e-01,-1.496130079030990601e-01,1.594873704016208649e-02,-7.010657340288162231e-02,-1.968509256839752197e-01,3.919273316860198975e-01,2.123539894819259644e-01,1.294809222221374512e+00,8.278678059577941895e-01,1.044936552643775940e-01,1.408488489687442780e-03,-1.484679281711578369e-01,-2.939041554927825928e-01,-7.391390204429626465e-02,1.083508372306823730e+00,-1.305150389671325684e+00,-2.651836276054382324e-01,9.602351486682891846e-02
-4.731060937047004700e-02,1.700577326118946075e-02,5.138084888458251953e-01,2.831203676760196686e-02,4.617179743945598602e-03,-7.042004144750535488e-04,9.995882511138916016e-01,-1.405532121658325195e+00,2.921462059020996094e-01,2.045666426420211792e-01,1.781784296035766602e+00,-3.090071380138397217e-01,1.010312214493751526e-01,-1.458873152732849121e+00,-3.656720519065856934e-01,-1.402002274990081787e-01,1.779798388481140137e+00,-3.229988217353820801e-01,-1.493209153413772583e-01,1.592198200523853302e-02,-7.032224535942077637e-02,-1.952172666788101196e-01,3.922252655029296875e-01,2.129276543855667114e-01,1.293192505836486816e+00,8.279153108596801758e-01,1.045307740569114685e-01,1.211113994941115379e-03,-1.468242853879928589e-01,-2.938948273658752441e-01,-7.415332645177841187e-02,1.081876754760742188e+00,-1.304815769195556641e+00,-2.653316259384155273e-01,9.603647887706756592e-02
-4.731700196862220764e-02,1.698689907789230347e-02,5.138307809829711914e-01,2.832750044763088226e-02,4.793672822415828705e-03,-7.802820764482021332e-04,9.995868802070617676e-01,-1.405906558036804199e+00,2.923755049705505371e-01,2.046844959259033203e-01,1.781725645065307617e+00,-3.087904155254364014e-01,1.010652408003807068e-01,-1.459392786026000977e+00,-3.654904961585998535e-01,-1.398502737283706665e-01,1.779912948608398438e+00,-3.230219483375549316e-01,-1.491444259881973267e-01,1.606341451406478882e-02,-7.052563130855560303e-02,-1.933300346136093140e-01,3.923314809799194336e-01,2.133009135723114014e-01,1.291474103927612305e+00,8.283886909484863281e-01,1.047648712992668152e-01,1.064017531462013721e-03,-1.449141055345535278e-01,-2.936843335628509521e-01,-7.416243851184844971e-02,1.079845547676086426e+00,-1.304751157760620117e+00,-2.655657529830932617e-01,9.625674039125442505e-02
-4.731522127985954285e-02,1.704865880310535431e-02,5.138237476348876953e-01,2.834524773061275482e-02,4.976476542651653290e-03,-7.767158094793558121e-04,9.995855093002319336e-01,-1.406304955482482910e+00,2.922215759754180908e-01,2.048527300357818604e-01,1.781763434410095215e+00,-3.086971342563629150e-01,1.012574508786201477e-01,-1.459765076637268066e+00,-3.651224076747894287e-01,-1.395063549280166626e-01,1.779918193817138672e+00,-3.230035901069641113e-01,-1.488956063985824585e-01,1.621600054204463959e-02,-7.056528329849243164e-02,-1.909903585910797119e-01,3.925354480743408203e-01,2.137589305639266968e-01,1.289178848266601562e+00,8.289930820465087891e-01,1.050016805529594421e-01,7.445094524882733822e-04,-1.425626426935195923e-01,-2.936276495456695557e-01,-7.442911714315414429e-02,1.077528595924377441e+00,-1.304177761077880859e+00,-2.657216787338256836e-01,9.644452482461929321e-02
-4.732623696327209473e-02,1.705076918005943298e-02,5.138342976570129395e-01,2.836325019598007202e-02,5.236955359578132629e-03,-7.941272342577576637e-04,9.995836615562438965e-01,-1.406636714935302734e+00,2.923501133918762207e-01,2.048260867595672607e-01,1.781703114509582520e+00,-3.086532056331634521e-01,1.013069525361061096e-01,-1.460483074188232422e+00,-3.650886416435241699e-01,-1.392883956432342529e-01,1.779942035675048828e+00,-3.230162262916564941e-01,-1.487870812416076660e-01,1.623579114675521851e-02,-7.077822834253311157e-02,-1.880029141902923584e-01,3.931137323379516602e-01,2.144965827465057373e-01,1.286499500274658203e+00,8.295180797576904297e-01,1.051315516233444214e-01,3.227247507311403751e-04,-1.404540687799453735e-01,-2.935950458049774170e-01,-7.446840405464172363e-02,1.074984908103942871e+00,-1.303445339202880859e+00,-2.659011483192443848e-01,9.667809307575225830e-02
-4.742243140935897827e-02,1.704406365752220154e-02,5.138030648231506348e-01,2.840428985655307770e-02,5.401778034865856171e-03,-7.580601959489285946e-04,9.995816349983215332e-01,-1.407056689262390137e+00,2.923847734928131104e-01,2.050139009952545166e-01,1.781798481941223145e+00,-3.086377978324890137e-01,1.013980358839035034e-01,-1.460945606231689453e+00,-3.650640249252319336e-01,-1.391358226537704468e-01,1.779881477355957031e+00,-3.228363096714019775e-01,-1.486818194389343262e-01,1.614384353160858154e-02,-7.103860378265380859e-02,-1.842737793922424316e-01,3.935466110706329346e-01,2.152093648910522461e-01,1.282288670539855957e+00,8.298338055610656738e-01,1.045925840735435486e-01,-4.787850484717637300e-04,-1.375765502452850342e-01,-2.937007248401641846e-01,-7.454983890056610107e-02,1.071617722511291504e+00,-1.302187919616699219e+00,-2.654965817928314209e-01,9.673401713371276855e-02
-4.742103815078735352e-02,1.703097112476825714e-02,5.138031840324401855e-01,2.839741669595241547e-02,5.658418405801057816e-03,-8.019181550480425358e-04,9.995803833007812500e-01,-1.407694220542907715e+00,2.923890352249145508e-01,2.050990760326385498e-01,1.781636595726013184e+00,-3.084921538829803467e-01,1.014394611120223999e-01,-1.461480498313903809e+00,-3.645909726619720459e-01,-1.389866769313812256e-01,1.779839515686035156e+00,-3.228032886981964111e-01,-1.485611945390701294e-01,1.603928580880165100e-02,-7.137248665094375610e-02,-1.810080260038375854e-01,3.941797018051147461e-01,2.156214565038681030e-01,1.278737425804138184e+00,8.288858532905578613e-01,1.041692942380905151e-01,-1.105534727685153484e-03,-1.342985481023788452e-01,-2.939896583557128906e-01,-7.486515492200851440e-02,1.067608237266540527e+00,-1.300550460815429688e+00,-2.648972570896148682e-01,9.575771540403366089e-02
-4.743289202451705933e-02,1.700300350785255432e-02,5.138013958930969238e-01,2.838785201311111450e-02,5.916958674788475037e-03,-8.699223981238901615e-04,9.995790719985961914e-01,-1.408163666725158691e+00,2.927334904670715332e-01,2.050389945507049561e-01,1.781585693359375000e+00,-3.084512650966644287e-01,1.014421284198760986e-01,-1.462119102478027344e+00,-3.642811477184295654e-01,-1.390588134527206421e-01,1.779808282852172852e+00,-3.227989971637725830e-01,-1.485126912593841553e-01,1.597920432686805725e-02,-7.153078913688659668e-02,-1.765399873256683350e-01,3.948828876018524170e-01,2.163658589124679565e-01,1.274482846260070801e+00,8.274905085563659668e-01,1.034158170223236084e-01,-1.822105143219232559e-03,-1.307262480258941650e-01,-2.948675453662872314e-01,-7.550036162137985229e-02,1.063431024551391602e+00,-1.298571944236755371e+00,-2.638885080814361572e-01,9.427422285079956055e-02
-4.743969440460205078e-02,1.698270812630653381e-02,5.137979388236999512e-01,2.835221774876117706e-02,6.257495842874050140e-03,-1.088114571757614613e-03,9.995778203010559082e-01,-1.408784031867980957e+00,2.930012643337249756e-01,2.049927264451980591e-01,1.781582951545715332e+00,-3.084408938884735107e-01,1.013997122645378113e-01,-1.462597489356994629e+00,-3.636440932750701904e-01,-1.390041261911392212e-01,1.779594063758850098e+00,-3.226297199726104736e-01,-1.485959142446517944e-01,1.586845703423023224e-02,-7.180323451757431030e-02,-1.715429425239562988e-01,3.957995176315307617e-01,2.170758098363876343e-01,1.269337773323059082e+00,8.249818086624145508e-01,1.025497689843177795e-01,-2.326839603483676910e-03,-1.267405301332473755e-01,-2.955658733844757080e-01,-7.635471969842910767e-02,1.058393239974975586e+00,-1.297101855278015137e+00,-2.632997334003448486e-01,9.224177151918411255e-02
-4.752970859408378601e-02,1.703795604407787323e-02,5.138003826141357422e-01,2.825623564422130585e-02,6.687404122203588486e-03,-1.250966801308095455e-03,9.995775818824768066e-01,-1.409824132919311523e+00,2.935414910316467285e-01,2.050299942493438721e-01,1.781728386878967285e+00,-3.082880377769470215e-01,1.013854071497917175e-01,-1.463423967361450195e+00,-3.631573617458343506e-01,-1.389605700969696045e-01,1.779362320899963379e+00,-3.224273324012756348e-01,-1.484588086605072021e-01,1.581049337983131409e-02,-7.196279615163803101e-02,-1.659416258335113525e-01,3.963177502155303955e-01,2.185946851968765259e-01,1.263522624969482422e+00,8.225041031837463379e-01,1.011888533830642700e-01,-2.903959015384316444e-03,-1.224082186818122864e-01,-2.965618968009948730e-01,-7.775138318538665771e-02,1.052667737007141113e+00,-1.295452356338500977e+00,-2.622147202491760254e-01,9.008152782917022705e-02
-4.754166305065155029e-02,1.701838709414005280e-02,5.137978196144104004e-01,2.820578590035438538e-02,7.116222754120826721e-03,-1.402539783157408237e-03,9.995757937431335449e-01,-1.410678863525390625e+00,2.940496802330017090e-01,2.050541490316390991e-01,1.781782031059265137e+00,-3.082845211029052734e-01,1.015212312340736389e-01,-1.464368224143981934e+00,-3.625778853893280029e-01,-1.391712725162506104e-01,1.779156327247619629e+00,-3.223871886730194092e-01,-1.486033648252487183e-01,1.573072932660579681e-02,-7.221273332834243774e-02,-1.596526652574539185e-01,3.975013792514801025e-01,2.203590422868728638e-01,1.257224321365356445e+00,8.198783993721008301e-01,9.939568489789962769e-02,-3.520406316965818405e-03,-1.168060898780822754e-01,-2.977288663387298584e-01,-7.930371910333633423e-02,1.045826554298400879e+00,-1.294005632400512695e+00,-2.612654566764831543e-01,8.813653141260147095e-02
-4.762485623359680176e-02,1.699976623058319092e-02,5.137912631034851074e-01,2.818194963037967682e-02,7.639418821781873703e-03,-1.654110732488334179e-03,9.995722770690917969e-01,-1.411708235740661621e+00,2.941911220550537109e-01,2.050298452377319336e-01,1.781603574752807617e+00,-3.081400692462921143e-01,1.014893427491188049e-01,-1.465342044830322266e+00,-3.617509901523590088e-01,-1.390984356403350830e-01,1.779046893119812012e+00,-3.221688568592071533e-01,-1.486336886882781982e-01,1.584678515791893005e-02,-7.251056283712387085e-02,-1.524682641029357910e-01,3.985782265663146973e-01,2.226163893938064575e-01,1.249109864234924316e+00,8.172192573547363281e-01,9.653773158788681030e-02,-4.506396129727363586e-03,-1.109632700681686401e-01,-2.988694310188293457e-01,-8.106417208909988403e-02,1.038344621658325195e+00,-1.292209744453430176e+00,-2.598608434200286865e-01,8.679287135601043701e-02
-4.764871299266815186e-02,1.696779951453208923e-02,5.137888193130493164e-01,2.821483835577964783e-02,8.248838596045970917e-03,-1.808924018405377865e-03,9.995661973953247070e-01,-1.412991285324096680e+00,2.948004603385925293e-01,2.050277888774871826e-01,1.781756162643432617e+00,-3.081221580505371094e-01,1.014097556471824646e-01,-1.466629266738891602e+00,-3.611732125282287598e-01,-1.388383805751800537e-01,1.778789043426513672e+00,-3.219614326953887939e-01,-1.484723687171936035e-01,1.593389362096786499e-02,-7.310369610786437988e-02,-1.435923129320144653e-01,3.997650146484375000e-01,2.254912406206130981e-01,1.240054368972778320e+00,8.145319819450378418e-01,9.389141947031021118e-02,-5.828084889799356461e-03,-1.040621623396873474e-01,-2.997341752052307129e-01,-8.229786157608032227e-02,1.030372858047485352e+00,-1.290288448333740234e+00,-2.583633065223693848e-01,8.570818603038787842e-02
-4.773545637726783752e-02,1.693666912615299225e-02,5.137789249420166016e-01,2.826446853578090668e-02,8.854084648191928864e-03,-2.092023380100727081e-03,9.995591044425964355e-01,-1.414309024810791016e+00,2.954510450363159180e-01,2.052860409021377563e-01,1.781763553619384766e+00,-3.081448674201965332e-01,1.014091297984123230e-01,-1.468371510505676270e+00,-3.601404726505279541e-01,-1.386421322822570801e-01,1.778668045997619629e+00,-3.215820193290710449e-01,-1.483808010816574097e-01,1.592562906444072723e-02,-7.355172187089920044e-02,-1.345682889223098755e-01,4.011463522911071777e-01,2.281373739242553711e-01,1.230339765548706055e+00,8.115369677543640137e-01,9.097208827733993530e-02,-7.199668791145086288e-03,-9.752373397350311279e-02,-3.009842932224273682e-01,-8.347083628177642822e-02,1.022233605384826660e+00,-1.287493109703063965e+00,-2.562029659748077393e-01,8.520658314228057861e-02
-4.783063009381294250e-02,1.689919270575046539e-02,5.137886404991149902e-01,2.822707220911979675e-02,9.893987327814102173e-03,-2.380426507443189621e-03,9.995497465133666992e-01,-1.416194081306457520e+00,2.963555157184600830e-01,2.052837014198303223e-01,1.781633019447326660e+00,-3.080513477325439453e-01,1.014920026063919067e-01,-1.470622658729553223e+00,-3.588577508926391602e-01,-1.380390822887420654e-01,1.778671264648437500e+00,-3.214295208454132080e-01,-1.482102721929550171e-01,1.589639298617839813e-02,-7.417345046997070312e-02,-1.257626563310623169e-01,4.027423560619354248e-01,2.310023456811904907e-01,1.219803929328918457e+00,8.083726763725280762e-01,8.793332427740097046e-02,-8.526360616087913513e-03,-9.046316146850585938e-02,-3.016348779201507568e-01,-8.460363745689392090e-02,1.012744665145874023e+00,-1.283982992172241211e+00,-2.532746791839599609e-01,8.494094759225845337e-02
-4.784081131219863892e-02,1.686753518879413605e-02,5.137110352516174316e-01,2.833773382008075714e-02,1.100973319262266159e-02,-2.762782154604792595e-03,9.995339512825012207e-01,-1.418310642242431641e+00,2.971902787685394287e-01,2.057158797979354858e-01,1.781789064407348633e+00,-3.080826103687286377e-01,1.014123633503913879e-01,-1.473224163055419922e+00,-3.574342727661132812e-01,-1.377014815807342529e-01,1.778342008590698242e+00,-3.210660219192504883e-01,-1.481629759073257446e-01,1.569906435906887054e-02,-7.508824765682220459e-02,-1.143849417567253113e-01,4.044391810894012451e-01,2.345229387283325195e-01,1.207443118095397949e+00,8.035092353820800781e-01,8.495725691318511963e-02,-9.875557385385036469e-03,-8.254963159561157227e-02,-3.023792803287506104e-01,-8.503654599189758301e-02,1.002154111862182617e+00,-1.280460715293884277e+00,-2.505180239677429199e-01,8.475795388221740723e-02
-4.793470352888107300e-02,1.674413494765758514e-02,5.136349797248840332e-01,2.847809344530105591e-02,1.222169119864702225e-02,-3.059155540540814400e-03,9.995149970054626465e-01,-1.420666813850402832e+00,2.983595728874206543e-01,2.060255557298660278e-01,1.781858682632446289e+00,-3.080126941204071045e-01,1.014815866947174072e-01,-1.475960969924926758e+00,-3.561718761920928955e-01,-1.369349807500839233e-01,1.778272390365600586e+00,-3.207545280456542969e-01,-1.480796188116073608e-01,1.566262543201446533e-02,-7.589666545391082764e-02,-1.027636826038360596e-01,4.058530628681182861e-01,2.372350096702575684e-01,1.193986296653747559e+00,7.981796264648437500e-01,8.177164942026138306e-02,-1.102455332875251770e-02,-7.392579317092895508e-02,-3.035407960414886475e-01,-8.657682687044143677e-02,9.907810688018798828e-01,-1.277186989784240723e+00,-2.481433153152465820e-01,8.402738720178604126e-02
-4.803054407238960266e-02,1.667800918221473694e-02,5.136366486549377441e-01,2.848628163337707520e-02,1.368583738803863525e-02,-3.429075237363576889e-03,9.994946122169494629e-01,-1.423561811447143555e+00,2.995063364505767822e-01,2.065415829420089722e-01,1.781755685806274414e+00,-3.080957829952239990e-01,1.015655621886253357e-01,-1.479369163513183594e+00,-3.544753789901733398e-01,-1.362769305706024170e-01,1.778142571449279785e+00,-3.205022811889648438e-01,-1.479099392890930176e-01,1.540898531675338745e-02,-7.660225033760070801e-02,-8.999767899513244629e-02,4.075435698032379150e-01,2.404744923114776611e-01,1.179383039474487305e+00,7.929345369338989258e-01,7.885804772377014160e-02,-1.242492906749248505e-02,-6.498936563730239868e-02,-3.045905828475952148e-01,-8.808408677577972412e-02,9.787056446075439453e-01,-1.273824572563171387e+00,-2.466861754655838013e-01,8.309321850538253784e-02
-4.811647906899452209e-02,1.662723906338214874e-02,5.135819315910339355e-01,2.862634509801864624e-02,1.567787490785121918e-02,-3.842655336484313011e-03,9.994598627090454102e-01,-1.427043080329895020e+00,3.004949092864990234e-01,2.067360132932662964e-01,1.781652450561523438e+00,-3.081851899623870850e-01,1.013753786683082581e-01,-1.483632802963256836e+00,-3.529623746871948242e-01,-1.356341391801834106e-01,1.778135538101196289e+00,-3.202241063117980957e-01,-1.477944105863571167e-01,1.536816917359828949e-02,-7.757676392793655396e-02,-7.686057686805725098e-02,4.088959097862243652e-01,2.436509877443313599e-01,1.163736701011657715e+00,7.880111336708068848e-01,7.616198807954788208e-02,-1.397060323506593704e-02,-5.500198900699615479e-02,-3.059688806533813477e-01,-9.003636240959167480e-02,9.651675820350646973e-01,-1.270838022232055664e+00,-2.465099245309829712e-01,8.119694888591766357e-02
-4.822524264454841614e-02,1.656556688249111176e-02,5.135087966918945312e-01,2.867022342979907990e-02,1.775316894054412842e-02,-4.023510962724685669e-03,9.994231462478637695e-01,-1.431030511856079102e+00,3.016754686832427979e-01,2.073023617267608643e-01,1.781641483306884766e+00,-3.085091114044189453e-01,1.016456931829452515e-01,-1.488311529159545898e+00,-3.517487943172454834e-01,-1.352549493312835693e-01,1.778123259544372559e+00,-3.201263546943664551e-01,-1.476749181747436523e-01,1.502901967614889145e-02,-7.888030260801315308e-02,-6.167234852910041809e-02,4.104825556278228760e-01,2.486006766557693481e-01,1.145899176597595215e+00,7.849483489990234375e-01,7.473281770944595337e-02,-1.714940927922725677e-02,-4.488294944167137146e-02,-3.072222173213958740e-01,-9.125985950231552124e-02,9.511088132858276367e-01,-1.267932057380676270e+00,-2.469523400068283081e-01,7.933422178030014038e-02
-4.825057089328765869e-02,1.651233434677124023e-02,5.134556889533996582e-01,2.889261953532695770e-02,2.061806805431842804e-02,-4.264835268259048462e-03,9.993607401847839355e-01,-1.436510682106018066e+00,3.026002347469329834e-01,2.077365964651107788e-01,1.781568169593811035e+00,-3.088445961475372314e-01,1.015467792749404907e-01,-1.494416713714599609e+00,-3.503783047199249268e-01,-1.344586312770843506e-01,1.777939081192016602e+00,-3.197724521160125732e-01,-1.475742310285568237e-01,1.491492148488759995e-02,-8.019039034843444824e-02,-4.577337205410003662e-02,4.124397039413452148e-01,2.536850869655609131e-01,1.126013159751892090e+00,7.825102210044860840e-01,7.428480684757232666e-02,-2.086488157510757446e-02,-3.464453667402267456e-02,-3.085623085498809814e-01,-9.332130849361419678e-02,9.362477660179138184e-01,-1.264233827590942383e+00,-2.476943880319595337e-01,7.716106623411178589e-02
-4.844221845269203186e-02,1.644548028707504272e-02,5.134544968605041504e-01,2.898514270782470703e-02,2.364407852292060852e-02,-4.394494928419589996e-03,9.992905259132385254e-01,-1.442283034324645996e+00,3.033345639705657959e-01,2.081161439418792725e-01,1.781486630439758301e+00,-3.093129694461822510e-01,1.015185266733169556e-01,-1.500943064689636230e+00,-3.489737212657928467e-01,-1.338483989238739014e-01,1.777816295623779297e+00,-3.193331658840179443e-01,-1.473007500171661377e-01,1.438606157898902893e-02,-8.158299326896667480e-02,-2.877046540379524231e-02,4.140344262123107910e-01,2.594220936298370361e-01,1.105113506317138672e+00,7.806529998779296875e-01,7.416573911905288696e-02,-2.526256069540977478e-02,-2.436902560293674469e-02,-3.101452887058258057e-01,-9.539487212896347046e-02,9.208311438560485840e-01,-1.260775923728942871e+00,-2.486077398061752319e-01,7.432579994201660156e-02
-4.849173501133918762e-02,1.638679020106792450e-02,5.133971571922302246e-01,2.905061282217502594e-02,2.753836661577224731e-02,-4.547009244561195374e-03,9.991881847381591797e-01,-1.449761152267456055e+00,3.040541112422943115e-01,2.084568887948989868e-01,1.781358242034912109e+00,-3.099856674671173096e-01,1.016585975885391235e-01,-1.509219408035278320e+00,-3.478038311004638672e-01,-1.332049071788787842e-01,1.777667999267578125e+00,-3.190913796424865723e-01,-1.471596062183380127e-01,1.382376905530691147e-02,-8.291072398424148560e-02,-1.287205703556537628e-02,4.149887859821319580e-01,2.649914026260375977e-01,1.084276318550109863e+00,7.784684300422668457e-01,7.408038526773452759e-02,-2.901003882288932800e-02,-1.295021548867225647e-02,-3.125856816768646240e-01,-9.819785505533218384e-02,9.037622213363647461e-01,-1.256362557411193848e+00,-2.502025365829467773e-01,7.021040469408035278e-02
-4.863076657056808472e-02,1.632544957101345062e-02,5.134124159812927246e-01,2.911168150603771210e-02,3.221232071518898010e-02,-4.644644912332296371e-03,9.990462064743041992e-01,-1.458918929100036621e+00,3.046036660671234131e-01,2.085568606853485107e-01,1.781138420104980469e+00,-3.105427026748657227e-01,1.014774963259696960e-01,-1.518818140029907227e+00,-3.464681208133697510e-01,-1.324511766433715820e-01,1.777443647384643555e+00,-3.187150359153747559e-01,-1.469392925500869751e-01,1.309272926300764084e-02,-8.455386012792587280e-02,3.286829451099038124e-03,4.161900281906127930e-01,2.708774805068969727e-01,1.062830686569213867e+00,7.745732069015502930e-01,7.351596653461456299e-02,-3.156082332134246826e-02,-1.173513475805521011e-03,-3.147691190242767334e-01,-1.008675992488861084e-01,8.851959109306335449e-01,-1.251559853553771973e+00,-2.525953352451324463e-01,6.606405228376388550e-02
-4.877925291657447815e-02,1.627154275774955750e-02,5.134153962135314941e-01,2.913214825093746185e-02,3.749767318367958069e-02,-4.565396811813116074e-03,9.988615512847900391e-01,-1.469347596168518066e+00,3.049507737159729004e-01,2.086436599493026733e-01,1.780938267707824707e+00,-3.109148740768432617e-01,1.012898012995719910e-01,-1.529545068740844727e+00,-3.454059362411499023e-01,-1.320491880178451538e-01,1.777079224586486816e+00,-3.183460235595703125e-01,-1.466424316167831421e-01,1.230865623801946640e-02,-8.593490719795227051e-02,1.917522586882114410e-02,4.166525900363922119e-01,2.764813005924224854e-01,1.041571855545043945e+00,7.677283287048339844e-01,7.169233262538909912e-02,-3.293993696570396423e-02,1.069286651909351349e-02,-3.173771500587463379e-01,-1.038343459367752075e-01,8.658977746963500977e-01,-1.245673775672912598e+00,-2.547957003116607666e-01,6.219680234789848328e-02
-4.887979105114936829e-02,1.627021841704845428e-02,5.133473873138427734e-01,2.906383946537971497e-02,4.366482049226760864e-02,-4.483298398554325104e-03,9.986132979393005371e-01,-1.481400728225708008e+00,3.052954375743865967e-01,2.085675001144409180e-01,1.780626535415649414e+00,-3.115693628787994385e-01,1.013713777065277100e-01,-1.542056083679199219e+00,-3.444462418556213379e-01,-1.317248791456222534e-01,1.777156472206115723e+00,-3.181383013725280762e-01,-1.463111937046051025e-01,1.165028754621744156e-02,-8.709236979484558105e-02,3.333465009927749634e-02,4.166452884674072266e-01,2.813336551189422607e-01,1.020541191101074219e+00,7.577882409095764160e-01,6.865160167217254639e-02,-3.314960002899169922e-02,2.183324471116065979e-02,-3.199582695960998535e-01,-1.074086725711822510e-01,8.463595509529113770e-01,-1.239049077033996582e+00,-2.566408514976501465e-01,5.899081006646156311e-02
-4.899465292692184448e-02,1.628375984728336334e-02,5.133746266365051270e-01,2.893495000898838043e-02,5.102999135851860046e-02,-4.301813896745443344e-03,9.982686042785644531e-01,-1.495876073837280273e+00,3.052302896976470947e-01,2.083435654640197754e-01,1.780360817909240723e+00,-3.129262328147888184e-01,1.012488231062889099e-01,-1.556691288948059082e+00,-3.435992598533630371e-01,-1.315649300813674927e-01,1.776676058769226074e+00,-3.178780972957611084e-01,-1.459100991487503052e-01,1.052604150027036667e-02,-8.844410628080368042e-02,4.543234407901763916e-02,4.166972935199737549e-01,2.864942848682403564e-01,9.999241828918457031e-01,7.456538677215576172e-01,6.449612975120544434e-02,-3.236623108386993408e-02,3.335594013333320618e-02,-3.221575617790222168e-01,-1.110088974237442017e-01,8.255140781402587891e-01,-1.230052828788757324e+00,-2.578359246253967285e-01,5.645587295293807983e-02
-4.912212491035461426e-02,1.627648808062076569e-02,5.134012103080749512e-01,2.877154015004634857e-02,5.934882909059524536e-02,-3.998811356723308563e-03,9.978145956993103027e-01,-1.512281775474548340e+00,3.050663173198699951e-01,2.078809738159179688e-01,1.780192613601684570e+00,-3.142141997814178467e-01,1.012442409992218018e-01,-1.573243379592895508e+00,-3.430065214633941650e-01,-1.317130327224731445e-01,1.776414752006530762e+00,-3.177776038646697998e-01,-1.455057561397552490e-01,9.271766990423202515e-03,-8.952172100543975830e-02,5.814554542303085327e-02,4.157242476940155029e-01,2.935629189014434814e-01,9.787514805793762207e-01,7.293414473533630371e-01,5.727844312787055969e-02,-3.006637841463088989e-02,4.449653252959251404e-02,-3.242234587669372559e-01,-1.146809458732604980e-01,8.040582537651062012e-01,-1.218803167343139648e+00,-2.579874098300933838e-01,5.471639707684516907e-02
-4.919826239347457886e-02,1.634483411908149719e-02,5.134915113449096680e-01,2.843488007783889771e-02,6.862235814332962036e-02,-3.644536715000867844e-03,9.972307682037353516e-01,-1.530444622039794922e+00,3.049176931381225586e-01,2.075293213129043579e-01,1.779694080352783203e+00,-3.158757388591766357e-01,1.011233106255531311e-01,-1.591565847396850586e+00,-3.424631357192993164e-01,-1.318027377128601074e-01,1.776029348373413086e+00,-3.176040947437286377e-01,-1.449789106845855713e-01,7.876782678067684174e-03,-9.088385105133056641e-02,6.991887092590332031e-02,4.144890010356903076e-01,3.013137578964233398e-01,9.571089744567871094e-01,7.121837139129638672e-01,4.924908280372619629e-02,-2.733635716140270233e-02,5.420685186982154846e-02,-3.256787657737731934e-01,-1.184168606996536255e-01,7.826656103134155273e-01,-1.206174969673156738e+00,-2.575181722640991211e-01,5.413319543004035950e-02
-4.929809272289276123e-02,1.641353406012058258e-02,5.135973095893859863e-01,2.816419489681720734e-02,7.936698943376541138e-02,-3.273554146289825439e-03,9.964421391487121582e-01,-1.551655769348144531e+00,3.043690025806427002e-01,2.068280726671218872e-01,1.779304862022399902e+00,-3.174487948417663574e-01,1.009311527013778687e-01,-1.612602472305297852e+00,-3.418178856372833252e-01,-1.319546252489089966e-01,1.775500893592834473e+00,-3.176116049289703369e-01,-1.442670971155166626e-01,6.197948940098285675e-03,-9.209368377923965454e-02,7.903958112001419067e-02,4.130889475345611572e-01,3.099340796470642090e-01,9.353997111320495605e-01,6.939287185668945312e-01,4.013206809759140015e-02,-2.412485890090465546e-02,6.104546785354614258e-02,-3.268306553363800049e-01,-1.220845729112625122e-01,7.616834640502929688e-01,-1.192758321762084961e+00,-2.565341889858245850e-01,5.473395809531211853e-02
-4.934808611869812012e-02,1.654572226107120514e-02,5.137990117073059082e-01,2.785463817417621613e-02,9.199580550193786621e-02,-2.743658842518925667e-03,9.953659176826477051e-01,-1.576429605484008789e+00,3.037100434303283691e-01,2.062445580959320068e-01,1.778804779052734375e+00,-3.188962042331695557e-01,1.008719503879547119e-01,-1.637096881866455078e+00,-3.412260413169860840e-01,-1.322056949138641357e-01,1.774476528167724609e+00,-3.174484968185424805e-01,-1.436437517404556274e-01,3.916258923709392548e-03,-9.346413612365722656e-02,8.505696803331375122e-02,4.119032025337219238e-01,3.199284672737121582e-01,9.142441749572753906e-01,6.760256886482238770e-01,3.033990412950515747e-02,-2.124666422605514526e-02,6.769663095474243164e-02,-3.268086612224578857e-01,-1.265623420476913452e-01,7.395604848861694336e-01,-1.177228450775146484e+00,-2.533767521381378174e-01,5.759885162115097046e-02
-4.942580312490463257e-02,1.668526604771614075e-02,5.139558315277099609e-01,2.746018581092357635e-02,1.054093763232231140e-01,-2.107600448653101921e-03,9.940474629402160645e-01,-1.603015303611755371e+00,3.028405308723449707e-01,2.058017104864120483e-01,1.778087496757507324e+00,-3.202962577342987061e-01,1.008233428001403809e-01,-1.663390278816223145e+00,-3.409622311592102051e-01,-1.323951482772827148e-01,1.773752093315124512e+00,-3.176989853382110596e-01,-1.430135071277618408e-01,1.767650595866143703e-03,-9.493899345397949219e-02,9.169854223728179932e-02,4.101364910602569580e-01,3.324204981327056885e-01,8.931707739830017090e-01,6.554320454597473145e-01,1.613018102943897247e-02,-1.651521027088165283e-02,7.369294762611389160e-02,-3.262204527854919434e-01,-1.320077925920486450e-01,7.164479494094848633e-01,-1.162637472152709961e+00,-2.497244030237197876e-01,6.084666773676872253e-02
-4.951217025518417358e-02,1.686962693929672241e-02,5.141717195510864258e-01,2.726126275956630707e-02,1.194865554571151733e-01,-1.385081210173666477e-03,9.924604892730712891e-01,-1.630702018737792969e+00,3.016393482685089111e-01,2.051756232976913452e-01,1.777147293090820312e+00,-3.215172886848449707e-01,1.008602678775787354e-01,-1.690786838531494141e+00,-3.407341837882995605e-01,-1.321551352739334106e-01,1.772871375083923340e+00,-3.180966377258300781e-01,-1.420153379440307617e-01,-7.558596553280949593e-04,-9.654027223587036133e-02,9.692549705505371094e-02,4.081874191761016846e-01,3.458965420722961426e-01,8.722177147865295410e-01,6.366217732429504395e-01,8.900209795683622360e-04,-1.188369840383529663e-02,7.891309261322021484e-02,-3.249031603336334229e-01,-1.381987929344177246e-01,6.932703852653503418e-01,-1.147612690925598145e+00,-2.448850572109222412e-01,6.514340639114379883e-02
-4.964490234851837158e-02,1.697743870317935944e-02,5.144373774528503418e-01,2.699479646980762482e-02,1.352864205837249756e-01,-2.914571086876094341e-04,9.904386997222900391e-01,-1.661481738090515137e+00,2.996325492858886719e-01,2.047908157110214233e-01,1.775870919227600098e+00,-3.230709135532379150e-01,1.006387397646903992e-01,-1.721506357192993164e+00,-3.408762514591217041e-01,-1.320551335811614990e-01,1.771933436393737793e+00,-3.188907504081726074e-01,-1.411937773227691650e-01,-3.377483924850821495e-03,-9.829842299222946167e-02,9.927425533533096313e-02,4.063420891761779785e-01,3.594264686107635498e-01,8.518730998039245605e-01,6.196864247322082520e-01,-1.465140469372272491e-02,-8.129472844302654266e-03,8.141852915287017822e-02,-3.232516944408416748e-01,-1.462587565183639526e-01,6.700440645217895508e-01,-1.133504033088684082e+00,-2.401536405086517334e-01,6.866977363824844360e-02
-4.973933473229408264e-02,1.712840050458908081e-02,5.146749615669250488e-01,2.674324065446853638e-02,1.522476077079772949e-01,1.072302577085793018e-03,9.879798889160156250e-01,-1.694694399833679199e+00,2.972696423530578613e-01,2.045459896326065063e-01,1.774639248847961426e+00,-3.251515924930572510e-01,1.004559546709060669e-01,-1.754759669303894043e+00,-3.415578901767730713e-01,-1.315848827362060547e-01,1.771146416664123535e+00,-3.199675381183624268e-01,-1.401602923870086670e-01,-6.601541303098201752e-03,-1.000014618039131165e-01,9.781165421009063721e-02,4.045765399932861328e-01,3.722436130046844482e-01,8.329368233680725098e-01,6.041610836982727051e-01,-2.953464165329933167e-02,-5.278611090034246445e-03,8.281768113374710083e-02,-3.199639916419982910e-01,-1.537771075963973999e-01,6.470505595207214355e-01,-1.117062330245971680e+00,-2.328337132930755615e-01,7.346078753471374512e-02
-4.978340864181518555e-02,1.727748289704322815e-02,5.149729847908020020e-01,2.644915319979190826e-02,1.698451042175292969e-01,2.690147841349244118e-03,9.851120710372924805e-01,-1.728859663009643555e+00,2.941035926342010498e-01,2.040735632181167603e-01,1.773020029067993164e+00,-3.281006515026092529e-01,1.000731512904167175e-01,-1.789324998855590820e+00,-3.424440324306488037e-01,-1.307598501443862915e-01,1.770694136619567871e+00,-3.220175802707672119e-01,-1.388093233108520508e-01,-1.033784076571464539e-02,-1.019041687250137329e-01,9.622128307819366455e-02,4.026021957397460938e-01,3.837380111217498779e-01,8.164824843406677246e-01,5.852971673011779785e-01,-4.962541162967681885e-02,4.212115309201180935e-04,8.360771834850311279e-02,-3.159899115562438965e-01,-1.608151793479919434e-01,6.239866614341735840e-01,-1.100694060325622559e+00,-2.264032363891601562e-01,7.740071415901184082e-02
-4.974399879574775696e-02,1.743055321276187897e-02,5.154860615730285645e-01,2.610165253281593323e-02,1.877432167530059814e-01,4.553653765469789505e-03,9.818606972694396973e-01,-1.763114094734191895e+00,2.902481257915496826e-01,2.037899941205978394e-01,1.770881295204162598e+00,-3.310789167881011963e-01,9.948618710041046143e-02,-1.823880910873413086e+00,-3.437254726886749268e-01,-1.302508562803268433e-01,1.770143151283264160e+00,-3.249717056751251221e-01,-1.374177634716033936e-01,-1.401541475206613541e-02,-1.033675298094749451e-01,9.401314705610275269e-02,4.000084102153778076e-01,3.936958611011505127e-01,8.001697659492492676e-01,5.676716566085815430e-01,-6.766410171985626221e-02,5.226548761129379272e-03,8.341269195079803467e-02,-3.109676241874694824e-01,-1.670321077108383179e-01,6.027289032936096191e-01,-1.084798574447631836e+00,-2.194486260414123535e-01,8.163584023714065552e-02
-4.947652667760848999e-02,1.755945011973381042e-02,5.162998437881469727e-01,2.556805126368999481e-02,2.065147906541824341e-01,6.755451206117868423e-03,9.780860543251037598e-01,-1.798167586326599121e+00,2.852387130260467529e-01,2.032330930233001709e-01,1.767773151397705078e+00,-3.348852396011352539e-01,9.857949614524841309e-02,-1.859263300895690918e+00,-3.458131253719329834e-01,-1.298745423555374146e-01,1.769187211990356445e+00,-3.285275995731353760e-01,-1.354754269123077393e-01,-1.800019666552543640e-02,-1.045621111989021301e-01,8.916942030191421509e-02,3.967661559581756592e-01,4.011626541614532471e-01,7.853205800056457520e-01,5.491623878479003906e-01,-8.509047329425811768e-02,1.133315451443195343e-02,8.007971942424774170e-02,-3.059753179550170898e-01,-1.722409427165985107e-01,5.836058259010314941e-01,-1.068278908729553223e+00,-2.114398032426834106e-01,8.688239753246307373e-02
-4.911772534251213074e-02,1.767615042626857758e-02,5.173630714416503906e-01,2.512114122509956360e-02,2.253777980804443359e-01,9.238745085895061493e-03,9.739037156105041504e-01,-1.833045959472656250e+00,2.795244753360748291e-01,2.026912719011306763e-01,1.764367341995239258e+00,-3.392325937747955322e-01,9.758404642343521118e-02,-1.894242763519287109e+00,-3.480074405670166016e-01,-1.292401254177093506e-01,1.767701864242553711e+00,-3.327586948871612549e-01,-1.336518973112106323e-01,-2.219538390636444092e-02,-1.056214198470115662e-01,8.100357651710510254e-02,3.941697776317596436e-01,4.056141376495361328e-01,7.724509835243225098e-01,5.310527682304382324e-01,-9.921320527791976929e-02,1.764722168445587158e-02,7.688600569963455200e-02,-3.004761934280395508e-01,-1.751441806554794312e-01,5.668330788612365723e-01,-1.045075058937072754e+00,-1.976281255483627319e-01,9.699686616659164429e-02
-4.865730181336402893e-02,1.768441125750541687e-02,5.188603997230529785e-01,2.446304261684417725e-02,2.440697848796844482e-01,1.193643733859062195e-02,9.693756103515625000e-01,-1.866882562637329102e+00,2.729114592075347900e-01,2.018707394599914551e-01,1.759920358657836914e+00,-3.435185253620147705e-01,9.607862681150436401e-02,-1.928298950195312500e+00,-3.505543768405914307e-01,-1.287310719490051270e-01,1.766005873680114746e+00,-3.376306295394897461e-01,-1.313136965036392212e-01,-2.647147141396999359e-02,-1.061429530382156372e-01,7.335697859525680542e-02,3.914632201194763184e-01,4.070890843868255615e-01,7.622267007827758789e-01,5.085570812225341797e-01,-1.125134080648422241e-01,2.622464485466480255e-02,7.360427081584930420e-02,-2.942718565464019775e-01,-1.763002723455429077e-01,5.506950616836547852e-01,-1.020498156547546387e+00,-1.859840601682662964e-01,1.083518937230110168e-01
-4.799518734216690063e-02,1.769445464015007019e-02,5.208209156990051270e-01,2.389050088822841644e-02,2.618311345577239990e-01,1.452983543276786804e-02,9.647085666656494141e-01,-1.897909760475158691e+00,2.657165229320526123e-01,2.013101577758789062e-01,1.754631638526916504e+00,-3.480110764503479004e-01,9.439677000045776367e-02,-1.959250450134277344e+00,-3.526619076728820801e-01,-1.283371299505233765e-01,1.763032555580139160e+00,-3.426263630390167236e-01,-1.291266530752182007e-01,-3.081113658845424652e-02,-1.067205145955085754e-01,6.495864689350128174e-02,3.889821171760559082e-01,4.065490067005157471e-01,7.528803348541259766e-01,4.874997138977050781e-01,-1.193987876176834106e-01,3.144547715783119202e-02,6.892277300357818604e-02,-2.878784239292144775e-01,-1.747887432575225830e-01,5.362054705619812012e-01,-9.956448674201965332e-01,-1.765946894884109497e-01,1.207930892705917358e-01
-4.714952781796455383e-02,1.767139323055744171e-02,5.232535004615783691e-01,2.326694317162036896e-02,2.796565890312194824e-01,1.696884445846080780e-02,9.596680998802185059e-01,-1.927998781204223633e+00,2.584650814533233643e-01,2.002532929182052612e-01,1.748418807983398438e+00,-3.528132140636444092e-01,9.182260185480117798e-02,-1.988832592964172363e+00,-3.541186749935150146e-01,-1.283088028430938721e-01,1.758872747421264648e+00,-3.481487631797790527e-01,-1.264591664075851440e-01,-3.534679114818572998e-02,-1.069949418306350708e-01,5.486550554633140564e-02,3.864373564720153809e-01,4.041225016117095947e-01,7.455292344093322754e-01,4.681834578514099121e-01,-1.217139512300491333e-01,3.473839163780212402e-02,6.163958087563514709e-02,-2.821187078952789307e-01,-1.711138784885406494e-01,5.242261886596679688e-01,-9.722736477851867676e-01,-1.705040931701660156e-01,1.329517811536788940e-01
-4.596547037363052368e-02,1.759277842938899994e-02,5.259121656417846680e-01,2.264354005455970764e-02,2.968069911003112793e-01,1.913984678685665131e-02,9.544771313667297363e-01,-1.956269502639770508e+00,2.514232099056243896e-01,1.987431198358535767e-01,1.741975545883178711e+00,-3.581277728080749512e-01,8.900178968906402588e-02,-2.016352415084838867e+00,-3.555784225463867188e-01,-1.287109553813934326e-01,1.754328608512878418e+00,-3.543965518474578857e-01,-1.238086745142936707e-01,-3.962508589029312134e-02,-1.073653176426887512e-01,4.397966712713241577e-02,3.845922946929931641e-01,4.008364081382751465e-01,7.393569946289062500e-01,4.521257877349853516e-01,-1.200563088059425354e-01,3.604488074779510498e-02,5.416718125343322754e-02,-2.761555016040802002e-01,-1.651725620031356812e-01,5.150157809257507324e-01,-9.501379728317260742e-01,-1.665856391191482544e-01,1.459130495786666870e-01
-4.465734213590621948e-02,1.753240823745727539e-02,5.287764072418212891e-01,2.188981883227825165e-02,3.130280375480651855e-01,2.117079682648181915e-02,9.492555260658264160e-01,-1.982269883155822754e+00,2.442623227834701538e-01,1.971819400787353516e-01,1.735544204711914062e+00,-3.638427853584289551e-01,8.612817525863647461e-02,-2.041576623916625977e+00,-3.566899001598358154e-01,-1.294701099395751953e-01,1.749543190002441406e+00,-3.605655431747436523e-01,-1.212566792964935303e-01,-4.371876269578933716e-02,-1.070757508277893066e-01,3.410166129469871521e-02,3.827837705612182617e-01,3.959781825542449951e-01,7.344432473182678223e-01,4.399878382682800293e-01,-1.134465187788009644e-01,3.808274865150451660e-02,4.594046622514724731e-02,-2.704396843910217285e-01,-1.575825214385986328e-01,5.079209804534912109e-01,-9.336918592453002930e-01,-1.695501059293746948e-01,1.568720787763595581e-01
-4.307075217366218567e-02,1.732624694705009460e-02,5.319398045539855957e-01,2.118275687098503113e-02,3.280810117721557617e-01,2.306759729981422424e-02,9.441303014755249023e-01,-2.004998683929443359e+00,2.370834499597549438e-01,1.950218975543975830e-01,1.728654980659484863e+00,-3.697806000709533691e-01,8.267188072204589844e-02,-2.063281059265136719e+00,-3.579593300819396973e-01,-1.304481625556945801e-01,1.744495749473571777e+00,-3.671749532222747803e-01,-1.189508289098739624e-01,-4.772915318608283997e-02,-1.069992929697036743e-01,2.503861673176288605e-02,3.808143138885498047e-01,3.894677460193634033e-01,7.300440669059753418e-01,4.304409325122833252e-01,-1.028846427798271179e-01,3.839479759335517883e-02,3.799077495932579041e-02,-2.657268643379211426e-01,-1.483262479305267334e-01,5.030395388603210449e-01,-9.209971427917480469e-01,-1.776261478662490845e-01,1.667262464761734009e-01
-4.115062579512596130e-02,1.706077903509140015e-02,5.352804660797119141e-01,2.054143324494361877e-02,3.426274061203002930e-01,2.490395493805408478e-02,9.389165639877319336e-01,-2.026157379150390625e+00,2.299676239490509033e-01,1.929181665182113647e-01,1.721679925918579102e+00,-3.762768507003784180e-01,7.871605455875396729e-02,-2.083195686340332031e+00,-3.593242764472961426e-01,-1.321139931678771973e-01,1.738968372344970703e+00,-3.742075264453887939e-01,-1.165650188922882080e-01,-5.182874947786331177e-02,-1.064993888139724731e-01,1.460429560393095016e-02,3.794943094253540039e-01,3.821222782135009766e-01,7.265803217887878418e-01,4.226725399494171143e-01,-9.099290519952774048e-02,3.734701126813888550e-02,2.829119563102722168e-02,-2.609211206436157227e-01,-1.389842927455902100e-01,5.000929832458496094e-01,-9.128101468086242676e-01,-1.894008219242095947e-01,1.753849983215332031e-01
-3.895314410328865051e-02,1.671399734914302826e-02,5.387173295021057129e-01,1.988576166331768036e-02,3.561112284660339355e-01,2.668978087604045868e-02,9.338506460189819336e-01,-2.045016288757324219e+00,2.227327376604080200e-01,1.905226111412048340e-01,1.714608550071716309e+00,-3.825166821479797363e-01,7.493609189987182617e-02,-2.100976943969726562e+00,-3.607404530048370361e-01,-1.336212009191513062e-01,1.733589172363281250e+00,-3.807730376720428467e-01,-1.141994670033454895e-01,-5.585382506251335144e-02,-1.062425300478935242e-01,4.137211479246616364e-03,3.785657286643981934e-01,3.743247091770172119e-01,7.240297198295593262e-01,4.168111383914947510e-01,-7.779418677091598511e-02,3.487432003021240234e-02,1.866125129163265228e-02,-2.561844885349273682e-01,-1.289144158363342285e-01,4.991481006145477295e-01,-9.094034433364868164e-01,-2.030221670866012573e-01,1.845314204692840576e-01
-3.666260838508605957e-02,1.630722545087337494e-02,5.421116948127746582e-01,1.934226974844932556e-02,3.686308264732360840e-01,2.834741026163101196e-02,9.289422035217285156e-01,-2.061781406402587891e+00,2.160234749317169189e-01,1.884469538927078247e-01,1.707666635513305664e+00,-3.888534903526306152e-01,7.093829661607742310e-02,-2.116594076156616211e+00,-3.619948327541351318e-01,-1.352781057357788086e-01,1.728388309478759766e+00,-3.876911103725433350e-01,-1.121267080307006836e-01,-5.978924781084060669e-02,-1.059489026665687561e-01,-6.659293547272682190e-03,3.777671158313751221e-01,3.658497631549835205e-01,7.226570248603820801e-01,4.118159115314483643e-01,-6.452428549528121948e-02,3.254398331046104431e-02,8.136829361319541931e-03,-2.520718872547149658e-01,-1.197193264961242676e-01,4.993851482868194580e-01,-9.076811075210571289e-01,-2.178438156843185425e-01,1.915144026279449463e-01
-3.394338488578796387e-02,1.584608852863311768e-02,5.458632111549377441e-01,1.878928206861019135e-02,3.801129460334777832e-01,2.992947772145271301e-02,9.242647290229797363e-01,-2.075448513031005859e+00,2.096582651138305664e-01,1.857127547264099121e-01,1.700193166732788086e+00,-3.952961564064025879e-01,6.658565998077392578e-02,-2.129214525222778320e+00,-3.634000718593597412e-01,-1.374825239181518555e-01,1.722519397735595703e+00,-3.941898345947265625e-01,-1.101129874587059021e-01,-6.342703104019165039e-02,-1.052743270993232727e-01,-1.736894622445106506e-02,3.774872124195098877e-01,3.579402267932891846e-01,7.223079204559326172e-01,4.056552648544311523e-01,-5.230984836816787720e-02,2.974252030253410339e-02,-2.246257616207003593e-03,-2.481695413589477539e-01,-1.117287725210189819e-01,5.011734366416931152e-01,-9.062156677246093750e-01,-2.312227636575698853e-01,1.969296485185623169e-01
-3.104614652693271637e-02,1.531384885311126709e-02,5.496804714202880859e-01,1.798203215003013611e-02,3.909818232059478760e-01,3.138896077871322632e-02,9.196872115135192871e-01,-2.087665319442749023e+00,2.037819176912307739e-01,1.830055564641952515e-01,1.692882418632507324e+00,-4.016017913818359375e-01,6.239547207951545715e-02,-2.139701128005981445e+00,-3.644862473011016846e-01,-1.405539810657501221e-01,1.716732382774353027e+00,-4.010183513164520264e-01,-1.079383119940757751e-01,-6.677161902189254761e-02,-1.043213307857513428e-01,-2.877542749047279358e-02,3.775267302989959717e-01,3.513695299625396729e-01,7.227317690849304199e-01,3.980102241039276123e-01,-4.121499136090278625e-02,2.642019465565681458e-02,-1.444724109023809433e-02,-2.445737123489379883e-01,-1.036207601428031921e-01,5.043764114379882812e-01,-9.040593504905700684e-01,-2.428934872150421143e-01,2.006952762603759766e-01
-2.788035199046134949e-02,1.478071790188550949e-02,5.536184310913085938e-01,1.713091321289539337e-02,4.010715484619140625e-01,3.272694349288940430e-02,9.153016209602355957e-01,-2.097851514816284180e+00,1.982770711183547974e-01,1.803470551967620850e-01,1.685560703277587891e+00,-4.079262614250183105e-01,5.843287333846092224e-02,-2.147758722305297852e+00,-3.655509352684020996e-01,-1.437697112560272217e-01,1.710192680358886719e+00,-4.076104462146759033e-01,-1.057094410061836243e-01,-6.987345218658447266e-02,-1.026152670383453369e-01,-4.035750776529312134e-02,3.773770332336425781e-01,3.447064757347106934e-01,7.241439223289489746e-01,3.890028297901153564e-01,-3.098481334745883942e-02,2.344414405524730682e-02,-2.695333585143089294e-02,-2.419485300779342651e-01,-9.636713564395904541e-02,5.092118978500366211e-01,-9.001541733741760254e-01,-2.518496513366699219e-01,2.033948898315429688e-01
-2.470108307898044586e-02,1.433393731713294983e-02,5.576600432395935059e-01,1.618692465126514435e-02,4.103121757507324219e-01,3.394921869039535522e-02,9.111692309379577637e-01,-2.106133222579956055e+00,1.932576894760131836e-01,1.773337274789810181e-01,1.677649736404418945e+00,-4.138203859329223633e-01,5.427196994423866272e-02,-2.154037475585937500e+00,-3.664583563804626465e-01,-1.474337726831436157e-01,1.703615784645080566e+00,-4.140797257423400879e-01,-1.034823060035705566e-01,-7.286141067743301392e-02,-1.008767783641815186e-01,-5.173223838210105896e-02,3.778166174888610840e-01,3.376164436340332031e-01,7.264531254768371582e-01,3.764593899250030518e-01,-2.230070531368255615e-02,2.071993052959442139e-02,-3.915778547525405884e-02,-2.388044595718383789e-01,-8.952780812978744507e-02,5.147233605384826660e-01,-8.939700126647949219e-01,-2.603435516357421875e-01,2.041940689086914062e-01
-2.119531296193599701e-02,1.379359886050224304e-02,5.621100068092346191e-01,1.538489572703838348e-02,4.186429679393768311e-01,3.532600030303001404e-02,9.073331356048583984e-01,-2.111127376556396484e+00,1.883665621280670166e-01,1.752755939960479736e-01,1.668655991554260254e+00,-4.193801879882812500e-01,5.050843581557273865e-02,-2.157275915145874023e+00,-3.676105141639709473e-01,-1.511107683181762695e-01,1.695801258087158203e+00,-4.201058149337768555e-01,-1.010059118270874023e-01,-7.558376342058181763e-02,-9.913106262683868408e-02,-6.283880025148391724e-02,3.784559369087219238e-01,3.305775225162506104e-01,7.288352251052856445e-01,3.640199303627014160e-01,-1.518483739346265793e-02,1.727158389985561371e-02,-5.193642154335975647e-02,-2.360618561506271362e-01,-8.314837515354156494e-02,5.211840271949768066e-01,-8.851991295814514160e-01,-2.676294445991516113e-01,2.031060606241226196e-01
-1.760586537420749664e-02,1.325735822319984436e-02,5.667656064033508301e-01,1.456700172275304794e-02,4.266027808189392090e-01,3.683359175920486450e-02,9.035713076591491699e-01,-2.114543914794921875e+00,1.831538826227188110e-01,1.732807010412216187e-01,1.658639192581176758e+00,-4.242632687091827393e-01,4.661315307021141052e-02,-2.158990144729614258e+00,-3.689942657947540283e-01,-1.547225713729858398e-01,1.687486648559570312e+00,-4.254880547523498535e-01,-9.835156798362731934e-02,-7.861553877592086792e-02,-9.686662256717681885e-02,-7.436132431030273438e-02,3.788815438747406006e-01,3.230510354042053223e-01,7.321926951408386230e-01,3.520122468471527100e-01,-9.445978328585624695e-03,1.336407847702503204e-02,-6.502451002597808838e-02,-2.335842698812484741e-01,-7.734131067991256714e-02,5.285216569900512695e-01,-8.753187060356140137e-01,-2.736751437187194824e-01,2.003203928470611572e-01
-1.393104158341884613e-02,1.280937250703573227e-02,5.715340971946716309e-01,1.386961340904235840e-02,4.341359436511993408e-01,3.858273476362228394e-02,8.999138474464416504e-01,-2.116831302642822266e+00,1.779820173978805542e-01,1.720498055219650269e-01,1.648137688636779785e+00,-4.285575151443481445e-01,4.326811432838439941e-02,-2.160037040710449219e+00,-3.707880079746246338e-01,-1.581678539514541626e-01,1.678827524185180664e+00,-4.304708838462829590e-01,-9.557595849037170410e-02,-8.165440708398818970e-02,-9.482731670141220093e-02,-8.657377213239669800e-02,3.796904981136322021e-01,3.152343630790710449e-01,7.358375191688537598e-01,3.413196504116058350e-01,-5.487948656082153320e-03,9.118801914155483246e-03,-7.875578850507736206e-02,-2.309009283781051636e-01,-7.222760468721389771e-02,5.373068451881408691e-01,-8.625075817108154297e-01,-2.745169103145599365e-01,1.951214969158172607e-01
-1.016356144100427628e-02,1.233810465782880783e-02,5.764834284782409668e-01,1.321487314999103546e-02,4.410952925682067871e-01,4.018500447273254395e-02,8.964627385139465332e-01,-2.117556095123291016e+00,1.727924048900604248e-01,1.710444837808609009e-01,1.636713743209838867e+00,-4.316296279430389404e-01,3.985212743282318115e-02,-2.158841133117675781e+00,-3.721762001514434814e-01,-1.618509292602539062e-01,1.668913722038269043e+00,-4.347478747367858887e-01,-9.294304251670837402e-02,-8.469805866479873657e-02,-9.262667596340179443e-02,-9.770975261926651001e-02,3.805840015411376953e-01,3.067631721496582031e-01,7.402105331420898438e-01,3.303972780704498291e-01,-3.317212918773293495e-03,4.818925168365240097e-03,-9.225571900606155396e-02,-2.280781120061874390e-01,-6.712287664413452148e-02,5.468882918357849121e-01,-8.517423868179321289e-01,-2.741328775882720947e-01,1.895013749599456787e-01
-6.239237729460000992e-03,1.191962696611881256e-02,5.817306637763977051e-01,1.255936548113822937e-02,4.476360976696014404e-01,4.201553761959075928e-02,8.931398987770080566e-01,-2.116410017013549805e+00,1.675136983394622803e-01,1.699756830930709839e-01,1.623957753181457520e+00,-4.339849650859832764e-01,3.668289259076118469e-02,-2.156583786010742188e+00,-3.743732273578643799e-01,-1.655952483415603638e-01,1.658674359321594238e+00,-4.385377168655395508e-01,-8.996783941984176636e-02,-8.770394325256347656e-02,-9.022361785173416138e-02,-1.094639152288436890e-01,3.814321756362915039e-01,2.974142432212829590e-01,7.448467612266540527e-01,3.201059401035308838e-01,-1.927283476106822491e-03,1.321065472438931465e-03,-1.063153743743896484e-01,-2.255847007036209106e-01,-6.242846697568893433e-02,5.571161508560180664e-01,-8.438558578491210938e-01,-2.714368402957916260e-01,1.839380264282226562e-01
-2.298477571457624435e-03,1.170758903026580811e-02,5.870947241783142090e-01,1.209857314825057983e-02,4.539808332920074463e-01,4.393752664327621460e-02,8.898451924324035645e-01,-2.114442586898803711e+00,1.615347862243652344e-01,1.695966571569442749e-01,1.610603570938110352e+00,-4.350197315216064453e-01,3.361334651708602905e-02,-2.153377771377563477e+00,-3.768920898437500000e-01,-1.694529801607131958e-01,1.647743344306945801e+00,-4.421046972274780273e-01,-8.688253909349441528e-02,-9.119387716054916382e-02,-8.773844689130783081e-02,-1.214952692389488220e-01,3.820646703243255615e-01,2.880590260028839111e-01,7.499052882194519043e-01,3.104192912578582764e-01,-5.035503418184816837e-04,-1.796678872779011726e-03,-1.205527782440185547e-01,-2.234572470188140869e-01,-5.787838995456695557e-02,5.675742030143737793e-01,-8.390021920204162598e-01,-2.679383158683776855e-01,1.786647289991378784e-01
1.572152134031057358e-03,1.143707707524299622e-02,5.924807190895080566e-01,1.155066303908824921e-02,4.599255919456481934e-01,4.609055817127227783e-02,8.866852521896362305e-01,-2.111922264099121094e+00,1.552716493606567383e-01,1.689769476652145386e-01,1.596331715583801270e+00,-4.347099959850311279e-01,3.079647943377494812e-02,-2.149664878845214844e+00,-3.799019455909729004e-01,-1.730509400367736816e-01,1.636453509330749512e+00,-4.451925456523895264e-01,-8.381332457065582275e-02,-9.463619440793991089e-02,-8.539262413978576660e-02,-1.332203447818756104e-01,3.824538588523864746e-01,2.783375382423400879e-01,7.548597455024719238e-01,3.015107214450836182e-01,9.779310785233974457e-04,-4.479358438402414322e-03,-1.349308788776397705e-01,-2.212297320365905762e-01,-5.358699336647987366e-02,5.797726511955261230e-01,-8.365491628646850586e-01,-2.611145079135894775e-01,1.739392876625061035e-01
5.462448112666606903e-03,1.128556486219167709e-02,5.979721546173095703e-01,1.125417556613683701e-02,4.655526280403137207e-01,4.811170697212219238e-02,8.836398124694824219e-01,-2.108312368392944336e+00,1.487570405006408691e-01,1.685758829116821289e-01,1.581415653228759766e+00,-4.338735342025756836e-01,2.813024446368217468e-02,-2.144993066787719727e+00,-3.826813399791717529e-01,-1.768125742673873901e-01,1.624752521514892578e+00,-4.480061233043670654e-01,-8.095972239971160889e-02,-9.807306528091430664e-02,-8.280754089355468750e-02,-1.449890434741973877e-01,3.822268545627593994e-01,2.686041295528411865e-01,7.609718441963195801e-01,2.924014329910278320e-01,4.845953953918069601e-04,-6.808436941355466843e-03,-1.488503515720367432e-01,-2.195257842540740967e-01,-4.865823686122894287e-02,5.920747518539428711e-01,-8.345276713371276855e-01,-2.549093663692474365e-01,1.697488427162170410e-01
9.282089769840240479e-03,1.104470156133174896e-02,6.037187576293945312e-01,1.091255713254213333e-02,4.707752466201782227e-01,5.036607012152671814e-02,8.807467222213745117e-01,-2.103223800659179688e+00,1.414981037378311157e-01,1.680421531200408936e-01,1.565040826797485352e+00,-4.321482777595520020e-01,2.519406564533710480e-02,-2.138924121856689453e+00,-3.857884109020233154e-01,-1.808756440877914429e-01,1.611735105514526367e+00,-4.500504136085510254e-01,-7.798983901739120483e-02,-1.017109826207160950e-01,-8.007390797138214111e-02,-1.568393409252166748e-01,3.819118440151214600e-01,2.593394219875335693e-01,7.674710154533386230e-01,2.846505641937255859e-01,5.717125022783875465e-04,-9.835001081228256226e-03,-1.625084728002548218e-01,-2.181351929903030396e-01,-4.335505515336990356e-02,6.046608686447143555e-01,-8.316298723220825195e-01,-2.502970099449157715e-01,1.654662936925888062e-01
1.288487762212753296e-02,1.086244918406009674e-02,6.095114350318908691e-01,1.069468725472688675e-02,4.759033918380737305e-01,5.274457484483718872e-02,8.778494000434875488e-01,-2.097823858261108398e+00,1.340297907590866089e-01,1.676427572965621948e-01,1.547979116439819336e+00,-4.299381971359252930e-01,2.277697622776031494e-02,-2.132633447647094727e+00,-3.893180191516876221e-01,-1.849541366100311279e-01,1.598344922065734863e+00,-4.516549408435821533e-01,-7.497859001159667969e-02,-1.057649403810501099e-01,-7.711869478225708008e-02,-1.686076670885086060e-01,3.817027807235717773e-01,2.502454221248626709e-01,7.741971611976623535e-01,2.780976295471191406e-01,1.127069815993309021e-03,-1.341005042195320129e-02,-1.758605837821960449e-01,-2.162676900625228882e-01,-3.792594373226165771e-02,6.173262000083923340e-01,-8.279849290847778320e-01,-2.482078373432159424e-01,1.616370975971221924e-01
1.641084253787994385e-02,1.058852765709161758e-02,6.152948141098022461e-01,1.048625260591506958e-02,4.805718064308166504e-01,5.542878806591033936e-02,8.751391172409057617e-01,-2.091921567916870117e+00,1.259254515171051025e-01,1.673418581485748291e-01,1.530373454093933105e+00,-4.272996485233306885e-01,2.006226405501365662e-02,-2.126094818115234375e+00,-3.931179344654083252e-01,-1.888238042593002319e-01,1.584677457809448242e+00,-4.531121551990509033e-01,-7.218401879072189331e-02,-1.100323498249053955e-01,-7.407527416944503784e-02,-1.807991564273834229e-01,3.808308243751525879e-01,2.412996739149093628e-01,7.815134525299072266e-01,2.727894484996795654e-01,2.070881426334381104e-03,-1.687707938253879547e-02,-1.896456182003021240e-01,-2.143871933221817017e-01,-3.209533914923667908e-02,6.317469477653503418e-01,-8.241885900497436523e-01,-2.435224056243896484e-01,1.574761718511581421e-01
1.988472789525985718e-02,1.041856501251459122e-02,6.211663484573364258e-01,1.050242315977811813e-02,4.849320948123931885e-01,5.773966014385223389e-02,8.725804686546325684e-01,-2.084647417068481445e+00,1.181342303752899170e-01,1.668044179677963257e-01,1.512200117111206055e+00,-4.247473180294036865e-01,1.741662807762622833e-02,-2.118178844451904297e+00,-3.964549303054809570e-01,-1.931082755327224731e-01,1.570271611213684082e+00,-4.540499448776245117e-01,-6.986192613840103149e-02,-1.143668293952941895e-01,-7.142814993858337402e-02,-1.919379681348800659e-01,3.801876604557037354e-01,2.331105172634124756e-01,7.896786928176879883e-01,2.680576741695404053e-01,2.214976353570818901e-03,-1.935082487761974335e-02,-2.027767598628997803e-01,-2.124149650335311890e-01,-2.589704655110836029e-02,6.465966701507568359e-01,-8.218048214912414551e-01,-2.413318902254104614e-01,1.541342437267303467e-01
2.337007410824298859e-02,1.021538022905588150e-02,6.272027492523193359e-01,1.066377107053995132e-02,4.889053106307983398e-01,5.991720408201217651e-02,8.702113628387451172e-01,-2.076250791549682617e+00,1.105184406042098999e-01,1.664297878742218018e-01,1.493306159973144531e+00,-4.218636751174926758e-01,1.482344325631856918e-02,-2.109235525131225586e+00,-3.993767499923706055e-01,-1.973421275615692139e-01,1.554964661598205566e+00,-4.548481106758117676e-01,-6.711829453706741333e-02,-1.183926910161972046e-01,-6.912250071763992310e-02,-2.032279968261718750e-01,3.788011968135833740e-01,2.248128801584243774e-01,7.980841994285583496e-01,2.641277313232421875e-01,4.683825187385082245e-03,-2.163252048194408417e-02,-2.154601365327835083e-01,-2.102664560079574585e-01,-2.021001838147640228e-02,6.619961261749267578e-01,-8.208217620849609375e-01,-2.405148446559906006e-01,1.505524963140487671e-01
2.677718177437782288e-02,1.013518497347831726e-02,6.332349181175231934e-01,1.081427186727523804e-02,4.923965632915496826e-01,6.196841597557067871e-02,8.680948019027709961e-01,-2.067000627517700195e+00,1.030982807278633118e-01,1.659428626298904419e-01,1.474142313003540039e+00,-4.189075529575347900e-01,1.238040998578071594e-02,-2.099320173263549805e+00,-4.020133018493652344e-01,-2.020327895879745483e-01,1.539065837860107422e+00,-4.551365673542022705e-01,-6.448888033628463745e-02,-1.223581358790397644e-01,-6.691766530275344849e-02,-2.142206728458404541e-01,3.773452341556549072e-01,2.170604765415191650e-01,8.069424629211425781e-01,2.612769305706024170e-01,7.415630389004945755e-03,-2.351145818829536438e-02,-2.280117869377136230e-01,-2.082313895225524902e-01,-1.504808012396097183e-02,6.774583458900451660e-01,-8.204599618911743164e-01,-2.396548092365264893e-01,1.472574770450592041e-01
3.004092164337635040e-02,1.002927403897047043e-02,6.391764879226684570e-01,1.101731043308973312e-02,4.954116046428680420e-01,6.383413821458816528e-02,8.662396669387817383e-01,-2.056816816329956055e+00,9.573589265346527100e-02,1.653942912817001343e-01,1.455000162124633789e+00,-4.158389866352081299e-01,1.009099092334508896e-02,-2.088457107543945312e+00,-4.042118787765502930e-01,-2.061551213264465332e-01,1.523362636566162109e+00,-4.554669857025146484e-01,-6.209295988082885742e-02,-1.261545866727828979e-01,-6.459876149892807007e-02,-2.240916639566421509e-01,3.751104176044464111e-01,2.100749611854553223e-01,8.161604404449462891e-01,2.597616910934448242e-01,1.080289948731660843e-02,-2.541073784232139587e-02,-2.404424846172332764e-01,-2.061630636453628540e-01,-1.050425507128238678e-02,6.947296261787414551e-01,-8.206649422645568848e-01,-2.360594719648361206e-01,1.433760374784469604e-01
3.330303356051445007e-02,9.916216135025024414e-03,6.450216770172119141e-01,1.135273929685354233e-02,4.979690015316009521e-01,6.529826670885086060e-02,8.646583557128906250e-01,-2.045693874359130859e+00,8.939111977815628052e-02,1.648689657449722290e-01,1.436125040054321289e+00,-4.131063520908355713e-01,8.201553486287593842e-03,-2.077054500579833984e+00,-4.052805304527282715e-01,-2.103907018899917603e-01,1.507393598556518555e+00,-4.553179144859313965e-01,-5.974036455154418945e-02,-1.296406388282775879e-01,-6.289340555667877197e-02,-2.332381457090377808e-01,3.731321990489959717e-01,2.035229355096817017e-01,8.258069753646850586e-01,2.593308091163635254e-01,1.342064980417490005e-02,-2.732734940946102142e-02,-2.523751258850097656e-01,-2.042240649461746216e-01,-7.045103237032890320e-03,7.122591137886047363e-01,-8.212944269180297852e-01,-2.346414327621459961e-01,1.387912780046463013e-01
3.663760423660278320e-02,9.790157899260520935e-03,6.509110331535339355e-01,1.182905118912458420e-02,4.998860061168670654e-01,6.662809848785400391e-02,8.634435534477233887e-01,-2.033074855804443359e+00,8.330907672643661499e-02,1.643515676259994507e-01,1.417140722274780273e+00,-4.102607667446136475e-01,5.858489777892827988e-03,-2.063726425170898438e+00,-4.061119556427001953e-01,-2.145835459232330322e-01,1.490728974342346191e+00,-4.552973806858062744e-01,-5.719308927655220032e-02,-1.331001222133636475e-01,-6.157857924699783325e-02,-2.419292032718658447e-01,3.703168034553527832e-01,1.971808373928070068e-01,8.356397747993469238e-01,2.593757808208465576e-01,1.542920619249343872e-02,-2.983477525413036346e-02,-2.636078298091888428e-01,-2.015177756547927856e-01,-4.109734203666448593e-03,7.301399111747741699e-01,-8.219057917594909668e-01,-2.328896075487136841e-01,1.338365972042083740e-01
4.006268829107284546e-02,9.739394299685955048e-03,6.567993164062500000e-01,1.236943807452917099e-02,5.014192461967468262e-01,6.782199442386627197e-02,8.624534606933593750e-01,-2.019171476364135742e+00,7.728900760412216187e-02,1.639949530363082886e-01,1.397730946540832520e+00,-4.074147045612335205e-01,3.640795592218637466e-03,-2.049588203430175781e+00,-4.068658649921417236e-01,-2.188665568828582764e-01,1.474163770675659180e+00,-4.549008011817932129e-01,-5.503531917929649353e-02,-1.361967623233795166e-01,-6.059122458100318909e-02,-2.500395774841308594e-01,3.675048947334289551e-01,1.909012943506240845e-01,8.457105159759521484e-01,2.589759230613708496e-01,1.694607734680175781e-02,-3.243856877088546753e-02,-2.738654315471649170e-01,-1.991558670997619629e-01,-2.187980571761727333e-03,7.474824786186218262e-01,-8.224060535430908203e-01,-2.316856235265731812e-01,1.282531321048736572e-01
4.340012744069099426e-02,9.588188491761684418e-03,6.624969244003295898e-01,1.300950534641742706e-02,5.022497773170471191e-01,6.894002109766006470e-02,8.618718981742858887e-01,-2.004339456558227539e+00,7.175757735967636108e-02,1.633675545454025269e-01,1.378897309303283691e+00,-4.046570360660552979e-01,1.603575772605836391e-03,-2.034515619277954102e+00,-4.071968793869018555e-01,-2.231053411960601807e-01,1.457915663719177246e+00,-4.549343883991241455e-01,-5.280892178416252136e-02,-1.394910663366317749e-01,-5.987179279327392578e-02,-2.568301558494567871e-01,3.644745051860809326e-01,1.860973984003067017e-01,8.556044697761535645e-01,2.580295205116271973e-01,1.819095015525817871e-02,-3.527653589844703674e-02,-2.842583358287811279e-01,-1.967813074588775635e-01,2.364754072914365679e-05,7.656533718109130859e-01,-8.223820924758911133e-01,-2.286245822906494141e-01,1.219936013221740723e-01
4.681957885622978210e-02,9.375414811074733734e-03,6.680896878242492676e-01,1.389079168438911438e-02,5.026319622993469238e-01,6.964713335037231445e-02,8.615784645080566406e-01,-1.987862706184387207e+00,6.714885681867599487e-02,1.633175760507583618e-01,1.359838008880615234e+00,-4.019562304019927979e-01,-6.072782562114298344e-04,-2.018614292144775391e+00,-4.068085253238677979e-01,-2.265446335077285767e-01,1.441542267799377441e+00,-4.543440043926239014e-01,-5.088264495134353638e-02,-1.423503905534744263e-01,-5.990328267216682434e-02,-2.630987167358398438e-01,3.609518706798553467e-01,1.806572675704956055e-01,8.661615848541259766e-01,2.568897604942321777e-01,1.828903332352638245e-02,-3.733306005597114563e-02,-2.932942211627960205e-01,-1.945877969264984131e-01,1.270374399609863758e-03,7.837824225425720215e-01,-8.218909502029418945e-01,-2.268955409526824951e-01,1.153056845068931580e-01
5.085375159978866577e-02,8.895177394151687622e-03,6.741934418678283691e-01,1.507545355707406998e-02,5.019854903221130371e-01,7.050156593322753906e-02,8.618658781051635742e-01,-1.966953516006469727e+00,6.227823346853256226e-02,1.634957939386367798e-01,1.338347792625427246e+00,-3.991768360137939453e-01,-3.391886828467249870e-03,-1.998293995857238770e+00,-4.058707654476165771e-01,-2.307171374559402466e-01,1.423628449440002441e+00,-4.542495310306549072e-01,-4.873857647180557251e-02,-1.457443982362747192e-01,-6.042576953768730164e-02,-2.682755589485168457e-01,3.575834333896636963e-01,1.761616617441177368e-01,8.775240182876586914e-01,2.552315890789031982e-01,1.572376675903797150e-02,-3.892871364951133728e-02,-3.022397756576538086e-01,-1.918247491121292114e-01,2.213711151853203773e-03,8.042452335357666016e-01,-8.185245394706726074e-01,-2.218940258026123047e-01,1.068151295185089111e-01
5.428877472877502441e-02,8.503275923430919647e-03,6.795917749404907227e-01,1.607818529009819031e-02,5.013416409492492676e-01,7.115799188613891602e-02,8.621685504913330078e-01,-1.948296904563903809e+00,5.824278667569160461e-02,1.634118705987930298e-01,1.319373846054077148e+00,-3.965319395065307617e-01,-5.719923879951238632e-03,-1.980261683464050293e+00,-4.050683379173278809e-01,-2.341258078813552856e-01,1.407475113868713379e+00,-4.537485837936401367e-01,-4.692640528082847595e-02,-1.486443132162094116e-01,-6.097709015011787415e-02,-2.724358737468719482e-01,3.547244071960449219e-01,1.724968403577804565e-01,8.869780302047729492e-01,2.550155520439147949e-01,1.792533695697784424e-02,-4.137488454580307007e-02,-3.097312748432159424e-01,-1.899438649415969849e-01,3.092936472967267036e-03,8.212518095970153809e-01,-8.185484409332275391e-01,-2.241923213005065918e-01,1.002282500267028809e-01
5.776632949709892273e-02,8.031065575778484344e-03,6.847087144851684570e-01,1.726891472935676575e-02,4.998779296875000000e-01,7.172354310750961304e-02,8.629481792449951172e-01,-1.928523778915405273e+00,5.459376052021980286e-02,1.635434180498123169e-01,1.301139950752258301e+00,-3.943777382373809814e-01,-8.283336646854877472e-03,-1.961239695549011230e+00,-4.041032791137695312e-01,-2.373578846454620361e-01,1.392178416252136230e+00,-4.535518884658813477e-01,-4.538040608167648315e-02,-1.513571292161941528e-01,-6.161489337682723999e-02,-2.751200795173645020e-01,3.515160679817199707e-01,1.697347462177276611e-01,8.964496850967407227e-01,2.544297575950622559e-01,1.748565584421157837e-02,-4.363108426332473755e-02,-3.162852823734283447e-01,-1.876872330904006958e-01,3.893397748470306396e-03,8.396536111831665039e-01,-8.137525320053100586e-01,-2.204298824071884155e-01,9.143519401550292969e-02
6.134618818759918213e-02,7.485010661184787750e-03,6.898077726364135742e-01,1.850640587508678436e-02,4.981791079044342041e-01,7.204794883728027344e-02,8.638774156570434570e-01,-1.907554626464843750e+00,5.122984200716018677e-02,1.640776544809341431e-01,1.282566785812377930e+00,-3.921001851558685303e-01,-1.061541400849819183e-02,-1.941494464874267578e+00,-4.022299945354461670e-01,-2.401433438062667847e-01,1.376790881156921387e+00,-4.534030854701995850e-01,-4.390000551939010620e-02,-1.536880284547805786e-01,-6.324702501296997070e-02,-2.782903015613555908e-01,3.484258651733398438e-01,1.671586483716964722e-01,9.066247940063476562e-01,2.536500394344329834e-01,1.512650121003389359e-02,-4.638489335775375366e-02,-3.218746483325958252e-01,-1.857198476791381836e-01,3.799147671088576317e-03,8.573824167251586914e-01,-8.085165619850158691e-01,-2.179042398929595947e-01,8.301442116498947144e-02
6.499888747930526733e-02,7.021135650575160980e-03,6.949061155319213867e-01,1.996050402522087097e-02,4.959470927715301514e-01,7.233056426048278809e-02,8.651047945022583008e-01,-1.885253906250000000e+00,4.808811098337173462e-02,1.645681560039520264e-01,1.264045476913452148e+00,-3.905272185802459717e-01,-1.286424044519662857e-02,-1.920797824859619141e+00,-4.008294045925140381e-01,-2.430511116981506348e-01,1.361549854278564453e+00,-4.532224833965301514e-01,-4.229094833135604858e-02,-1.558189839124679565e-01,-6.486395746469497681e-02,-2.808858454227447510e-01,3.454893231391906738e-01,1.649624258279800415e-01,9.167671799659729004e-01,2.527921199798583984e-01,1.325229741632938385e-02,-4.963147267699241638e-02,-3.269018828868865967e-01,-1.833659410476684570e-01,4.030609503388404846e-03,8.746951222419738770e-01,-8.035984039306640625e-01,-2.164035290479660034e-01,7.495872676372528076e-02
6.874861568212509155e-02,6.475655362010002136e-03,6.998151540756225586e-01,2.144079282879829407e-02,4.929310977458953857e-01,7.259394228458404541e-02,8.667694926261901855e-01,-1.861152410507202148e+00,4.484925791621208191e-02,1.653798371553421021e-01,1.245181679725646973e+00,-3.885396122932434082e-01,-1.513467077165842056e-02,-1.898216128349304199e+00,-3.990255892276763916e-01,-2.456845790147781372e-01,1.346101284027099609e+00,-4.532482028007507324e-01,-4.052195325493812561e-02,-1.579550504684448242e-01,-6.700422614812850952e-02,-2.823941707611083984e-01,3.423554599285125732e-01,1.633226722478866577e-01,9.271089434623718262e-01,2.516335546970367432e-01,1.071977149695158005e-02,-5.323030054569244385e-02,-3.300322592258453369e-01,-1.818035691976547241e-01,3.943362738937139511e-03,8.914430737495422363e-01,-7.991454601287841797e-01,-2.155066877603530884e-01,6.730195134878158569e-02
7.251148670911788940e-02,5.937431007623672485e-03,7.046661972999572754e-01,2.301337383687496185e-02,4.895340204238891602e-01,7.269125431776046753e-02,8.686442375183105469e-01,-1.836180806159973145e+00,4.212702065706253052e-02,1.662244051694869995e-01,1.226548790931701660e+00,-3.870970010757446289e-01,-1.741649582982063293e-02,-1.875073313713073730e+00,-3.972117006778717041e-01,-2.481669038534164429e-01,1.330951094627380371e+00,-4.532289505004882812e-01,-3.893500939011573792e-02,-1.596692353487014771e-01,-6.939487904310226440e-02,-2.832755744457244873e-01,3.394563794136047363e-01,1.619365513324737549e-01,9.376925826072692871e-01,2.492405176162719727e-01,8.308622986078262329e-03,-5.656613036990165710e-02,-3.329205214977264404e-01,-1.798973083496093750e-01,3.754892153665423393e-03,9.088647365570068359e-01,-7.940538525581359863e-01,-2.146563529968261719e-01,6.020896136760711670e-02
7.629536837339401245e-02,5.492555443197488785e-03,7.093496322631835938e-01,2.462556958198547363e-02,4.855661690235137939e-01,7.238987088203430176e-02,8.708494305610656738e-01,-1.810118794441223145e+00,4.003940150141716003e-02,1.673642545938491821e-01,1.208249807357788086e+00,-3.855753839015960693e-01,-1.968405954539775848e-02,-1.850794196128845215e+00,-3.946695327758789062e-01,-2.503022253513336182e-01,1.315821290016174316e+00,-4.531984329223632812e-01,-3.741483390331268311e-02,-1.605866253376007080e-01,-7.232122123241424561e-02,-2.839644253253936768e-01,3.367107510566711426e-01,1.601367592811584473e-01,9.481482505798339844e-01,2.449472397565841675e-01,5.101929884403944016e-03,-5.959552153944969177e-02,-3.350837230682373047e-01,-1.777687966823577881e-01,3.462972352281212807e-03,9.257634282112121582e-01,-7.911754846572875977e-01,-2.149452418088912964e-01,5.457426980137825012e-02
8.024924993515014648e-02,4.957766272127628326e-03,7.141221761703491211e-01,2.620926313102245331e-02,4.813491106033325195e-01,7.205329090356826782e-02,8.731691837310791016e-01,-1.783031105995178223e+00,3.819671273231506348e-02,1.688258200883865356e-01,1.189582109451293945e+00,-3.842662274837493896e-01,-2.198133431375026703e-02,-1.825543284416198730e+00,-3.920682668685913086e-01,-2.527616918087005615e-01,1.300648570060729980e+00,-4.532752633094787598e-01,-3.583268076181411743e-02,-1.611307263374328613e-01,-7.532680034637451172e-02,-2.841565310955047607e-01,3.339257240295410156e-01,1.584303528070449829e-01,9.580690264701843262e-01,2.411233484745025635e-01,3.367416560649871826e-03,-6.204744428396224976e-02,-3.367886543273925781e-01,-1.759782284498214722e-01,3.452905453741550446e-03,9.426058530807495117e-01,-7.893071770668029785e-01,-2.158143818378448486e-01,4.990997537970542908e-02
8.423558622598648071e-02,4.426217172294855118e-03,7.186619043350219727e-01,2.778762765228748322e-02,4.764391779899597168e-01,7.161244750022888184e-02,8.758454322814941406e-01,-1.754709601402282715e+00,3.640032559633255005e-02,1.698127537965774536e-01,1.171383976936340332e+00,-3.830737471580505371e-01,-2.428442239761352539e-02,-1.798975467681884766e+00,-3.893156051635742188e-01,-2.548743486404418945e-01,1.285291314125061035e+00,-4.533771872520446777e-01,-3.443921729922294617e-02,-1.615039706230163574e-01,-7.847408950328826904e-02,-2.820916473865509033e-01,3.313705027103424072e-01,1.575910001993179321e-01,9.679984450340270996e-01,2.389798909425735474e-01,2.116572111845016479e-03,-6.366891413927078247e-02,-3.362526297569274902e-01,-1.741738915443420410e-01,3.762997919693589211e-03,9.585154056549072266e-01,-7.896630764007568359e-01,-2.163874506950378418e-01,4.647292941808700562e-02
8.808435499668121338e-02,3.884370205923914909e-03,7.230436801910400391e-01,2.927441708743572235e-02,4.709922373294830322e-01,7.109066098928451538e-02,8.787806630134582520e-01,-1.725514888763427734e+00,3.491970151662826538e-02,1.708693653345108032e-01,1.153468251228332520e+00,-3.820270895957946777e-01,-2.621174603700637817e-02,-1.771578311920166016e+00,-3.863600194454193115e-01,-2.574821412563323975e-01,1.270399689674377441e+00,-4.532148241996765137e-01,-3.294930607080459595e-02,-1.612991541624069214e-01,-8.176236599683761597e-02,-2.805022895336151123e-01,3.292102813720703125e-01,1.569038033485412598e-01,9.779954552650451660e-01,2.390116006135940552e-01,1.777639496140182018e-03,-6.488225609064102173e-02,-3.348589539527893066e-01,-1.722488552331924438e-01,3.462475491687655449e-03,9.738394021987915039e-01,-7.914662361145019531e-01,-2.158367633819580078e-01,4.395271092653274536e-02
9.203628450632095337e-02,3.501758677884936333e-03,7.274391055107116699e-01,3.054512478411197662e-02,4.652749598026275635e-01,7.034839689731597900e-02,8.818374872207641602e-01,-1.696064233779907227e+00,3.395070880651473999e-02,1.721186190843582153e-01,1.135658740997314453e+00,-3.811905086040496826e-01,-2.818562090396881104e-02,-1.743759989738464355e+00,-3.829056620597839355e-01,-2.597289681434631348e-01,1.255428075790405273e+00,-4.526886940002441406e-01,-3.148994967341423035e-02,-1.601686179637908936e-01,-8.468149602413177490e-02,-2.785687148571014404e-01,3.264881968498229980e-01,1.570569574832916260e-01,9.877264499664306641e-01,2.396396100521087646e-01,1.434916513971984386e-03,-6.671895831823348999e-02,-3.330188989639282227e-01,-1.709578037261962891e-01,2.958719851449131966e-03,9.880270957946777344e-01,-7.941043972969055176e-01,-2.148708254098892212e-01,4.180565103888511658e-02
9.600923955440521240e-02,3.115794854238629341e-03,7.316970229148864746e-01,3.172624483704566956e-02,4.592422544956207275e-01,6.944165378808975220e-02,8.850241899490356445e-01,-1.665879130363464355e+00,3.307981044054031372e-02,1.728827357292175293e-01,1.118018269538879395e+00,-3.803535103797912598e-01,-3.014664165675640106e-02,-1.715111374855041504e+00,-3.792041242122650146e-01,-2.626912593841552734e-01,1.240264177322387695e+00,-4.522099792957305908e-01,-2.957511134445667267e-02,-1.586824208498001099e-01,-8.773350715637207031e-02,-2.763036489486694336e-01,3.248016536235809326e-01,1.576491743326187134e-01,9.972431063652038574e-01,2.417449355125427246e-01,1.274545094929635525e-03,-6.863497197628021240e-02,-3.304215967655181885e-01,-1.694790571928024292e-01,2.264610258862376213e-03,1.001018285751342773e+00,-7.961210608482360840e-01,-2.140745669603347778e-01,3.995070233941078186e-02
9.992577880620956421e-02,2.800348680466413498e-03,7.357904911041259766e-01,3.278799355030059814e-02,4.524466395378112793e-01,6.855873018503189087e-02,8.885475397109985352e-01,-1.634377837181091309e+00,3.251576796174049377e-02,1.736554503440856934e-01,1.100772142410278320e+00,-3.796460330486297607e-01,-3.187673538923263550e-02,-1.684784889221191406e+00,-3.755635619163513184e-01,-2.654712200164794922e-01,1.225025177001953125e+00,-4.513800740242004395e-01,-2.806886471807956696e-02,-1.565555483102798462e-01,-9.060487896203994751e-02,-2.724012732505798340e-01,3.225997686386108398e-01,1.581753194332122803e-01,1.006440162658691406e+00,2.438730746507644653e-01,6.885430775582790375e-04,-7.064461708068847656e-02,-3.250978291034698486e-01,-1.690548807382583618e-01,4.791403771378099918e-04,1.012915849685668945e+00,-7.971934080123901367e-01,-2.133246660232543945e-01,3.759364411234855652e-02
1.026182174682617188e-01,2.549021271988749504e-03,7.382981777191162109e-01,3.352539613842964172e-02,4.455603063106536865e-01,6.822969764471054077e-02,8.920183777809143066e-01,-1.609141707420349121e+00,3.147324547171592712e-02,1.734784692525863647e-01,1.091026782989501953e+00,-3.794727623462677002e-01,-3.289995715022087097e-02,-1.660106897354125977e+00,-3.738834559917449951e-01,-2.670107781887054443e-01,1.216925740242004395e+00,-4.513897001743316650e-01,-2.706536836922168732e-02,-1.552182585000991821e-01,-9.210994839668273926e-02,-2.688462436199188232e-01,3.209894597530364990e-01,1.581232249736785889e-01,1.013678789138793945e+00,2.450872659683227539e-01,2.368518908042460680e-04,-7.091282308101654053e-02,-3.203686475753784180e-01,-1.680818945169448853e-01,-2.100568963214755058e-03,1.021576523780822754e+00,-7.974883913993835449e-01,-2.117433696985244751e-01,3.613362833857536316e-02
1.080393716692924500e-01,2.220343332737684250e-03,7.443115115165710449e-01,3.442012518644332886e-02,4.379828572273254395e-01,6.616573035717010498e-02,8.958840966224670410e-01,-1.568566679954528809e+00,3.176159784197807312e-02,1.744783222675323486e-01,1.064349174499511719e+00,-3.779336214065551758e-01,-3.546480089426040649e-02,-1.620614051818847656e+00,-3.667581677436828613e-01,-2.720316052436828613e-01,1.192007541656494141e+00,-4.495950043201446533e-01,-2.446155808866024017e-02,-1.504347771406173706e-01,-9.546285122632980347e-02,-2.633975744247436523e-01,3.192659914493560791e-01,1.584687083959579468e-01,1.025759816169738770e+00,2.457516491413116455e-01,6.267590797506272793e-04,-7.519482076168060303e-02,-3.143316507339477539e-01,-1.674130856990814209e-01,-4.757884424179792404e-03,1.035343647003173828e+00,-7.971044778823852539e-01,-2.121054679155349731e-01,3.023262508213520050e-02
1.106042638421058655e-01,2.058535581454634666e-03,7.465013861656188965e-01,3.495812788605690002e-02,4.307339191436767578e-01,6.579612195491790771e-02,8.993982076644897461e-01,-1.544219732284545898e+00,3.125433623790740967e-02,1.741226017475128174e-01,1.056377530097961426e+00,-3.778671622276306152e-01,-3.607392683625221252e-02,-1.596268773078918457e+00,-3.651067018508911133e-01,-2.736805081367492676e-01,1.185014367103576660e+00,-4.493725895881652832e-01,-2.360528334975242615e-02,-1.486623287200927734e-01,-9.649968147277832031e-02,-2.593579888343811035e-01,3.175837993621826172e-01,1.577354669570922852e-01,1.032053589820861816e+00,2.451723664999008179e-01,2.804742834996432066e-04,-7.496981322765350342e-02,-3.086499273777008057e-01,-1.672682762145996094e-01,-8.635337464511394501e-03,1.042723774909973145e+00,-7.981171607971191406e-01,-2.110184282064437866e-01,2.892638556659221649e-02
1.159913390874862671e-01,1.729268115013837814e-03,7.520927786827087402e-01,3.553740680217742920e-02,4.223211407661437988e-01,6.370370090007781982e-02,9.035063982009887695e-01,-1.502474427223205566e+00,3.178474679589271545e-02,1.743730306625366211e-01,1.030441641807556152e+00,-3.762342929840087891e-01,-3.844323009252548218e-02,-1.555215477943420410e+00,-3.581160008907318115e-01,-2.793603241443634033e-01,1.160834670066833496e+00,-4.476790428161621094e-01,-2.088347449898719788e-02,-1.433840095996856689e-01,-9.893555194139480591e-02,-2.525794208049774170e-01,3.157011866569519043e-01,1.571970582008361816e-01,1.042901158332824707e+00,2.435194849967956543e-01,1.000940566882491112e-03,-7.732507586479187012e-02,-3.004811406135559082e-01,-1.674354523420333862e-01,-1.223455555737018585e-02,1.054966092109680176e+00,-8.000242114067077637e-01,-2.113758921623229980e-01,2.410163730382919312e-02
1.182643696665763855e-01,1.554073533043265343e-03,7.539907693862915039e-01,3.604546189308166504e-02,4.138598144054412842e-01,6.343217194080352783e-02,9.074123501777648926e-01,-1.476637721061706543e+00,3.129801899194717407e-02,1.740309745073318481e-01,1.023517251014709473e+00,-3.763730823993682861e-01,-3.924883157014846802e-02,-1.529502630233764648e+00,-3.566741645336151123e-01,-2.809947431087493896e-01,1.154583334922790527e+00,-4.474117457866668701e-01,-2.027301490306854248e-02,-1.412183493375778198e-01,-9.960784763097763062e-02,-2.475127577781677246e-01,3.139975368976593018e-01,1.566095352172851562e-01,1.049793243408203125e+00,2.427737712860107422e-01,1.267244922928512096e-03,-7.641439884901046753e-02,-2.930484414100646973e-01,-1.674805283546447754e-01,-1.701529137790203094e-02,1.061987996101379395e+00,-8.018916249275207520e-01,-2.104357630014419556e-01,2.358669787645339966e-02
1.217126846313476562e-01,1.480370410718023777e-03,7.567238211631774902e-01,3.675803169608116150e-02,4.049989879131317139e-01,6.265204399824142456e-02,9.114271402359008789e-01,-1.445235848426818848e+00,3.083925694227218628e-02,1.741487234830856323e-01,1.011746287345886230e+00,-3.767749369144439697e-01,-4.024295881390571594e-02,-1.498567342758178711e+00,-3.545458316802978516e-01,-2.839069366455078125e-01,1.144369959831237793e+00,-4.475841820240020752e-01,-1.894464530050754547e-02,-1.382999867200851440e-01,-1.010537073016166687e-01,-2.413729578256607056e-01,3.123856186866760254e-01,1.571239233016967773e-01,1.057867050170898438e+00,2.410181015729904175e-01,1.736750942654907703e-03,-7.602381706237792969e-02,-2.847008109092712402e-01,-1.677587926387786865e-01,-2.092343755066394806e-02,1.069958567619323730e+00,-8.047170639038085938e-01,-2.099716067314147949e-01,2.320878021419048309e-02
1.277627646923065186e-01,1.044773031026124954e-03,7.629427909851074219e-01,3.714800253510475159e-02,3.957169950008392334e-01,5.979858711361885071e-02,9.156703352928161621e-01,-1.398811221122741699e+00,3.223617747426033020e-02,1.751717925071716309e-01,9.816146492958068848e-01,-3.749586939811706543e-01,-4.291472584009170532e-02,-1.452980279922485352e+00,-3.459167778491973877e-01,-2.905820608139038086e-01,1.115753293037414551e+00,-4.452557563781738281e-01,-1.631215214729309082e-02,-1.312212496995925903e-01,-1.034894511103630066e-01,-2.346476018428802490e-01,3.106194436550140381e-01,1.577368378639221191e-01,1.070281982421875000e+00,2.374915778636932373e-01,3.684604074805974960e-03,-7.914032787084579468e-02,-2.760072648525238037e-01,-1.679742336273193359e-01,-2.472591772675514221e-02,1.081707239151000977e+00,-8.087426424026489258e-01,-2.124161571264266968e-01,2.110019885003566742e-02
1.299844980239868164e-01,8.122537983581423759e-04,7.646348476409912109e-01,3.764899447560310364e-02,3.861209452152252197e-01,5.913330987095832825e-02,9.197806715965270996e-01,-1.370849490165710449e+00,3.254178166389465332e-02,1.748989224433898926e-01,9.749034643173217773e-01,-3.747443556785583496e-01,-4.374869167804718018e-02,-1.425330758094787598e+00,-3.440151214599609375e-01,-2.924254536628723145e-01,1.109915375709533691e+00,-4.446845948696136475e-01,-1.569432951509952545e-02,-1.282223165035247803e-01,-1.042657494544982910e-01,-2.274105697870254517e-01,3.090311884880065918e-01,1.588224917650222778e-01,1.076715946197509766e+00,2.367198318243026733e-01,3.806122345849871635e-03,-7.846864312887191772e-02,-2.664022445678710938e-01,-1.686703413724899292e-01,-2.852016873657703400e-02,1.088062047958374023e+00,-8.105598092079162598e-01,-2.121551334857940674e-01,2.133492566645145416e-02
1.356787532567977905e-01,3.332816122565418482e-04,7.698808908462524414e-01,3.783286735415458679e-02,3.757508099079132080e-01,5.642824620008468628e-02,9.242271780967712402e-01,-1.325550556182861328e+00,3.464824706315994263e-02,1.763622760772705078e-01,9.490604996681213379e-01,-3.734776377677917480e-01,-4.637813195586204529e-02,-1.380552530288696289e+00,-3.360326588153839111e-01,-2.987466752529144287e-01,1.084922790527343750e+00,-4.425360560417175293e-01,-1.357719488441944122e-02,-1.211881935596466064e-01,-1.057862788438796997e-01,-2.193669676780700684e-01,3.072997331619262695e-01,1.607682257890701294e-01,1.088181138038635254e+00,2.365847229957580566e-01,4.126205574721097946e-03,-7.975875586271286011e-02,-2.565058171749114990e-01,-1.698355525732040405e-01,-3.202555701136589050e-02,1.098689913749694824e+00,-8.125154972076416016e-01,-2.151167392730712891e-01,1.925742626190185547e-02
1.377376914024353027e-01,3.859500793623737991e-05,7.713260054588317871e-01,3.828077018260955811e-02,3.655744493007659912e-01,5.560472607612609863e-02,9.283307790756225586e-01,-1.297256469726562500e+00,3.508784249424934387e-02,1.761272102594375610e-01,9.431486725807189941e-01,-3.735076189041137695e-01,-4.710630327463150024e-02,-1.352492570877075195e+00,-3.341776132583618164e-01,-3.003031015396118164e-01,1.079702019691467285e+00,-4.420974850654602051e-01,-1.313967071473598480e-02,-1.176870316267013550e-01,-1.064680740237236023e-01,-2.119529396295547485e-01,3.060587942600250244e-01,1.626157015562057495e-01,1.094335079193115234e+00,2.355871796607971191e-01,3.634552471339702606e-03,-7.926730811595916748e-02,-2.468512803316116333e-01,-1.707531064748764038e-01,-3.637373074889183044e-02,1.104638576507568359e+00,-8.131764531135559082e-01,-2.150037437677383423e-01,1.892551407217979431e-02
1.436498910188674927e-01,-4.607604350894689560e-04,7.763600349426269531e-01,3.825466334819793701e-02,3.548104166984558105e-01,5.288032069802284241e-02,9.326574206352233887e-01,-1.250603079795837402e+00,3.768892958760261536e-02,1.775143593549728394e-01,9.170783758163452148e-01,-3.725657165050506592e-01,-4.970127344131469727e-02,-1.306703805923461914e+00,-3.255600631237030029e-01,-3.068282306194305420e-01,1.054467439651489258e+00,-4.402329623699188232e-01,-1.092411205172538757e-02,-1.103062406182289124e-01,-1.075514778494834900e-01,-2.028069794178009033e-01,3.047564029693603516e-01,1.654947251081466675e-01,1.105701446533203125e+00,2.350978702306747437e-01,2.939616795629262924e-03,-8.166471123695373535e-02,-2.360818833112716675e-01,-1.717785149812698364e-01,-4.046552628278732300e-02,1.114886164665222168e+00,-8.137376308441162109e-01,-2.171287536621093750e-01,1.571264117956161499e-02
1.456074118614196777e-01,-7.592904148623347282e-04,7.776955366134643555e-01,3.867407888174057007e-02,3.436614573001861572e-01,5.208200961351394653e-02,9.368503689765930176e-01,-1.221122145652770996e+00,3.818664699792861938e-02,1.772722601890563965e-01,9.117743372917175293e-01,-3.723147213459014893e-01,-5.044308677315711975e-02,-1.277222871780395508e+00,-3.237733840942382812e-01,-3.081521689891815186e-01,1.049730300903320312e+00,-4.396899044513702393e-01,-1.052673626691102982e-02,-1.069814115762710571e-01,-1.079644858837127686e-01,-1.931186020374298096e-01,3.030054569244384766e-01,1.689399033784866333e-01,1.111869215965270996e+00,2.351056039333343506e-01,2.323059365153312683e-03,-8.089900761842727661e-02,-2.248112708330154419e-01,-1.729744225740432739e-01,-4.432363063097000122e-02,1.120687961578369141e+00,-8.141241669654846191e-01,-2.165087312459945679e-01,1.536735519766807556e-02
1.515948772430419922e-01,-1.250532688573002815e-03,7.825049161911010742e-01,3.853749111294746399e-02,3.314928114414215088e-01,4.939888045191764832e-02,9.413751363754272461e-01,-1.172152876853942871e+00,4.070597514510154724e-02,1.785924434661865234e-01,8.859930634498596191e-01,-3.712473809719085693e-01,-5.316952988505363464e-02,-1.228896856307983398e+00,-3.150430023670196533e-01,-3.141840696334838867e-01,1.024616003036499023e+00,-4.381015300750732422e-01,-8.430152200162410736e-03,-9.947356581687927246e-02,-1.085047721862792969e-01,-1.820886433124542236e-01,3.017994463443756104e-01,1.727828383445739746e-01,1.123392224311828613e+00,2.360435873270034790e-01,1.858165254816412926e-03,-8.257672190666198730e-02,-2.118694037199020386e-01,-1.745323091745376587e-01,-4.911454766988754272e-02,1.130235910415649414e+00,-8.139312267303466797e-01,-2.181560695171356201e-01,1.170287374407052994e-02
1.534619927406311035e-01,-1.559104421176016331e-03,7.836784124374389648e-01,3.890963643789291382e-02,3.197059631347656250e-01,4.850119724869728088e-02,9.454743862152099609e-01,-1.141922712326049805e+00,4.149169102311134338e-02,1.782943755388259888e-01,8.811892867088317871e-01,-3.711133599281311035e-01,-5.375197529792785645e-02,-1.198606371879577637e+00,-3.130481541156768799e-01,-3.154762983322143555e-01,1.019892692565917969e+00,-4.375089406967163086e-01,-8.061562664806842804e-03,-9.596965461969375610e-02,-1.084266602993011475e-01,-1.728350818157196045e-01,3.004792630672454834e-01,1.768894493579864502e-01,1.129782199859619141e+00,2.353655248880386353e-01,1.493737567216157913e-03,-8.202596008777618408e-02,-2.002983987331390381e-01,-1.758784651756286621e-01,-5.380303412675857544e-02,1.136027812957763672e+00,-8.149589300155639648e-01,-2.176957726478576660e-01,1.144817471504211426e-02
1.597084105014801025e-01,-2.143032848834991455e-03,7.884265184402465820e-01,3.819809481501579285e-02,3.075293302536010742e-01,4.567119479179382324e-02,9.496740102767944336e-01,-1.092943072319030762e+00,4.491439089179039001e-02,1.794487833976745605e-01,8.551625609397888184e-01,-3.698213100433349609e-01,-5.654688179492950439e-02,-1.149816870689392090e+00,-3.031533360481262207e-01,-3.216498792171478271e-01,9.938633441925048828e-01,-4.356611669063568115e-01,-5.881353281438350677e-03,-8.806719630956649780e-02,-1.080604493618011475e-01,-1.614892035722732544e-01,2.997361719608306885e-01,1.816440075635910034e-01,1.142136573791503906e+00,2.351451516151428223e-01,1.757460995577275753e-03,-8.435332775115966797e-02,-1.871554851531982422e-01,-1.773956567049026489e-01,-5.851187556982040405e-02,1.145738482475280762e+00,-8.190466165542602539e-01,-2.183751612901687622e-01,9.557444602251052856e-03
1.614658832550048828e-01,-2.696586074307560921e-03,7.895048260688781738e-01,3.852033987641334534e-02,2.947739362716674805e-01,4.487111791968345642e-02,9.537353515625000000e-01,-1.061444401741027832e+00,4.588631540536880493e-02,1.790928542613983154e-01,8.509117960929870605e-01,-3.692831695079803467e-01,-5.747036263346672058e-02,-1.118175268173217773e+00,-3.007269501686096191e-01,-3.228006958961486816e-01,9.896507263183593750e-01,-4.349879026412963867e-01,-5.677980370819568634e-03,-8.473642170429229736e-02,-1.078877076506614685e-01,-1.495777815580368042e-01,2.985566556453704834e-01,1.862434148788452148e-01,1.148534059524536133e+00,2.358942925930023193e-01,1.137730898335576057e-03,-8.349955826997756958e-02,-1.745982915163040161e-01,-1.789684891700744629e-01,-6.387028843164443970e-02,1.151967048645019531e+00,-8.225359916687011719e-01,-2.172194272279739380e-01,9.388308972120285034e-03
1.646168082952499390e-01,-3.153926227241754532e-03,7.912746667861938477e-01,3.880694881081581116e-02,2.814460694789886475e-01,4.378814995288848877e-02,9.577915668487548828e-01,-1.024318456649780273e+00,4.680772498250007629e-02,1.792619079351425171e-01,8.417788743972778320e-01,-3.694680035114288330e-01,-5.880814790725708008e-02,-1.081139802932739258e+00,-2.974467873573303223e-01,-3.249045610427856445e-01,9.811266660690307617e-01,-4.351705312728881836e-01,-5.153731442987918854e-03,-8.072607219219207764e-02,-1.079650670289993286e-01,-1.373219490051269531e-01,2.974536418914794922e-01,1.917697787284851074e-01,1.157075881958007812e+00,2.377488762140274048e-01,1.231111091328784823e-04,-8.216857165098190308e-02,-1.609265357255935669e-01,-1.806052327156066895e-01,-6.962936371564865112e-02,1.158816695213317871e+00,-8.267902731895446777e-01,-2.163944691419601440e-01,8.646571077406406403e-03
1.714111417531967163e-01,-3.942483104765415192e-03,7.965391874313354492e-01,3.759587183594703674e-02,2.676241397857666016e-01,4.078552499413490295e-02,9.619253873825073242e-01,-9.686561822891235352e-01,5.053933337330818176e-02,1.801131963729858398e-01,8.102239370346069336e-01,-3.664389550685882568e-01,-6.246622279286384583e-02,-1.025599241256713867e+00,-2.850765585899353027e-01,-3.316888213157653809e-01,9.493257403373718262e-01,-4.323497712612152100e-01,-3.019761759787797928e-03,-7.263389229774475098e-02,-1.058352515101432800e-01,-1.231391429901123047e-01,2.961790859699249268e-01,1.981993168592453003e-01,1.170404314994812012e+00,2.407250553369522095e-01,-1.002856646664440632e-03,-8.473107963800430298e-02,-1.453152000904083252e-01,-1.824828833341598511e-01,-7.529538124799728394e-02,1.168334245681762695e+00,-8.333412408828735352e-01,-2.163652777671813965e-01,6.301201414316892624e-03
1.730245500802993774e-01,-4.516100045293569565e-03,7.975373864173889160e-01,3.773308545351028442e-02,2.545391917228698730e-01,3.993967548012733459e-02,9.655002951622009277e-01,-9.372074007987976074e-01,5.158787220716476440e-02,1.794018894433975220e-01,8.056352734565734863e-01,-3.655051290988922119e-01,-6.339237093925476074e-02,-9.938657283782958984e-01,-2.822519540786743164e-01,-3.321766555309295654e-01,9.445697069168090820e-01,-4.316083490848541260e-01,-2.875860780477523804e-03,-6.918306648731231689e-02,-1.054043397307395935e-01,-1.118629872798919678e-01,2.952250242233276367e-01,2.038927823305130005e-01,1.177896618843078613e+00,2.422299236059188843e-01,-1.948135672137141228e-03,-8.331040292978286743e-02,-1.315750330686569214e-01,-1.838656514883041382e-01,-8.104332536458969116e-02,1.173374772071838379e+00,-8.347855210304260254e-01,-2.156260907649993896e-01,6.111739203333854675e-03
1.760336458683013916e-01,-5.087745375931262970e-03,7.991329431533813477e-01,3.791163489222526550e-02,2.402984946966171265e-01,3.893269598484039307e-02,9.691767692565917969e-01,-8.988997936248779297e-01,5.254140123724937439e-02,1.791584491729736328e-01,7.967234253883361816e-01,-3.650948703289031982e-01,-6.462942808866500854e-02,-9.559513330459594727e-01,-2.783703505992889404e-01,-3.332796990871429443e-01,9.364627003669738770e-01,-4.314351379871368408e-01,-2.378672361373901367e-03,-6.542195379734039307e-02,-1.050219461321830750e-01,-9.809939563274383545e-02,2.944049835205078125e-01,2.095625251531600952e-01,1.187408685684204102e+00,2.448589205741882324e-01,-2.820708090439438820e-03,-8.164288848638534546e-02,-1.160945221781730652e-01,-1.854577064514160156e-01,-8.697516471147537231e-02,1.179720520973205566e+00,-8.364207744598388672e-01,-2.144674360752105713e-01,5.808281712234020233e-03
1.831721812486648560e-01,-6.064627319574356079e-03,8.046795725822448730e-01,3.601473942399024963e-02,2.257118374109268188e-01,3.580394014716148376e-02,9.728695750236511230e-01,-8.398636579513549805e-01,5.720395967364311218e-02,1.799807399511337280e-01,7.610548734664916992e-01,-3.597887456417083740e-01,-6.870342791080474854e-02,-8.968868851661682129e-01,-2.634909451007843018e-01,-3.395095765590667725e-01,8.998132944107055664e-01,-4.263624846935272217e-01,-6.192800356075167656e-05,-5.653522908687591553e-02,-1.014958694577217102e-01,-8.453278243541717529e-02,2.934211492538452148e-01,2.150218635797500610e-01,1.204374909400939941e+00,2.504846453666687012e-01,-2.172425156459212303e-03,-8.403256535530090332e-02,-9.975972771644592285e-02,-1.873321235179901123e-01,-9.339777380228042603e-02,1.189560413360595703e+00,-8.366935849189758301e-01,-2.162318825721740723e-01,2.615672070533037186e-03
1.843555867671966553e-01,-6.630777381360530853e-03,8.053057789802551270e-01,3.623624891042709351e-02,2.119053006172180176e-01,3.506794944405555725e-02,9.759883880615234375e-01,-8.088482022285461426e-01,5.831090360879898071e-02,1.791853755712509155e-01,7.585672736167907715e-01,-3.590909242630004883e-01,-6.921502202749252319e-02,-8.658698201179504395e-01,-2.609310150146484375e-01,-3.390217423439025879e-01,8.972998261451721191e-01,-4.257225990295410156e-01,-8.608420466771349311e-05,-5.361555144190788269e-02,-1.007795259356498718e-01,-7.277580350637435913e-02,2.928037047386169434e-01,2.202008962631225586e-01,1.213056921958923340e+00,2.532405257225036621e-01,-1.996681327000260353e-03,-8.148836344480514526e-02,-8.542232960462570190e-02,-1.888493299484252930e-01,-9.877050668001174927e-02,1.194735884666442871e+00,-8.372372984886169434e-01,-2.156254351139068604e-01,2.598380669951438904e-03
1.872474104166030884e-01,-7.270916365087032318e-03,8.065809607505798340e-01,3.640311956405639648e-02,1.980675011873245239e-01,3.406546637415885925e-02,9.789196252822875977e-01,-7.723922133445739746e-01,5.921413004398345947e-02,1.790120899677276611e-01,7.506095170974731445e-01,-3.587620556354522705e-01,-7.048010826110839844e-02,-8.300301432609558105e-01,-2.570313215255737305e-01,-3.392906785011291504e-01,8.901354074478149414e-01,-4.258652627468109131e-01,1.415051665389910340e-04,-5.023212730884552002e-02,-1.000826135277748108e-01,-6.069023162126541138e-02,2.918376326560974121e-01,2.251048088073730469e-01,1.224105238914489746e+00,2.579802870750427246e-01,-1.863180077634751797e-03,-7.867065817117691040e-02,-7.054580748081207275e-02,-1.907011717557907104e-01,-1.043278872966766357e-01,1.200941085815429688e+00,-8.393947482109069824e-01,-2.148901075124740601e-01,2.418797463178634644e-03
1.940067261457443237e-01,-8.232591673731803894e-03,8.114321231842041016e-01,3.445472195744514465e-02,1.835831552743911743e-01,3.104569949209690094e-02,9.819095134735107422e-01,-7.157417535781860352e-01,6.343968957662582397e-02,1.802384704351425171e-01,7.166959643363952637e-01,-3.536463081836700439e-01,-7.412144541740417480e-02,-7.743587493896484375e-01,-2.424576431512832642e-01,-3.433148562908172607e-01,8.558877706527709961e-01,-4.211763441562652588e-01,2.028657821938395500e-03,-4.201510176062583923e-02,-9.553754329681396484e-02,-4.706797003746032715e-02,2.908824980258941650e-01,2.294841557741165161e-01,1.241321086883544922e+00,2.672838866710662842e-01,3.684785042423754930e-04,-7.938238978385925293e-02,-5.461322516202926636e-02,-1.923397034406661987e-01,-1.102381944656372070e-01,1.210814833641052246e+00,-8.464514613151550293e-01,-2.153683602809906006e-01,1.339525333605706692e-03
1.948125511407852173e-01,-8.798507973551750183e-03,8.118768334388732910e-01,3.471543267369270325e-02,1.701052337884902954e-01,3.000899590551853180e-02,9.843568801879882812e-01,-6.859142184257507324e-01,6.433960795402526855e-02,1.793841272592544556e-01,7.143834829330444336e-01,-3.527746498584747314e-01,-7.485768944025039673e-02,-7.449374794960021973e-01,-2.401615530252456665e-01,-3.419362008571624756e-01,8.537614941596984863e-01,-4.202611148357391357e-01,1.770465867593884468e-03,-3.913517296314239502e-02,-9.467170387506484985e-02,-3.612084686756134033e-02,2.899312376976013184e-01,2.332231104373931885e-01,1.250741124153137207e+00,2.710124552249908447e-01,2.041425177594646811e-04,-7.654573023319244385e-02,-4.058530181646347046e-02,-1.946472078561782837e-01,-1.158192902803421021e-01,1.215599656105041504e+00,-8.503158688545227051e-01,-2.152564525604248047e-01,1.826210995204746723e-03
1.973245143890380859e-01,-9.292970411479473114e-03,8.130047321319580078e-01,3.495353832840919495e-02,1.567446887493133545e-01,2.872626297175884247e-02,9.866023063659667969e-01,-6.512952446937561035e-01,6.493193656206130981e-02,1.793941855430603027e-01,7.069283723831176758e-01,-3.524072170257568359e-01,-7.602901011705398560e-02,-7.114819884300231934e-01,-2.366109788417816162e-01,-3.412054181098937988e-01,8.470846414566040039e-01,-4.200329780578613281e-01,2.076310105621814728e-03,-3.526176884770393372e-02,-9.373392164707183838e-02,-2.526061795651912689e-02,2.891937792301177979e-01,2.369896471500396729e-01,1.262026786804199219e+00,2.745518386363983154e-01,1.595803478267043829e-04,-7.399895787239074707e-02,-2.636897377669811249e-02,-1.963429898023605347e-01,-1.207906901836395264e-01,1.221227884292602539e+00,-8.556073307991027832e-01,-2.153884023427963257e-01,2.446571132168173790e-03
2.033362090587615967e-01,-9.964976459741592407e-03,8.168780207633972168e-01,3.367950022220611572e-02,1.439344286918640137e-01,2.587863057851791382e-02,9.886752963066101074e-01,-6.012014150619506836e-01,6.742716580629348755e-02,1.812435090541839600e-01,6.770267486572265625e-01,-3.485397696495056152e-01,-7.900228351354598999e-02,-6.636354327201843262e-01,-2.249451577663421631e-01,-3.425326347351074219e-01,8.185548782348632812e-01,-4.162380695343017578e-01,3.675875021144747734e-03,-2.828933112323284149e-02,-8.993218839168548584e-02,-1.542424503713846207e-02,2.880815863609313965e-01,2.403498589992523193e-01,1.279800534248352051e+00,2.795556783676147461e-01,1.516731106676161289e-03,-7.488867640495300293e-02,-1.256997790187597275e-02,-1.986052691936492920e-01,-1.256314367055892944e-01,1.229212760925292969e+00,-8.634293079376220703e-01,-2.175168842077255249e-01,2.463200595229864120e-03
2.043641656637191772e-01,-1.035431586205959320e-02,8.175401687622070312e-01,3.375883027911186218e-02,1.317573487758636475e-01,2.480681426823139191e-02,9.903963804244995117e-01,-5.729706287384033203e-01,6.790328025817871094e-02,1.809961646795272827e-01,6.727756261825561523e-01,-3.469638526439666748e-01,-7.974695414304733276e-02,-6.362025141716003418e-01,-2.222290784120559692e-01,-3.412401378154754639e-01,8.142292499542236328e-01,-4.148256480693817139e-01,3.739395644515752792e-03,-2.556975558400154114e-02,-8.856404572725296021e-02,-6.589949131011962891e-03,2.872346341609954834e-01,2.432115375995635986e-01,1.289420723915100098e+00,2.810405194759368896e-01,1.247839070856571198e-03,-7.274662703275680542e-02,-8.574363891966640949e-04,-2.006013840436935425e-01,-1.297872811555862427e-01,1.234424710273742676e+00,-8.664311170578002930e-01,-2.173582315444946289e-01,2.858575899153947830e-03
2.067541182041168213e-01,-1.071038655936717987e-02,8.187495470046997070e-01,3.386955335736274719e-02,1.201518177986145020e-01,2.337167412042617798e-02,9.919022917747497559e-01,-5.417218208312988281e-01,6.836593896150588989e-02,1.813727766275405884e-01,6.642249822616577148e-01,-3.455441296100616455e-01,-8.052618801593780518e-02,-6.058318614959716797e-01,-2.187952101230621338e-01,-3.400572836399078369e-01,8.061245083808898926e-01,-4.136911630630493164e-01,4.019579384475946426e-03,-2.233508601784706116e-02,-8.682319521903991699e-02,5.659368471242487431e-04,2.856695055961608887e-01,2.462942302227020264e-01,1.301753997802734375e+00,2.831170856952667236e-01,7.162787369452416897e-04,-7.018402963876724243e-02,9.666079655289649963e-03,-2.028465270996093750e-01,-1.337356120347976685e-01,1.240960717201232910e+00,-8.694441914558410645e-01,-2.169821709394454956e-01,3.274308051913976669e-03
2.122185826301574707e-01,-1.119837351143360138e-02,8.222609162330627441e-01,3.243429213762283325e-02,1.089267432689666748e-01,2.058381959795951843e-02,9.933072328567504883e-01,-4.970809519290924072e-01,7.074682414531707764e-02,1.835350245237350464e-01,6.362546682357788086e-01,-3.387548327445983887e-01,-8.331549912691116333e-02,-5.622689127922058105e-01,-2.073174566030502319e-01,-3.405342400074005127e-01,7.769728302955627441e-01,-4.081404805183410645e-01,5.777017679065465927e-03,-1.660058088600635529e-02,-8.208769559860229492e-02,7.725343108177185059e-03,2.843699455261230469e-01,2.499327808618545532e-01,1.320087194442749023e+00,2.881102263927459717e-01,1.118598855100572109e-03,-7.034214586019515991e-02,2.021195739507675171e-02,-2.051060944795608521e-01,-1.370979547500610352e-01,1.251080989837646484e+00,-8.750416040420532227e-01,-2.166797369718551636e-01,2.911791903898119926e-03
2.133084684610366821e-01,-1.158727239817380905e-02,8.230941891670227051e-01,3.254045546054840088e-02,9.902143478393554688e-02,1.942398212850093842e-02,9.943634271621704102e-01,-4.734551608562469482e-01,7.121000438928604126e-02,1.833136528730392456e-01,6.318891644477844238e-01,-3.360477089881896973e-01,-8.375246822834014893e-02,-5.385788083076477051e-01,-2.047241777181625366e-01,-3.389281928539276123e-01,7.711920142173767090e-01,-4.062766730785369873e-01,5.771169904619455338e-03,-1.445679739117622375e-02,-8.047255873680114746e-02,1.258745975792407990e-02,2.829279899597167969e-01,2.528579533100128174e-01,1.330270171165466309e+00,2.908682525157928467e-01,5.273362621665000916e-04,-6.753443926572799683e-02,2.818091958761215210e-02,-2.071121186017990112e-01,-1.393735706806182861e-01,1.257070541381835938e+00,-8.779607415199279785e-01,-2.145321518182754517e-01,3.596567548811435699e-03
2.176940441131591797e-01,-1.201688032597303391e-02,8.258919715881347656e-01,3.120221383869647980e-02,8.901610970497131348e-02,1.716110110282897949e-02,9.953933954238891602e-01,-4.361397027969360352e-01,7.340301573276519775e-02,1.851910054683685303e-01,6.095538139343261719e-01,-3.288863897323608398e-01,-8.577875792980194092e-02,-5.016040205955505371e-01,-1.951107829809188843e-01,-3.386381566524505615e-01,7.470623254776000977e-01,-4.004764556884765625e-01,6.859726738184690475e-03,-1.001590304076671600e-02,-7.609235495328903198e-02,1.805761270225048065e-02,2.813423573970794678e-01,2.561133801937103271e-01,1.346587777137756348e+00,2.966431975364685059e-01,1.164361019618809223e-03,-6.658767163753509521e-02,3.619588539004325867e-02,-2.095897793769836426e-01,-1.414320319890975952e-01,1.266290187835693359e+00,-8.851435184478759766e-01,-2.114263623952865601e-01,4.396792966872453690e-03
2.185783833265304565e-01,-1.230996940284967422e-02,8.266193866729736328e-01,3.124752826988697052e-02,8.025365322828292847e-02,1.614585332572460175e-02,9.961537122726440430e-01,-4.153519272804260254e-01,7.345119863748550415e-02,1.850883811712265015e-01,6.054389476776123047e-01,-3.264031708240509033e-01,-8.640078455209732056e-02,-4.806078672409057617e-01,-1.928339004516601562e-01,-3.372102379798889160e-01,7.417670488357543945e-01,-3.987661004066467285e-01,6.903773173689842224e-03,-8.265055716037750244e-03,-7.441113144159317017e-02,2.064911834895610809e-02,2.800847887992858887e-01,2.581578791141510010e-01,1.356627583503723145e+00,2.994781434535980225e-01,1.533516566269099712e-03,-6.389489769935607910e-02,4.294273257255554199e-02,-2.116955369710922241e-01,-1.432725042104721069e-01,1.271960854530334473e+00,-8.899024724960327148e-01,-2.096137106418609619e-01,5.168342497199773788e-03
2.205208688974380493e-01,-1.249755080789327621e-02,8.276718258857727051e-01,3.130271658301353455e-02,7.217197120189666748e-02,1.500884909182786942e-02,9.967879056930541992e-01,-3.924924135208129883e-01,7.352074235677719116e-02,1.854001879692077637e-01,5.976777672767639160e-01,-3.237791955471038818e-01,-8.699165284633636475e-02,-4.577186107635498047e-01,-1.897757798433303833e-01,-3.360074758529663086e-01,7.328253388404846191e-01,-3.972794413566589355e-01,7.222579326480627060e-03,-6.575633306056261063e-03,-7.257927209138870239e-02,2.159240283071994781e-02,2.785453200340270996e-01,2.595155835151672363e-01,1.369135141372680664e+00,3.036578297615051270e-01,2.370238536968827248e-03,-6.101707741618156433e-02,4.898503422737121582e-02,-2.135813087224960327e-01,-1.451086252927780151e-01,1.278619885444641113e+00,-8.965079784393310547e-01,-2.083038538694381714e-01,6.200779695063829422e-03
2.226513624191284180e-01,-1.265244558453559875e-02,8.289585113525390625e-01,3.112537972629070282e-02,6.476777791976928711e-02,1.404521521180868149e-02,9.973159432411193848e-01,-3.696674406528472900e-01,7.328505814075469971e-02,1.858481168746948242e-01,5.875220894813537598e-01,-3.207768201828002930e-01,-8.785141259431838989e-02,-4.348494410514831543e-01,-1.860327720642089844e-01,-3.350252211093902588e-01,7.216899394989013672e-01,-3.955954313278198242e-01,7.830010727047920227e-03,-4.787165205925703049e-03,-7.050372660160064697e-02,2.140792645514011383e-02,2.770254611968994141e-01,2.602459192276000977e-01,1.382255077362060547e+00,3.081336319446563721e-01,3.533767769113183022e-03,-5.854889005422592163e-02,5.352713540196418762e-02,-2.156462222337722778e-01,-1.470953673124313354e-01,1.285558581352233887e+00,-9.035828113555908203e-01,-2.077191025018692017e-01,7.189422380179166794e-03
2.246855944395065308e-01,-1.275701820850372314e-02,8.302285075187683105e-01,3.076332621276378632e-02,5.812544003129005432e-02,1.312715467065572739e-02,9.977488517761230469e-01,-3.477708697319030762e-01,7.302135229110717773e-02,1.856303513050079346e-01,5.760304331779479980e-01,-3.171419203281402588e-01,-8.848538994789123535e-02,-4.128812849521636963e-01,-1.819317042827606201e-01,-3.341180384159088135e-01,7.091422677040100098e-01,-3.935618698596954346e-01,8.338656276464462280e-03,-3.174463985487818718e-03,-6.820976734161376953e-02,2.053619176149368286e-02,2.750857770442962646e-01,2.605262994766235352e-01,1.395505309104919434e+00,3.128551244735717773e-01,4.843538627028465271e-03,-5.630926787853240967e-02,5.740697309374809265e-02,-2.174435853958129883e-01,-1.493643522262573242e-01,1.292854547500610352e+00,-9.105721712112426758e-01,-2.076794356107711792e-01,8.563606999814510345e-03
2.284591048955917358e-01,-1.298413518816232681e-02,8.331788778305053711e-01,2.881899848580360413e-02,5.175554752349853516e-02,1.184903271496295929e-02,9.981735348701477051e-01,-3.166638314723968506e-01,7.431648671627044678e-02,1.853526979684829712e-01,5.488673448562622070e-01,-3.075735270977020264e-01,-8.972349017858505249e-02,-3.812541961669921875e-01,-1.715614795684814453e-01,-3.345154821872711182e-01,6.797490715980529785e-01,-3.855400085449218750e-01,9.701865725219249725e-03,-5.855411873199045658e-04,-6.256473064422607422e-02,1.855343580245971680e-02,2.729444205760955811e-01,2.602140903472900391e-01,1.414135217666625977e+00,3.186817467212677002e-01,7.053136825561523438e-03,-5.699939653277397156e-02,6.077771261334419250e-02,-2.188969552516937256e-01,-1.509475558996200562e-01,1.303462743759155273e+00,-9.196355342864990234e-01,-2.086242586374282837e-01,1.018274296075105667e-02
2.291859686374664307e-01,-1.290408615022897720e-02,8.339197039604187012e-01,2.850805595517158508e-02,4.640774801373481750e-02,1.133864931762218475e-02,9.984513521194458008e-01,-3.024722039699554443e-01,7.399594783782958984e-02,1.841540634632110596e-01,5.435186624526977539e-01,-3.050892353057861328e-01,-8.981054276227951050e-02,-3.663240373134613037e-01,-1.690099984407424927e-01,-3.332354724407196045e-01,6.725360155105590820e-01,-3.832034766674041748e-01,9.832486510276794434e-03,1.926821569213643670e-04,-6.046227365732192993e-02,1.577629521489143372e-02,2.708668708801269531e-01,2.599132359027862549e-01,1.423909783363342285e+00,3.203126788139343262e-01,7.079041097313165665e-03,-5.437805503606796265e-02,6.259231269359588623e-02,-2.199128121137619019e-01,-1.523277014493942261e-01,1.309706568717956543e+00,-9.227042794227600098e-01,-2.072245925664901733e-01,1.150307431817054749e-02
2.304360717535018921e-01,-1.273218728601932526e-02,8.349130749702453613e-01,2.807759679853916168e-02,4.157928004860877991e-02,1.083686016499996185e-02,9.986818432807922363e-01,-2.871183454990386963e-01,7.339087873697280884e-02,1.827272027730941772e-01,5.353968739509582520e-01,-3.024743199348449707e-01,-8.970196545124053955e-02,-3.504764735698699951e-01,-1.657031625509262085e-01,-3.320915102958679199e-01,6.627351641654968262e-01,-3.807745575904846191e-01,1.034402381628751755e-02,1.245671883225440979e-03,-5.788959190249443054e-02,1.280884444713592529e-02,2.686693668365478516e-01,2.593279778957366943e-01,1.434777736663818359e+00,3.217626512050628662e-01,7.803569547832012177e-03,-5.173579603433609009e-02,6.393317878246307373e-02,-2.210145741701126099e-01,-1.533911675214767456e-01,1.316920995712280273e+00,-9.265140891075134277e-01,-2.056507021188735962e-01,1.272251363843679428e-02
2.316871285438537598e-01,-1.242508087307214737e-02,8.359875679016113281e-01,2.749125473201274872e-02,3.709141910076141357e-02,1.033073849976062775e-02,9.988802671432495117e-01,-2.716177701950073242e-01,7.278884947299957275e-02,1.811399608850479126e-01,5.257108211517333984e-01,-2.996454238891601562e-01,-8.970820158720016479e-02,-3.345706164836883545e-01,-1.621086895465850830e-01,-3.309614658355712891e-01,6.517059803009033203e-01,-3.778198957443237305e-01,1.102491747587919235e-02,2.443766919896006584e-03,-5.526518076658248901e-02,9.953104890882968903e-03,2.666496038436889648e-01,2.585477530956268311e-01,1.445093035697937012e+00,3.231019973754882812e-01,9.406513534486293793e-03,-4.985802620649337769e-02,6.492231041193008423e-02,-2.219458073377609253e-01,-1.544112265110015869e-01,1.324637055397033691e+00,-9.304571151733398438e-01,-2.043587267398834229e-01,1.371867675334215164e-02
2.340084910392761230e-01,-1.214538421481847763e-02,8.378763794898986816e-01,2.602018043398857117e-02,3.302497789263725281e-02,9.682532399892807007e-03,9.990688562393188477e-01,-2.512900233268737793e-01,7.294704020023345947e-02,1.797651648521423340e-01,5.075228810310363770e-01,-2.938885390758514404e-01,-8.953012526035308838e-02,-3.140861690044403076e-01,-1.556016057729721069e-01,-3.304627835750579834e-01,6.316258311271667480e-01,-3.713588118553161621e-01,1.215300057083368301e-02,4.095640033483505249e-03,-5.129408463835716248e-02,5.832800175994634628e-03,2.644064426422119141e-01,2.569693922996520996e-01,1.458074331283569336e+00,3.252495825290679932e-01,1.351506076753139496e-02,-5.006892234086990356e-02,6.539750844240188599e-02,-2.222583442926406860e-01,-1.552928537130355835e-01,1.334808349609375000e+00,-9.371830224990844727e-01,-2.036022245883941650e-01,1.406253501772880554e-02
2.346507310867309570e-01,-1.180253922939300537e-02,8.387161493301391602e-01,2.537513338029384613e-02,2.949817851185798645e-02,9.304939769208431244e-03,9.991993904113769531e-01,-2.398446947336196899e-01,7.267343252897262573e-02,1.787119656801223755e-01,5.003813505172729492e-01,-2.913070619106292725e-01,-8.931531012058258057e-02,-3.020414710044860840e-01,-1.526675075292587280e-01,-3.296918869018554688e-01,6.229315996170043945e-01,-3.679890930652618408e-01,1.275737956166267395e-02,4.567083436995744705e-03,-4.887391999363899231e-02,1.857963274233043194e-03,2.625347375869750977e-01,2.554810941219329834e-01,1.466093897819519043e+00,3.269740045070648193e-01,1.579593122005462646e-02,-4.937212914228439331e-02,6.556611508131027222e-02,-2.225902080535888672e-01,-1.555872857570648193e-01,1.341433882713317871e+00,-9.411746859550476074e-01,-2.024201154708862305e-01,1.451905164867639542e-02
2.356981635093688965e-01,-1.133996061980724335e-02,8.396204113960266113e-01,2.463928237557411194e-02,2.635166049003601074e-02,8.984021842479705811e-03,9.993086457252502441e-01,-2.280551046133041382e-01,7.235726714134216309e-02,1.776299178600311279e-01,4.919864535331726074e-01,-2.891578674316406250e-01,-8.890844881534576416e-02,-2.900480628013610840e-01,-1.494946926832199097e-01,-3.291417658329010010e-01,6.130148172378540039e-01,-3.647609949111938477e-01,1.353629771620035172e-02,4.897643812000751495e-03,-4.595829546451568604e-02,-2.863675123080611229e-03,2.601435780525207520e-01,2.535631060600280762e-01,1.474627137184143066e+00,3.292558789253234863e-01,1.823618076741695404e-02,-4.886443540453910828e-02,6.486412137746810913e-02,-2.229431569576263428e-01,-1.557187288999557495e-01,1.349383354187011719e+00,-9.458720088005065918e-01,-2.007637619972229004e-01,1.501244492828845978e-02
2.365881204605102539e-01,-1.095221191644668579e-02,8.405956029891967773e-01,2.392453327775001526e-02,2.346665784716606140e-02,8.674038574099540710e-03,9.994006752967834473e-01,-2.163816094398498535e-01,7.220703363418579102e-02,1.767023801803588867e-01,4.829560220241546631e-01,-2.867833375930786133e-01,-8.833356201648712158e-02,-2.782780826091766357e-01,-1.463561207056045532e-01,-3.284468650817871094e-01,6.028165221214294434e-01,-3.608289062976837158e-01,1.426811516284942627e-02,5.016265437006950378e-03,-4.296051338315010071e-02,-7.033201865851879120e-03,2.577553093433380127e-01,2.522282004356384277e-01,1.483037233352661133e+00,3.322927057743072510e-01,2.066370286047458649e-02,-4.853432253003120422e-02,6.360258162021636963e-02,-2.230242788791656494e-01,-1.551341712474822998e-01,1.357814908027648926e+00,-9.499974846839904785e-01,-1.991052776575088501e-01,1.583709381520748138e-02
2.380867600440979004e-01,-1.039150170981884003e-02,8.420886397361755371e-01,2.248560078442096710e-02,2.086544223129749298e-02,8.028604090213775635e-03,9.994971752166748047e-01,-2.013063877820968628e-01,7.258151471614837646e-02,1.762650758028030396e-01,4.673168063163757324e-01,-2.822934091091156006e-01,-8.753878623247146606e-02,-2.631567120552062988e-01,-1.405348032712936401e-01,-3.277380168437957764e-01,5.854511260986328125e-01,-3.536188900470733643e-01,1.551236957311630249e-02,5.437560845166444778e-03,-3.853331133723258972e-02,-1.126018352806568146e-02,2.546047568321228027e-01,2.511630654335021973e-01,1.493169665336608887e+00,3.368178009986877441e-01,2.413630485534667969e-02,-4.985292255878448486e-02,6.214868277311325073e-02,-2.236233800649642944e-01,-1.538143157958984375e-01,1.369097352027893066e+00,-9.545879364013671875e-01,-1.973689794540405273e-01,1.669101417064666748e-02
2.384336590766906738e-01,-9.834887459874153137e-03,8.428065776824951172e-01,2.179496735334396362e-02,1.875412650406360626e-02,7.381183560937643051e-03,9.995592832565307617e-01,-1.929326057434082031e-01,7.242453098297119141e-02,1.759244948625564575e-01,4.603851139545440674e-01,-2.803084850311279297e-01,-8.688974380493164062e-02,-2.550521790981292725e-01,-1.379629969596862793e-01,-3.262483775615692139e-01,5.777597427368164062e-01,-3.501187264919281006e-01,1.615734957158565521e-02,5.455615464597940445e-03,-3.570975735783576965e-02,-1.559735368937253952e-02,2.521828711032867432e-01,2.504090964794158936e-01,1.498850822448730469e+00,3.393546342849731445e-01,2.545285038650035858e-02,-4.959572106599807739e-02,6.055174395442008972e-02,-2.234162539243698120e-01,-1.521613299846649170e-01,1.376084446907043457e+00,-9.565707445144653320e-01,-1.956238597631454468e-01,1.773296482861042023e-02
2.389688193798065186e-01,-9.034827351570129395e-03,8.436837196350097656e-01,2.107162959873676300e-02,1.673146709799766541e-02,6.638051010668277740e-03,9.996159076690673828e-01,-1.838164776563644409e-01,7.177551835775375366e-02,1.761272996664047241e-01,4.522295594215393066e-01,-2.781887054443359375e-01,-8.604899048805236816e-02,-2.466527372598648071e-01,-1.354573965072631836e-01,-3.243189156055450439e-01,5.689072012901306152e-01,-3.461949825286865234e-01,1.695065014064311981e-02,5.994089879095554352e-03,-3.266517817974090576e-02,-1.970922760665416718e-02,2.497030496597290039e-01,2.494020313024520874e-01,1.504794478416442871e+00,3.420365452766418457e-01,2.697529457509517670e-02,-4.936357587575912476e-02,5.849668011069297791e-02,-2.232302576303482056e-01,-1.509051322937011719e-01,1.384030699729919434e+00,-9.586643576622009277e-01,-1.943002194166183472e-01,1.906802318990230560e-02
2.395748198032379150e-01,-8.159588091075420380e-03,8.445412516593933105e-01,2.040641009807586670e-02,1.497315894812345505e-02,5.711248144507408142e-03,9.996633529663085938e-01,-1.746612340211868286e-01,7.079027593135833740e-02,1.767388433218002319e-01,4.432284832000732422e-01,-2.758733332157135010e-01,-8.506018668413162231e-02,-2.383224964141845703e-01,-1.330328583717346191e-01,-3.219187855720520020e-01,5.591376423835754395e-01,-3.419923186302185059e-01,1.795434579253196716e-02,6.879917811602354050e-03,-2.977756597101688385e-02,-2.318434789776802063e-02,2.470891326665878296e-01,2.484029084444046021e-01,1.510239124298095703e+00,3.445549607276916504e-01,2.853683941066265106e-02,-4.935162886977195740e-02,5.654113367199897766e-02,-2.224877178668975830e-01,-1.503640413284301758e-01,1.392555594444274902e+00,-9.609365463256835938e-01,-1.932352483272552490e-01,2.061341144144535065e-02
2.402231097221374512e-01,-7.313763257116079330e-03,8.455110788345336914e-01,1.995879784226417542e-02,1.348250918090343475e-02,4.783998709172010422e-03,9.996984601020812988e-01,-1.655742377042770386e-01,6.987177580595016479e-02,1.774979233741760254e-01,4.336732923984527588e-01,-2.732872068881988525e-01,-8.384007960557937622e-02,-2.301682084798812866e-01,-1.306076198816299438e-01,-3.193453848361968994e-01,5.490946769714355469e-01,-3.373782038688659668e-01,1.905172318220138550e-02,8.094709366559982300e-03,-2.718998119235038757e-02,-2.751201391220092773e-02,2.445481270551681519e-01,2.469000369310379028e-01,1.515755891799926758e+00,3.471449613571166992e-01,2.940442226827144623e-02,-4.934223741292953491e-02,5.389869213104248047e-02,-2.220390886068344116e-01,-1.505259871482849121e-01,1.401307940483093262e+00,-9.635891914367675781e-01,-1.927238404750823975e-01,2.206644788384437561e-02
2.408093512058258057e-01,-6.431922782212495804e-03,8.464138507843017578e-01,1.937463134527206421e-02,1.207353826612234116e-02,3.887550672516226768e-03,9.997318387031555176e-01,-1.566549986600875854e-01,6.880598515272140503e-02,1.784501671791076660e-01,4.238523244857788086e-01,-2.703295350074768066e-01,-8.267821371555328369e-02,-2.223539650440216064e-01,-1.282659471035003662e-01,-3.165144026279449463e-01,5.387415289878845215e-01,-3.325918614864349365e-01,2.010428346693515778e-02,9.241027757525444031e-03,-2.452041581273078918e-02,-3.130701556801795959e-02,2.414208799600601196e-01,2.448893785476684570e-01,1.521153211593627930e+00,3.488940596580505371e-01,3.027363494038581848e-02,-4.889568686485290527e-02,5.196422338485717773e-02,-2.213613688945770264e-01,-1.510383933782577515e-01,1.409801840782165527e+00,-9.664491415023803711e-01,-1.922507286071777344e-01,2.324767410755157471e-02
2.414492368698120117e-01,-5.593921523541212082e-03,8.473174571990966797e-01,1.893290691077709198e-02,1.075391564518213272e-02,2.923716558143496513e-03,9.997586607933044434e-01,-1.479549556970596313e-01,6.750810146331787109e-02,1.793110370635986328e-01,4.136419892311096191e-01,-2.671280801296234131e-01,-8.166167885065078735e-02,-2.145476490259170532e-01,-1.258140802383422852e-01,-3.137618005275726318e-01,5.283582806587219238e-01,-3.276531100273132324e-01,2.113649249076843262e-02,1.017518714070320129e-02,-2.196686901152133942e-02,-3.506355732679367065e-02,2.385119497776031494e-01,2.430781126022338867e-01,1.526377677917480469e+00,3.499119579792022705e-01,3.115148283541202545e-02,-4.800344258546829224e-02,4.994010180234909058e-02,-2.205770462751388550e-01,-1.518960893154144287e-01,1.417823433876037598e+00,-9.692290425300598145e-01,-1.918458640575408936e-01,2.408109232783317566e-02
2.419552206993103027e-01,-4.780056420713663101e-03,8.482368588447570801e-01,1.858868822455406189e-02,9.702703915536403656e-03,2.184251789003610611e-03,9.997777342796325684e-01,-1.394222825765609741e-01,6.623256206512451172e-02,1.804986745119094849e-01,4.030219614505767822e-01,-2.633467018604278564e-01,-8.060529083013534546e-02,-2.071691006422042847e-01,-1.236190646886825562e-01,-3.111398518085479736e-01,5.179087519645690918e-01,-3.226447701454162598e-01,2.215162850916385651e-02,1.100705377757549286e-02,-1.946257054805755615e-02,-3.882601857185363770e-02,2.355619966983795166e-01,2.419909685850143433e-01,1.531377673149108887e+00,3.497787714004516602e-01,3.203418105840682983e-02,-4.678418114781379700e-02,4.780077189207077026e-02,-2.195858806371688843e-01,-1.524189561605453491e-01,1.425761580467224121e+00,-9.712632298469543457e-01,-1.905641257762908936e-01,2.464306913316249847e-02
2.424574941396713257e-01,-4.052750766277313232e-03,8.491674661636352539e-01,1.833046227693557739e-02,8.654418401420116425e-03,1.486950321123003960e-03,9.997934103012084961e-01,-1.310109049081802368e-01,6.476885825395584106e-02,1.815537512302398682e-01,3.921169340610504150e-01,-2.593941688537597656e-01,-7.958715409040451050e-02,-2.003578841686248779e-01,-1.217572093009948730e-01,-3.081537485122680664e-01,5.080591440200805664e-01,-3.177961111068725586e-01,2.308891154825687408e-02,1.140518020838499069e-02,-1.730196364223957062e-02,-4.275567829608917236e-02,2.324447482824325562e-01,2.413949370384216309e-01,1.535773515701293945e+00,3.481121957302093506e-01,3.321873396635055542e-02,-4.571452736854553223e-02,4.611536487936973572e-02,-2.183523923158645630e-01,-1.528827697038650513e-01,1.433134078979492188e+00,-9.730050563812255859e-01,-1.897459030151367188e-01,2.490140311419963837e-02
2.429264485836029053e-01,-3.325688419863581657e-03,8.500040173530578613e-01,1.818227395415306091e-02,7.694927975535392761e-03,9.283096296712756157e-04,9.998046755790710449e-01,-1.228701323270797729e-01,6.305066496133804321e-02,1.826637834310531616e-01,3.808938264846801758e-01,-2.552943825721740723e-01,-7.859821617603302002e-02,-1.937368959188461304e-01,-1.201279386878013611e-01,-3.052414059638977051e-01,4.985629618167877197e-01,-3.130777478218078613e-01,2.389973215758800507e-02,1.169205363839864731e-02,-1.536974776536226273e-02,-4.624827951192855835e-02,2.295893877744674683e-01,2.412437051534652710e-01,1.539803624153137207e+00,3.457366228103637695e-01,3.498320654034614563e-02,-4.478232935070991516e-02,4.430012404918670654e-02,-2.171577960252761841e-01,-1.535435616970062256e-01,1.439740538597106934e+00,-9.741135239601135254e-01,-1.899374872446060181e-01,2.516676113009452820e-02
2.433327436447143555e-01,-2.681526588276028633e-03,8.508434295654296875e-01,1.815787889063358307e-02,6.913402583450078964e-03,4.391358525026589632e-04,9.998111128807067871e-01,-1.149511337280273438e-01,6.117322668433189392e-02,1.837675869464874268e-01,3.695392012596130371e-01,-2.506167292594909668e-01,-7.772509753704071045e-02,-1.877723038196563721e-01,-1.188239008188247681e-01,-3.024151921272277832e-01,4.894085526466369629e-01,-3.084827661514282227e-01,2.459337748587131500e-02,1.183975115418434143e-02,-1.388127170503139496e-02,-4.936327412724494934e-02,2.263147830963134766e-01,2.420686483383178711e-01,1.543246388435363770e+00,3.438511192798614502e-01,3.709225356578826904e-02,-4.419048875570297241e-02,4.263643547892570496e-02,-2.162253707647323608e-01,-1.538774818181991577e-01,1.445679068565368652e+00,-9.748193025588989258e-01,-1.910632401704788208e-01,2.560470439493656158e-02
2.436412274837493896e-01,-2.054099226370453835e-03,8.516739606857299805e-01,1.826879568397998810e-02,6.216615904122591019e-03,6.324017704173456877e-06,9.998137950897216797e-01,-1.073608621954917908e-01,5.899710580706596375e-02,1.844184547662734985e-01,3.578405082225799561e-01,-2.458692193031311035e-01,-7.693471014499664307e-02,-1.823339462280273438e-01,-1.177379116415977478e-01,-2.995408177375793457e-01,4.809233546257019043e-01,-3.040403425693511963e-01,2.533336356282234192e-02,1.169185247272253036e-02,-1.265158131718635559e-02,-5.231739953160285950e-02,2.235044538974761963e-01,2.428440153598785400e-01,1.546326518058776855e+00,3.429013192653656006e-01,3.965936228632926941e-02,-4.367075860500335693e-02,4.084563255310058594e-02,-2.146514505147933960e-01,-1.539797931909561157e-01,1.451528906822204590e+00,-9.754408001899719238e-01,-1.931767761707305908e-01,2.642084099352359772e-02
2.439919710159301758e-01,-1.503403414972126484e-03,8.524979352951049805e-01,1.845697499811649323e-02,5.608691833913326263e-03,-2.395857154624536633e-04,9.998139142990112305e-01,-9.994312375783920288e-02,5.672171711921691895e-02,1.851360350847244263e-01,3.463277816772460938e-01,-2.408194988965988159e-01,-7.626491785049438477e-02,-1.772384345531463623e-01,-1.171680912375450134e-01,-2.972093224525451660e-01,4.728570878505706787e-01,-2.999770939350128174e-01,2.595436386764049530e-02,1.115936134010553360e-02,-1.159807108342647552e-02,-5.488882213830947876e-02,2.207144051790237427e-01,2.434891760349273682e-01,1.548998713493347168e+00,3.435889780521392822e-01,4.274236038327217102e-02,-4.340265691280364990e-02,3.934162482619285583e-02,-2.132927179336547852e-01,-1.546224951744079590e-01,1.457143545150756836e+00,-9.767121076583862305e-01,-1.961551904678344727e-01,2.737088687717914581e-02
2.442625463008880615e-01,-1.029310515150427818e-03,8.532207012176513672e-01,1.871775463223457336e-02,5.087007302790880203e-03,-3.596688329707831144e-04,9.998118281364440918e-01,-9.289103746414184570e-02,5.441402271389961243e-02,1.854707449674606323e-01,3.349834382534027100e-01,-2.356119602918624878e-01,-7.544911652803421021e-02,-1.722926944494247437e-01,-1.166994050145149231e-01,-2.952786684036254883e-01,4.651029109954833984e-01,-2.958457171916961670e-01,2.654090523719787598e-02,1.071828976273536682e-02,-1.069263182580471039e-02,-5.729873850941658020e-02,2.180578857660293579e-01,2.437666207551956177e-01,1.551593065261840820e+00,3.453450798988342285e-01,4.564922302961349487e-02,-4.307164251804351807e-02,3.814237937331199646e-02,-2.116670608520507812e-01,-1.551273167133331299e-01,1.462391853332519531e+00,-9.783335328102111816e-01,-1.991250962018966675e-01,2.836452983319759369e-02
2.444920241832733154e-01,-4.810502578038722277e-04,8.539295196533203125e-01,1.891387812793254852e-02,4.562376998364925385e-03,-4.952911986038088799e-04,9.998105764389038086e-01,-8.603893965482711792e-02,5.207942053675651550e-02,1.857766360044479370e-01,3.236914575099945068e-01,-2.305070906877517700e-01,-7.477453351020812988e-02,-1.676030755043029785e-01,-1.162590682506561279e-01,-2.937896549701690674e-01,4.575219452381134033e-01,-2.919337451457977295e-01,2.717442251741886139e-02,1.013287715613842010e-02,-1.001151837408542633e-02,-5.898335203528404236e-02,2.156313508749008179e-01,2.433316409587860107e-01,1.554122209548950195e+00,3.472834229469299316e-01,4.839691892266273499e-02,-4.276140406727790833e-02,3.702552244067192078e-02,-2.098912447690963745e-01,-1.552924364805221558e-01,1.467617750167846680e+00,-9.802339076995849609e-01,-2.016836851835250854e-01,2.889111638069152832e-02
2.446393221616744995e-01,6.433044472942128778e-05,8.547098040580749512e-01,1.917525008320808411e-02,4.127447959035634995e-03,-6.289334269240498543e-04,9.998074173927307129e-01,-7.966022193431854248e-02,4.985537379980087280e-02,1.857277005910873413e-01,3.126620352268218994e-01,-2.253654897212982178e-01,-7.395468652248382568e-02,-1.632059663534164429e-01,-1.159314066171646118e-01,-2.925121188163757324e-01,4.498852789402008057e-01,-2.880487143993377686e-01,2.785122953355312347e-02,1.006190758198499680e-02,-9.286060929298400879e-03,-6.070901453495025635e-02,2.133955061435699463e-01,2.421956807374954224e-01,1.556482195854187012e+00,3.491066694259643555e-01,5.057790502905845642e-02,-4.204858839511871338e-02,3.582888841629028320e-02,-2.079023271799087524e-01,-1.551432311534881592e-01,1.472584009170532227e+00,-9.802986979484558105e-01,-2.033568024635314941e-01,2.899259515106678009e-02
2.448344975709915161e-01,6.228315178304910660e-04,8.553190231323242188e-01,1.928868889808654785e-02,3.779485588893294334e-03,-7.012294954620301723e-04,9.998065829277038574e-01,-7.346016913652420044e-02,4.775043576955795288e-02,1.857338696718215942e-01,3.018657863140106201e-01,-2.202494591474533081e-01,-7.326175272464752197e-02,-1.588461101055145264e-01,-1.154397577047348022e-01,-2.913338243961334229e-01,4.421995878219604492e-01,-2.841045856475830078e-01,2.848380804061889648e-02,1.003157906234264374e-02,-8.459889329969882965e-03,-6.240542232990264893e-02,2.110470980405807495e-01,2.395062446594238281e-01,1.559017062187194824e+00,3.503556549549102783e-01,5.240889638662338257e-02,-4.111496731638908386e-02,3.488706424832344055e-02,-2.060510963201522827e-01,-1.546404808759689331e-01,1.477174520492553711e+00,-9.789930582046508789e-01,-2.048805356025695801e-01,2.876223064959049225e-02
2.452875226736068726e-01,1.350426231510937214e-03,8.563945293426513672e-01,1.923426985740661621e-02,3.505415981635451317e-03,-8.659153827466070652e-04,9.998084902763366699e-01,-6.397410482168197632e-02,4.518125951290130615e-02,1.858780086040496826e-01,2.847997844219207764e-01,-2.113680243492126465e-01,-7.206971943378448486e-02,-1.516349315643310547e-01,-1.140247955918312073e-01,-2.903533875942230225e-01,4.290056228637695312e-01,-2.768470048904418945e-01,2.949617616832256317e-02,1.020447537302970886e-02,-7.461610250174999237e-03,-6.417781859636306763e-02,2.084383219480514526e-01,2.364330887794494629e-01,1.561791896820068359e+00,3.506917655467987061e-01,5.524739995598793030e-02,-4.060225188732147217e-02,3.396521508693695068e-02,-2.040148228406906128e-01,-1.536309868097305298e-01,1.483581066131591797e+00,-9.750028848648071289e-01,-2.080521881580352783e-01,2.743475325405597687e-02
2.456076741218566895e-01,1.912575797177851200e-03,8.572019338607788086e-01,1.896318979561328888e-02,3.230531699955463409e-03,-1.053136656992137432e-03,9.998143911361694336e-01,-5.717240273952484131e-02,4.382731392979621887e-02,1.857575029134750366e-01,2.724269628524780273e-01,-2.046503722667694092e-01,-7.130894809961318970e-02,-1.453799754381179810e-01,-1.123300939798355103e-01,-2.894834876060485840e-01,4.175044894218444824e-01,-2.707156538963317871e-01,3.026343509554862976e-02,1.041065342724323273e-02,-6.387290079146623611e-03,-6.540076434612274170e-02,2.062631249427795410e-01,2.333328276872634888e-01,1.563808202743530273e+00,3.499661087989807129e-01,5.764347314834594727e-02,-4.042777046561241150e-02,3.317507728934288025e-02,-2.018158733844757080e-01,-1.521367281675338745e-01,1.488422036170959473e+00,-9.699274897575378418e-01,-2.103497236967086792e-01,2.635157480835914612e-02
2.457743287086486816e-01,2.461108146235346794e-03,8.579239249229431152e-01,1.832154020667076111e-02,2.948434324935078621e-03,-1.162884174846112728e-03,9.998271465301513672e-01,-5.178834870457649231e-02,4.342193529009819031e-02,1.852902323007583618e-01,2.628917098045349121e-01,-1.998204290866851807e-01,-7.052320241928100586e-02,-1.395571082830429077e-01,-1.098373904824256897e-01,-2.889734208583831787e-01,4.067479968070983887e-01,-2.649618089199066162e-01,3.092109039425849915e-02,1.063363626599311829e-02,-4.402504302561283112e-03,-6.722300499677658081e-02,2.038863599300384521e-01,2.299241721630096436e-01,1.565393924713134766e+00,3.489230573177337646e-01,6.021076813340187073e-02,-4.050505533814430237e-02,3.202148154377937317e-02,-1.996346712112426758e-01,-1.506291627883911133e-01,1.493105769157409668e+00,-9.618813395500183105e-01,-2.120410799980163574e-01,2.547569572925567627e-02
2.459928095340728760e-01,2.997942036017775536e-03,8.585237264633178711e-01,1.744442619383335114e-02,2.751631662249565125e-03,-1.177187077701091766e-03,9.998433589935302734e-01,-4.755586758255958557e-02,4.359263181686401367e-02,1.848683208227157593e-01,2.553572654724121094e-01,-1.957649141550064087e-01,-6.987253576517105103e-02,-1.338357031345367432e-01,-1.070545911788940430e-01,-2.889407873153686523e-01,3.961792886257171631e-01,-2.594670653343200684e-01,3.156008198857307434e-02,1.084053423255681992e-02,-2.292382065206766129e-03,-6.864066421985626221e-02,2.013580203056335449e-01,2.271512895822525024e-01,1.566628813743591309e+00,3.481567502021789551e-01,6.318593770265579224e-02,-4.004704207181930542e-02,3.116950206458568573e-02,-1.971541047096252441e-01,-1.489528119564056396e-01,1.497884392738342285e+00,-9.548349380493164062e-01,-2.140406370162963867e-01,2.486737444996833801e-02
2.461061775684356689e-01,3.445273265242576599e-03,8.591004610061645508e-01,1.649086736142635345e-02,2.641035243868827820e-03,-1.207325141876935959e-03,9.998598098754882812e-01,-4.408832266926765442e-02,4.410388693213462830e-02,1.846659332513809204e-01,2.490871101617813110e-01,-1.926335394382476807e-01,-6.934252381324768066e-02,-1.286179423332214355e-01,-1.043237447738647461e-01,-2.888078689575195312e-01,3.858069479465484619e-01,-2.541460692882537842e-01,3.205859288573265076e-02,1.090230885893106461e-02,-3.422520967433229089e-05,-7.022316008806228638e-02,1.990342736244201660e-01,2.243382334709167480e-01,1.567338705062866211e+00,3.471392095088958740e-01,6.596238166093826294e-02,-3.935028985142707825e-02,3.032742254436016083e-02,-1.949986368417739868e-01,-1.471100598573684692e-01,1.502255320549011230e+00,-9.493689537048339844e-01,-2.167555391788482666e-01,2.462386526167392731e-02
2.461217343807220459e-01,3.934628795832395554e-03,8.596463799476623535e-01,1.563829183578491211e-02,2.444581827148795128e-03,-1.429453841410577297e-03,9.998736977577209473e-01,-4.110947251319885254e-02,4.484948515892028809e-02,1.840350180864334106e-01,2.439048588275909424e-01,-1.899706274271011353e-01,-6.866981834173202515e-02,-1.238597407937049866e-01,-1.014359891414642334e-01,-2.882158756256103516e-01,3.761154413223266602e-01,-2.487071603536605835e-01,3.259351849555969238e-02,1.082825753837823868e-02,1.676834770478308201e-03,-7.120301574468612671e-02,1.973389834165573120e-01,2.225619703531265259e-01,1.568281292915344238e+00,3.456636965274810791e-01,6.815320998430252075e-02,-3.840963169932365417e-02,2.956429123878479004e-02,-1.921980530023574829e-01,-1.450863331556320190e-01,1.506627678871154785e+00,-9.466267228126525879e-01,-2.208844721317291260e-01,2.554361149668693542e-02
2.459892928600311279e-01,4.339603707194328308e-03,8.599527478218078613e-01,1.508550811558961868e-02,2.332648495212197304e-03,-1.692918362095952034e-03,9.998820424079895020e-01,-3.960813209414482117e-02,4.501019418239593506e-02,1.837866157293319702e-01,2.409508973360061646e-01,-1.886080652475357056e-01,-6.822358071804046631e-02,-1.213433966040611267e-01,-9.999022632837295532e-02,-2.875148952007293701e-01,3.705883622169494629e-01,-2.459472566843032837e-01,3.278049454092979431e-02,1.065987721085548401e-02,2.619335195049643517e-03,-7.239261269569396973e-02,1.959544420242309570e-01,2.207292616367340088e-01,1.568692445755004883e+00,3.446590006351470947e-01,6.926798075437545776e-02,-3.776542842388153076e-02,2.834590524435043335e-02,-1.894647777080535889e-01,-1.430660337209701538e-01,1.509390354156494141e+00,-9.465354681015014648e-01,-2.249643057584762573e-01,2.675398625433444977e-02
2.459483146667480469e-01,4.866709467023611069e-03,8.605272769927978516e-01,1.416639052331447601e-02,2.230332698673009872e-03,-2.166012767702341080e-03,9.998947978019714355e-01,-3.662592917680740356e-02,4.557928815484046936e-02,1.838179379701614380e-01,2.353743910789489746e-01,-1.858828365802764893e-01,-6.728553026914596558e-02,-1.165633648633956909e-01,-9.712266921997070312e-02,-2.863649427890777588e-01,3.603822588920593262e-01,-2.400598078966140747e-01,3.335905075073242188e-02,1.073558628559112549e-02,4.279061686247587204e-03,-7.268054783344268799e-02,1.942491084337234497e-01,2.196731567382812500e-01,1.568966746330261230e+00,3.435676097869873047e-01,7.091207057237625122e-02,-3.701774775981903076e-02,2.690025791525840759e-02,-1.871836781501770020e-01,-1.399645656347274780e-01,1.514834523200988770e+00,-9.465816617012023926e-01,-2.334921807050704956e-01,2.782438322901725769e-02
2.459476888179779053e-01,5.529085639864206314e-03,8.609636425971984863e-01,1.339829433709383011e-02,2.123815473169088364e-03,-2.807301003485918045e-03,9.999040365219116211e-01,-3.385342657566070557e-02,4.583233222365379333e-02,1.843134313821792603e-01,2.305612415075302124e-01,-1.836728900671005249e-01,-6.649400293827056885e-02,-1.123830601572990417e-01,-9.484051167964935303e-02,-2.848981916904449463e-01,3.511376678943634033e-01,-2.347334325313568115e-01,3.409914672374725342e-02,1.062636077404022217e-02,5.646373145282268524e-03,-7.263621687889099121e-02,1.926397383213043213e-01,2.185516953468322754e-01,1.569190859794616699e+00,3.424974381923675537e-01,7.210419327020645142e-02,-3.702963516116142273e-02,2.577782981097698212e-02,-1.849372237920761108e-01,-1.365445554256439209e-01,1.519397974014282227e+00,-9.448848962783813477e-01,-2.406737655401229858e-01,2.831007167696952820e-02
2.458685636520385742e-01,6.215511355549097061e-03,8.614507317543029785e-01,1.257996167987585068e-02,2.103544073179364204e-03,-3.715150523930788040e-03,9.999117255210876465e-01,-3.081271238625049591e-02,4.583606496453285217e-02,1.850494146347045898e-01,2.254150807857513428e-01,-1.812361329793930054e-01,-6.553174555301666260e-02,-1.082465499639511108e-01,-9.263256192207336426e-02,-2.834711074829101562e-01,3.421309590339660645e-01,-2.293616086244583130e-01,3.463588654994964600e-02,1.087180804461240768e-02,6.758448202162981033e-03,-7.239295542240142822e-02,1.913278698921203613e-01,2.172846496105194092e-01,1.569304585456848145e+00,3.414043188095092773e-01,7.346984744071960449e-02,-3.734362125396728516e-02,2.448907867074012756e-02,-1.825119853019714355e-01,-1.331455260515213013e-01,1.524099111557006836e+00,-9.401616454124450684e-01,-2.459691315889358521e-01,2.861565165221691132e-02
2.457551062107086182e-01,6.979522760957479477e-03,8.618606925010681152e-01,1.191533729434013367e-02,1.909150974825024605e-03,-4.756622482091188431e-03,9.999158978462219238e-01,-2.770419232547283173e-02,4.571104422211647034e-02,1.861489415168762207e-01,2.199827283620834351e-01,-1.788349598646163940e-01,-6.437200307846069336e-02,-1.042436435818672180e-01,-9.071344882249832153e-02,-2.818865776062011719e-01,3.328974246978759766e-01,-2.240211516618728638e-01,3.559808433055877686e-02,1.069211587309837341e-02,7.746316958218812943e-03,-7.193646579980850220e-02,1.901502162218093872e-01,2.160155922174453735e-01,1.569444298744201660e+00,3.393996655941009521e-01,7.442298531532287598e-02,-3.782490268349647522e-02,2.255810610949993134e-02,-1.803526580333709717e-01,-1.290712654590606689e-01,1.529124021530151367e+00,-9.283404946327209473e-01,-2.494413107633590698e-01,2.884551323950290680e-02
2.456020265817642212e-01,7.701436989009380341e-03,8.622204065322875977e-01,1.147305406630039215e-02,1.809094450436532497e-03,-5.606513936072587967e-03,9.999168515205383301e-01,-2.555563487112522125e-02,4.525570943951606750e-02,1.871990412473678589e-01,2.163518220186233521e-01,-1.774441897869110107e-01,-6.359572708606719971e-02,-1.017576009035110474e-01,-8.992063254117965698e-02,-2.805292606353759766e-01,3.270175158977508545e-01,-2.207591086626052856e-01,3.604511916637420654e-02,1.048714295029640198e-02,8.116989396512508392e-03,-7.104123383760452271e-02,1.888064742088317871e-01,2.142648547887802124e-01,1.569388747215270996e+00,3.366446197032928467e-01,7.481870055198669434e-02,-3.816118463873863220e-02,2.070014551281929016e-02,-1.782506704330444336e-01,-1.261374056339263916e-01,1.532837867736816406e+00,-9.183846116065979004e-01,-2.509591877460479736e-01,2.969086728990077972e-02
2.455549985170364380e-01,8.480519056320190430e-03,8.626304864883422852e-01,1.103873271495103836e-02,1.708421041257679462e-03,-6.653372198343276978e-03,9.999154806137084961e-01,-2.255032956600189209e-02,4.466792196035385132e-02,1.887670010328292847e-01,2.114776372909545898e-01,-1.756933927536010742e-01,-6.271227449178695679e-02,-9.861870110034942627e-02,-8.896084129810333252e-02,-2.791130840778350830e-01,3.197825849056243896e-01,-2.168307453393936157e-01,3.683010488748550415e-02,1.031537260860204697e-02,8.640601299703121185e-03,-7.038327306509017944e-02,1.874756664037704468e-01,2.124318778514862061e-01,1.569535613059997559e+00,3.320675194263458252e-01,7.540767639875411987e-02,-3.842287510633468628e-02,1.861632429063320160e-02,-1.761504560708999634e-01,-1.229885220527648926e-01,1.537224650382995605e+00,-9.062871932983398438e-01,-2.530362010002136230e-01,3.047446720302104950e-02
2.455606013536453247e-01,9.260342456400394440e-03,8.629885911941528320e-01,1.063543744385242462e-02,1.607298967428505421e-03,-7.824053987860679626e-03,9.999115467071533203e-01,-1.918405853211879730e-02,4.390044137835502625e-02,1.906604468822479248e-01,2.056896835565567017e-01,-1.737837791442871094e-01,-6.183143332600593567e-02,-9.502868354320526123e-02,-8.779497444629669189e-02,-2.776847481727600098e-01,3.117064535617828369e-01,-2.123173624277114868e-01,3.779923170804977417e-02,1.021713204681873322e-02,9.102039970457553864e-03,-6.996960192918777466e-02,1.863414943218231201e-01,2.106904238462448120e-01,1.569516539573669434e+00,3.261487483978271484e-01,7.637420296669006348e-02,-3.863881528377532959e-02,1.602714881300926208e-02,-1.744330972433090210e-01,-1.198078989982604980e-01,1.541838288307189941e+00,-8.945055007934570312e-01,-2.561171352863311768e-01,3.107687272131443024e-02
2.455055564641952515e-01,9.975390508770942688e-03,8.634459376335144043e-01,1.020152680575847626e-02,1.416500075720250607e-03,-9.011062793433666229e-03,9.999063611030578613e-01,-1.540247723460197449e-02,4.329656809568405151e-02,1.929118633270263672e-01,1.994168311357498169e-01,-1.714537143707275391e-01,-6.084492802619934082e-02,-9.113843739032745361e-02,-8.654189109802246094e-02,-2.763503491878509521e-01,3.030399084091186523e-01,-2.075555026531219482e-01,3.851836174726486206e-02,9.979749098420143127e-03,9.461840614676475525e-03,-6.972198933362960815e-02,1.852278560400009155e-01,2.092241048812866211e-01,1.569489955902099609e+00,3.196255862712860107e-01,7.766199111938476562e-02,-3.874723985791206360e-02,1.326230168342590332e-02,-1.722276210784912109e-01,-1.166544482111930847e-01,1.546347737312316895e+00,-8.828984498977661133e-01,-2.606994509696960449e-01,3.179626539349555969e-02
2.455642819404602051e-01,1.066601462662220001e-02,8.638328909873962402e-01,9.780420921742916107e-03,1.317023881711065769e-03,-1.024360209703445435e-02,9.998988509178161621e-01,-1.167184021323919296e-02,4.262639954686164856e-02,1.954718977212905884e-01,1.930349916219711304e-01,-1.689453423023223877e-01,-6.000253558158874512e-02,-8.731019496917724609e-02,-8.517544716596603394e-02,-2.750772535800933838e-01,2.944462895393371582e-01,-2.025073617696762085e-01,3.931679204106330872e-02,1.000126730650663376e-02,9.608756750822067261e-03,-6.944543123245239258e-02,1.837890446186065674e-01,2.072741538286209106e-01,1.569559454917907715e+00,3.121173381805419922e-01,7.898466289043426514e-02,-3.888708725571632385e-02,1.027174945920705795e-02,-1.700002700090408325e-01,-1.133073791861534119e-01,1.550771594047546387e+00,-8.723900914192199707e-01,-2.662668526172637939e-01,3.194497898221015930e-02
2.456120550632476807e-01,1.119949109852313995e-02,8.642234206199645996e-01,9.381821379065513611e-03,1.133953221142292023e-03,-1.138626970350742340e-02,9.998905062675476074e-01,-7.710498757660388947e-03,4.204348847270011902e-02,1.981079727411270142e-01,1.866436302661895752e-01,-1.661567986011505127e-01,-5.921156331896781921e-02,-8.334854245185852051e-02,-8.409497141838073730e-02,-2.738263309001922607e-01,2.860477566719055176e-01,-1.976545602083206177e-01,3.990399837493896484e-02,9.849796071648597717e-03,9.881315752863883972e-03,-6.922618299722671509e-02,1.818790882825851440e-01,2.053042203187942505e-01,1.569463372230529785e+00,3.039191365242004395e-01,8.051732182502746582e-02,-3.897473216056823730e-02,7.579269353300333023e-03,-1.679236292839050293e-01,-1.096414700150489807e-01,1.554978609085083008e+00,-8.612577319145202637e-01,-2.715079486370086670e-01,3.148535266518592834e-02
2.457656562328338623e-01,1.173837576061487198e-02,8.646015524864196777e-01,9.014899842441082001e-03,1.032095984555780888e-03,-1.260037627071142197e-02,9.998794198036193848e-01,-3.905533114448189735e-03,4.140010103583335876e-02,2.007846981287002563e-01,1.803401857614517212e-01,-1.634795367717742920e-01,-5.862507969141006470e-02,-7.976387441158294678e-02,-8.279414474964141846e-02,-2.723698019981384277e-01,2.780354619026184082e-01,-1.929055899381637573e-01,4.064179956912994385e-02,9.664608165621757507e-03,9.919289499521255493e-03,-6.932755559682846069e-02,1.799921691417694092e-01,2.033326029777526855e-01,1.569532275199890137e+00,2.949237227439880371e-01,8.160658180713653564e-02,-3.918602690100669861e-02,4.507543053478002548e-03,-1.661731600761413574e-01,-1.056169793009757996e-01,1.558523297309875488e+00,-8.477554321289062500e-01,-2.758191227912902832e-01,3.048068098723888397e-02
2.460619807243347168e-01,1.228939648717641830e-02,8.650370240211486816e-01,8.537727408111095428e-03,9.380573173984885216e-04,-1.414502691477537155e-02,9.998630881309509277e-01,1.984657719731330872e-03,4.073047637939453125e-02,2.042580544948577881e-01,1.706966757774353027e-01,-1.590115576982498169e-01,-5.788874998688697815e-02,-7.401626557111740112e-02,-8.075582981109619141e-02,-2.705906033515930176e-01,2.659247219562530518e-01,-1.850047856569290161e-01,4.154494404792785645e-02,1.012172456830739975e-02,1.035035215318202972e-02,-6.985148787498474121e-02,1.779926121234893799e-01,2.011574655771255493e-01,1.569647550582885742e+00,2.813861370086669922e-01,8.234091848134994507e-02,-4.004024341702461243e-02,1.430581090971827507e-03,-1.639905571937561035e-01,-1.008607074618339539e-01,1.563027739524841309e+00,-8.158683776855468750e-01,-2.794647216796875000e-01,2.557187899947166443e-02
2.461958229541778564e-01,1.263329945504665375e-02,8.653532862663269043e-01,8.135965093970298767e-03,8.374960161745548248e-04,-1.534625329077243805e-02,9.998487830162048340e-01,5.851688794791698456e-03,4.032425209879875183e-02,2.067955285310745239e-01,1.642202138900756836e-01,-1.556345820426940918e-01,-5.728824436664581299e-02,-7.037687301635742188e-02,-7.925403118133544922e-02,-2.690613567829132080e-01,2.575450539588928223e-01,-1.795255094766616821e-01,4.204664379358291626e-02,1.008395105600357056e-02,1.063594594597816467e-02,-7.045398652553558350e-02,1.757020503282546997e-01,1.982140094041824341e-01,1.569868683815002441e+00,2.672538757324218750e-01,8.057577908039093018e-02,-4.046908766031265259e-02,-2.043677959591150284e-03,-1.616730391979217529e-01,-9.582486748695373535e-02,1.565687656402587891e+00,-7.857601642608642578e-01,-2.795847654342651367e-01,2.105647884309291840e-02
2.462494522333145142e-01,1.305233966559171677e-02,8.656904697418212891e-01,7.829003036022186279e-03,7.413731073029339314e-04,-1.642690040171146393e-02,9.998341202735900879e-01,8.877641521394252777e-03,3.992921486496925354e-02,2.089734375476837158e-01,1.591791063547134399e-01,-1.533342152833938599e-01,-5.693221837282180786e-02,-6.745926290750503540e-02,-7.811806350946426392e-02,-2.676885724067687988e-01,2.509937286376953125e-01,-1.752608120441436768e-01,4.249637946486473083e-02,9.978836402297019958e-03,1.090271864086389542e-02,-7.160188257694244385e-02,1.735036075115203857e-01,1.952312588691711426e-01,1.569999337196350098e+00,2.533844709396362305e-01,7.809264212846755981e-02,-4.053820297122001648e-02,-5.798821337521076202e-03,-1.597018241882324219e-01,-9.084597229957580566e-02,1.567607522010803223e+00,-7.524759769439697266e-01,-2.766627073287963867e-01,1.705684140324592590e-02
2.461931258440017700e-01,1.337643619626760483e-02,8.658633232116699219e-01,7.605682592839002609e-03,7.221029372885823250e-04,-1.729367673397064209e-02,9.998212456703186035e-01,1.029447838664054871e-02,3.965485468506813049e-02,2.102352529764175415e-01,1.569961458444595337e-01,-1.523910164833068848e-01,-5.664192512631416321e-02,-6.622318923473358154e-02,-7.778277248144149780e-02,-2.667367458343505859e-01,2.477215528488159180e-01,-1.733410805463790894e-01,4.273523390293121338e-02,9.796187281608581543e-03,1.083303522318601608e-02,-7.292918115854263306e-02,1.713678687810897827e-01,1.912484914064407349e-01,1.570265412330627441e+00,2.434183210134506226e-01,7.583717256784439087e-02,-4.005561023950576782e-02,-9.158883243799209595e-03,-1.577441692352294922e-01,-8.682516962289810181e-02,1.568258166313171387e+00,-7.296277880668640137e-01,-2.735339999198913574e-01,1.568479463458061218e-02
2.463226616382598877e-01,1.375772710889577866e-02,8.660076260566711426e-01,7.384405937045812607e-03,6.431607180275022984e-04,-1.844847947359085083e-02,9.998023509979248047e-01,1.262798998504877090e-02,3.916570544242858887e-02,2.126581370830535889e-01,1.535119116306304932e-01,-1.509885489940643311e-01,-5.619572848081588745e-02,-6.389307230710983276e-02,-7.693953812122344971e-02,-2.647632062435150146e-01,2.424139678478240967e-01,-1.697215884923934937e-01,4.320594295859336853e-02,1.035885699093341827e-02,1.057628262788057327e-02,-7.416380196809768677e-02,1.691553592681884766e-01,1.878932416439056396e-01,1.570379018783569336e+00,2.277386635541915894e-01,7.131391763687133789e-02,-3.859081491827964783e-02,-1.266874372959136963e-02,-1.553701013326644897e-01,-8.230605721473693848e-02,1.569181680679321289e+00,-6.847100853919982910e-01,-2.651270031929016113e-01,9.925066493451595306e-03
2.462670952081680298e-01,1.399695500731468201e-02,8.661553859710693359e-01,7.228651549667119980e-03,5.387743003666400909e-04,-1.922140829265117645e-02,9.997889995574951172e-01,1.378286909312009811e-02,3.891106694936752319e-02,2.137515395879745483e-01,1.522722840309143066e-01,-1.502834856510162354e-01,-5.597301200032234192e-02,-6.296642124652862549e-02,-7.658373564481735229e-02,-2.637477517127990723e-01,2.401312142610549927e-01,-1.681750118732452393e-01,4.346040636301040649e-02,1.033515390008687973e-02,1.054285746067762375e-02,-7.584866136312484741e-02,1.665646135807037354e-01,1.839074790477752686e-01,1.570683956146240234e+00,2.168774902820587158e-01,6.676932424306869507e-02,-3.754099085927009583e-02,-1.626345887780189514e-02,-1.530697196722030640e-01,-7.884573936462402344e-02,1.569479703903198242e+00,-6.602568626403808594e-01,-2.595596611499786377e-01,7.523148786276578903e-03
2.462765425443649292e-01,1.428584195673465729e-02,8.662565350532531738e-01,7.046387996524572372e-03,4.611593612935394049e-04,-2.011518366634845734e-02,9.997727274894714355e-01,1.500327233225107193e-02,3.869257122278213501e-02,2.155489921569824219e-01,1.505023092031478882e-01,-1.499208509922027588e-01,-5.553296580910682678e-02,-6.150649860501289368e-02,-7.611034065485000610e-02,-2.617616951465606689e-01,2.368104159832000732e-01,-1.656448692083358765e-01,4.374552518129348755e-02,1.090341620147228241e-02,1.038716454058885574e-02,-7.759648561477661133e-02,1.639512330293655396e-01,1.798336952924728394e-01,1.570436239242553711e+00,2.008265405893325806e-01,6.101991608738899231e-02,-3.599006682634353638e-02,-1.904220692813396454e-02,-1.505331248044967651e-01,-7.536850124597549438e-02,1.570112705230712891e+00,-6.249749064445495605e-01,-2.514092922210693359e-01,2.044598804786801338e-03
2.462100386619567871e-01,1.444931887090206146e-02,8.663071393966674805e-01,6.932027637958526611e-03,3.607889229897409678e-04,-2.071270160377025604e-02,9.997613430023193359e-01,1.564106345176696777e-02,3.867794573307037354e-02,2.163491100072860718e-01,1.499861031770706177e-01,-1.497320234775543213e-01,-5.532870069146156311e-02,-6.096454337239265442e-02,-7.586834579706192017e-02,-2.605695724487304688e-01,2.355638444423675537e-01,-1.646106839179992676e-01,4.392096400260925293e-02,1.087783649563789368e-02,1.009057275950908661e-02,-7.902483642101287842e-02,1.611775457859039307e-01,1.762129664421081543e-01,1.570686817169189453e+00,1.917977184057235718e-01,5.752833187580108643e-02,-3.481487184762954712e-02,-2.219049632549285889e-02,-1.485459208488464355e-01,-7.220819592475891113e-02,1.570538401603698730e+00,-6.083379387855529785e-01,-2.469021230936050415e-01,-2.243293420178815722e-05
2.461293041706085205e-01,1.462203823029994965e-02,8.664247989654541016e-01,6.838168483227491379e-03,1.018796829157508910e-04,-2.127073146402835846e-02,9.997503757476806641e-01,1.640246622264385223e-02,3.847863152623176575e-02,2.172010391950607300e-01,1.497708857059478760e-01,-1.495507657527923584e-01,-5.517780035734176636e-02,-6.015702709555625916e-02,-7.559468597173690796e-02,-2.591601312160491943e-01,2.340824902057647705e-01,-1.636005640029907227e-01,4.417126625776290894e-02,1.112523209303617477e-02,9.929073043167591095e-03,-8.063420653343200684e-02,1.583401113748550415e-01,1.727238893508911133e-01,1.570699334144592285e+00,1.826593130826950073e-01,5.413332581520080566e-02,-3.313265740871429443e-02,-2.491494268178939819e-02,-1.463125199079513550e-01,-6.881441175937652588e-02,1.570414781570434570e+00,-5.887668728828430176e-01,-2.411359995603561401e-01,-2.549677388742566109e-03
2.460980862379074097e-01,1.480294298380613327e-02,8.664608001708984375e-01,6.727486383169889450e-03,1.818581367842853069e-04,-2.176960185170173645e-02,9.997403621673583984e-01,1.667723432183265686e-02,3.826043009757995605e-02,2.176174223423004150e-01,1.493265032768249512e-01,-1.494548171758651733e-01,-5.489661544561386108e-02,-5.981613323092460632e-02,-7.532267272472381592e-02,-2.579312622547149658e-01,2.324558496475219727e-01,-1.624751687049865723e-01,4.423762485384941101e-02,1.142402458935976028e-02,9.808065369725227356e-03,-8.219648152589797974e-02,1.555832624435424805e-01,1.690346747636795044e-01,1.570699930191040039e+00,1.748121231794357300e-01,4.898413270711898804e-02,-3.102649748325347900e-02,-2.828928455710411072e-02,-1.441199779510498047e-01,-6.524945050477981567e-02,1.570685744285583496e+00,-5.720607638359069824e-01,-2.358803153038024902e-01,-4.779282491654157639e-03
2.460125386714935303e-01,1.498784217983484268e-02,8.665028810501098633e-01,6.619302090257406235e-03,1.184214579552644864e-05,-2.214249223470687866e-02,9.997329115867614746e-01,1.697130873799324036e-02,3.826560825109481812e-02,2.180936038494110107e-01,1.489977985620498657e-01,-1.495265960693359375e-01,-5.460751429200172424e-02,-5.895601585507392883e-02,-7.514480501413345337e-02,-2.569257318973541260e-01,2.308017164468765259e-01,-1.614284813404083252e-01,4.442756623029708862e-02,1.164937857538461685e-02,9.507597424089908600e-03,-8.389584720134735107e-02,1.526139527559280396e-01,1.660413146018981934e-01,1.570700049400329590e+00,1.687649190425872803e-01,4.381433874368667603e-02,-2.861537411808967590e-02,-3.074583970010280609e-02,-1.417274326086044312e-01,-6.217292323708534241e-02,1.570699334144592285e+00,-5.578463673591613770e-01,-2.314667254686355591e-01,-6.079863291233778000e-03
2.460374236106872559e-01,1.524482667446136475e-02,8.665367960929870605e-01,6.488858722150325775e-03,-7.303640450118109584e-05,-2.231959626078605652e-02,9.997298121452331543e-01,1.727175340056419373e-02,3.825994208455085754e-02,2.184604704380035400e-01,1.490911692380905151e-01,-1.494593471288681030e-01,-5.428366735577583313e-02,-5.802948400378227234e-02,-7.481928914785385132e-02,-2.561275064945220947e-01,2.291529625654220581e-01,-1.603351980447769165e-01,4.472772404551506042e-02,1.183015014976263046e-02,9.249827824532985687e-03,-8.526066690683364868e-02,1.501353085041046143e-01,1.632314920425415039e-01,1.570700049400329590e+00,1.641480773687362671e-01,3.762453794479370117e-02,-2.620322257280349731e-02,-3.325144201517105103e-02,-1.395432054996490479e-01,-5.945027992129325867e-02,1.570699930191040039e+00,-5.463249683380126953e-01,-2.275112122297286987e-01,-6.559363100677728653e-03
2.459831386804580688e-01,1.542112696915864944e-02,8.666496872901916504e-01,6.353005766868591309e-03,-2.440390671836212277e-04,-2.249373495578765869e-02,9.997267723083496094e-01,1.750032417476177216e-02,3.840064629912376404e-02,2.183892130851745605e-01,1.492270827293395996e-01,-1.496066004037857056e-01,-5.412786081433296204e-02,-5.717394500970840454e-02,-7.456812262535095215e-02,-2.554995119571685791e-01,2.275670021772384644e-01,-1.592962741851806641e-01,4.481649026274681091e-02,1.217874605208635330e-02,8.829439990222454071e-03,-8.680904656648635864e-02,1.480087190866470337e-01,1.612640768289566040e-01,1.570700049400329590e+00,1.607935577630996704e-01,3.120810538530349731e-02,-2.415714412927627563e-02,-3.543523326516151428e-02,-1.370633989572525024e-01,-5.776583403348922729e-02,1.570700049400329590e+00,-5.361263751983642578e-01,-2.243628650903701782e-01,-6.547844503074884415e-03
2.459263056516647339e-01,1.550979260355234146e-02,8.666771054267883301e-01,6.234948057681322098e-03,-4.126378626096993685e-04,-2.261405438184738159e-02,9.997247457504272461e-01,1.744857616722583771e-02,3.852182254195213318e-02,2.184206992387771606e-01,1.497253775596618652e-01,-1.497427970170974731e-01,-5.393289402127265930e-02,-5.632606893777847290e-02,-7.426328957080841064e-02,-2.550273537635803223e-01,2.261159718036651611e-01,-1.584301143884658813e-01,4.494556412100791931e-02,1.260209269821643829e-02,8.541126735508441925e-03,-8.769475668668746948e-02,1.459092199802398682e-01,1.610562354326248169e-01,1.570700049400329590e+00,1.563386768102645874e-01,2.302843704819679260e-02,-2.222358249127864838e-02,-3.715794906020164490e-02,-1.349654495716094971e-01,-5.658748000860214233e-02,1.570700049400329590e+00,-5.281699299812316895e-01,-2.222107499837875366e-01,-6.069954950362443924e-03
2.458724230527877808e-01,1.560340728610754013e-02,8.666995167732238770e-01,6.094859912991523743e-03,-4.963127430528402328e-04,-2.268905565142631531e-02,9.997238516807556152e-01,1.743919029831886292e-02,3.877847269177436829e-02,2.184169292449951172e-01,1.503709852695465088e-01,-1.499562412500381470e-01,-5.370299518108367920e-02,-5.574844032526016235e-02,-7.389027625322341919e-02,-2.546353340148925781e-01,2.250257432460784912e-01,-1.575525254011154175e-01,4.504852741956710815e-02,1.310161408036947250e-02,7.959115318953990936e-03,-8.852557092905044556e-02,1.446128785610198975e-01,1.618183106184005737e-01,1.570700049400329590e+00,1.514732688665390015e-01,1.532719563692808151e-02,-2.037078328430652618e-02,-3.870647028088569641e-02,-1.327494084835052490e-01,-5.646528303623199463e-02,1.570700049400329590e+00,-5.207188129425048828e-01,-2.204824239015579224e-01,-5.667995661497116089e-03
2.457428574562072754e-01,1.567406393587589264e-02,8.667196035385131836e-01,5.907192826271057129e-03,-5.730039556510746479e-04,-2.272997424006462097e-02,9.997240304946899414e-01,1.704591885209083557e-02,3.910021483898162842e-02,2.183576971292495728e-01,1.514072865247726440e-01,-1.505312770605087280e-01,-5.355651304125785828e-02,-5.487067252397537231e-02,-7.336059212684631348e-02,-2.544525563716888428e-01,2.235932797193527222e-01,-1.563824266195297241e-01,4.517524689435958862e-02,1.388032827526330948e-02,7.808511611074209213e-03,-8.895427733659744263e-02,1.432873457670211792e-01,1.638304442167282104e-01,1.570700049400329590e+00,1.449385285377502441e-01,6.831531412899494171e-03,-1.872218027710914612e-02,-4.036580026149749756e-02,-1.312515437602996826e-01,-5.648182705044746399e-02,1.570700049400329590e+00,-5.116644501686096191e-01,-2.184426635503768921e-01,-5.270967260003089905e-03
2.456723898649215698e-01,1.568853110074996948e-02,8.667346835136413574e-01,5.722363479435443878e-03,-6.562590133398771286e-04,-2.285310998558998108e-02,9.997222423553466797e-01,1.654273644089698792e-02,3.940724954009056091e-02,2.182685583829879761e-01,1.525210887193679810e-01,-1.509817987680435181e-01,-5.357629060745239258e-02,-5.432910844683647156e-02,-7.306430488824844360e-02,-2.542405128479003906e-01,2.225102484226226807e-01,-1.556062549352645874e-01,4.522123187780380249e-02,1.447650697082281113e-02,7.310801651328802109e-03,-8.932947367429733276e-02,1.424899995326995850e-01,1.662664711475372314e-01,1.570663690567016602e+00,1.399405151605606079e-01,2.222346141934394836e-03,-1.786449924111366272e-02,-4.166908189654350281e-02,-1.294122040271759033e-01,-5.651630088686943054e-02,1.570700049400329590e+00,-5.064980983734130859e-01,-2.179502248764038086e-01,-4.472671076655387878e-03
2.455800771713256836e-01,1.575122959911823273e-02,8.667420744895935059e-01,5.612112581729888916e-03,-8.271421538665890694e-04,-2.279618196189403534e-02,9.997240304946899414e-01,1.617666520178318024e-02,3.971084952354431152e-02,2.177951633930206299e-01,1.531764715909957886e-01,-1.513172090053558350e-01,-5.347224697470664978e-02,-5.395101755857467651e-02,-7.258315384387969971e-02,-2.541546523571014404e-01,2.217444926500320435e-01,-1.550607085227966309e-01,4.534110799431800842e-02,1.488822605460882187e-02,6.842697970569133759e-03,-8.929549902677536011e-02,1.420089155435562134e-01,1.685629785060882568e-01,1.570699930191040039e+00,1.327588111162185669e-01,-2.057175384834408760e-03,-1.786704361438751221e-02,-4.287493601441383362e-02,-1.281118690967559814e-01,-5.706806480884552002e-02,1.570700049400329590e+00,-5.051217079162597656e-01,-2.188045233488082886e-01,-2.966816537082195282e-03
2.455850988626480103e-01,1.576616428792476654e-02,8.667529225349426270e-01,5.499349441379308701e-03,-9.109996608458459377e-04,-2.271789498627185822e-02,9.997263550758361816e-01,1.613926328718662262e-02,3.991047292947769165e-02,2.175246626138687134e-01,1.536395102739334106e-01,-1.514436751604080200e-01,-5.335791409015655518e-02,-5.370847880840301514e-02,-7.260280102491378784e-02,-2.540277838706970215e-01,2.215565294027328491e-01,-1.549141108989715576e-01,4.519721865653991699e-02,1.526202913373708725e-02,6.207191385328769684e-03,-8.891842514276504517e-02,1.416817605495452881e-01,1.709571629762649536e-01,1.570670127868652344e+00,1.285482347011566162e-01,-3.893983783200383186e-03,-1.850055158138275146e-02,-4.365149512887001038e-02,-1.270114630460739136e-01,-5.795992910861968994e-02,1.570700049400329590e+00,-5.066882371902465820e-01,-2.201087921857833862e-01,-1.960627036169171333e-03
2.455153763294219971e-01,1.584879122674465179e-02,8.667581081390380859e-01,5.458299536257982254e-03,-9.971419349312782288e-04,-2.278497442603111267e-02,9.997249841690063477e-01,1.598377898335456848e-02,4.011222347617149353e-02,2.172889858484268188e-01,1.542662233114242554e-01,-1.517629772424697876e-01,-5.329966545104980469e-02,-5.352139845490455627e-02,-7.249644398689270020e-02,-2.540489137172698975e-01,2.215351164340972900e-01,-1.547727882862091064e-01,4.527922719717025757e-02,1.557303592562675476e-02,5.590754561126232147e-03,-8.865687251091003418e-02,1.417028903961181641e-01,1.735438704490661621e-01,1.570488691329956055e+00,1.248269602656364441e-01,-5.257350858300924301e-03,-1.968685165047645569e-02,-4.458385333418846130e-02,-1.262689679861068726e-01,-5.882456153631210327e-02,1.570700049400329590e+00,-5.111846923828125000e-01,-2.222637683153152466e-01,-3.158929757773876190e-04
2.456063926219940186e-01,1.584192551672458649e-02,8.667528629302978516e-01,5.421500653028488159e-03,-9.966259822249412537e-04,-2.284829132258892059e-02,9.997237324714660645e-01,1.588224619626998901e-02,4.016918689012527466e-02,2.169500887393951416e-01,1.550189703702926636e-01,-1.521023958921432495e-01,-5.322996899485588074e-02,-5.338411405682563782e-02,-7.230243086814880371e-02,-2.539537549018859863e-01,2.216004431247711182e-01,-1.547771096229553223e-01,4.529278352856636047e-02,1.570273749530315399e-02,4.970666486769914627e-03,-8.840829879045486450e-02,1.417810320854187012e-01,1.762647926807403564e-01,1.570407032966613770e+00,1.227844581007957458e-01,-5.753470119088888168e-03,-2.104578353464603424e-02,-4.535695910453796387e-02,-1.260103434324264526e-01,-5.932948738336563110e-02,1.570700049400329590e+00,-5.181493163108825684e-01,-2.246981412172317505e-01,1.212838222272694111e-03
2.456039041280746460e-01,1.583512686192989349e-02,8.667510747909545898e-01,5.367216654121875763e-03,-1.167491427622735500e-03,-2.291704341769218445e-02,9.997223019599914551e-01,1.586548052728176117e-02,4.023331403732299805e-02,2.168349325656890869e-01,1.556337624788284302e-01,-1.525448113679885864e-01,-5.332187563180923462e-02,-5.327334254980087280e-02,-7.231824845075607300e-02,-2.539213001728057861e-01,2.219385653734207153e-01,-1.548997908830642700e-01,4.539206996560096741e-02,1.583932898938655853e-02,4.550463519990444183e-03,-8.838561922311782837e-02,1.418559104204177856e-01,1.781720519065856934e-01,1.570345878601074219e+00,1.231519654393196106e-01,-4.823152441531419754e-03,-2.263615839183330536e-02,-4.564907774329185486e-02,-1.262097060680389404e-01,-5.945260450243949890e-02,1.570700049400329590e+00,-5.245912671089172363e-01,-2.263064533472061157e-01,2.481175120919942856e-03
2.456949502229690552e-01,1.576003804802894592e-02,8.666672110557556152e-01,5.349010229110717773e-03,-1.168981310911476612e-03,-2.298151887953281403e-02,9.997208714485168457e-01,1.567124202847480774e-02,4.035623371601104736e-02,2.165448814630508423e-01,1.563780605792999268e-01,-1.529490053653717041e-01,-5.324900895357131958e-02,-5.332460999488830566e-02,-7.229037582874298096e-02,-2.538022994995117188e-01,2.221786677837371826e-01,-1.550774872303009033e-01,4.542517662048339844e-02,1.596990413963794708e-02,3.891640109941363335e-03,-8.849495649337768555e-02,1.424615085124969482e-01,1.802145242691040039e-01,1.570096611976623535e+00,1.252194643020629883e-01,-2.728951163589954376e-03,-2.430083788931369781e-02,-4.612947255373001099e-02,-1.265858113765716553e-01,-5.942769721150398254e-02,1.570700049400329590e+00,-5.290400981903076172e-01,-2.269573807716369629e-01,3.351978957653045654e-03
2.457819133996963501e-01,1.576745696365833282e-02,8.666612505912780762e-01,5.314408801496028900e-03,-1.083784387446939945e-03,-2.302441000938415527e-02,9.997202157974243164e-01,1.535611134022474289e-02,4.036988317966461182e-02,2.164156436920166016e-01,1.569725275039672852e-01,-1.534292846918106079e-01,-5.323534831404685974e-02,-5.343657359480857849e-02,-7.239843904972076416e-02,-2.539555132389068604e-01,2.224951535463333130e-01,-1.554364711046218872e-01,4.532526060938835144e-02,1.605322025716304779e-02,3.613211913034319878e-03,-8.870578557252883911e-02,1.428259611129760742e-01,1.814371049404144287e-01,1.569966435432434082e+00,1.277171373367309570e-01,1.055379543686285615e-04,-2.566544152796268463e-02,-4.648714140057563782e-02,-1.274177581071853638e-01,-5.886660888791084290e-02,1.570700049400329590e+00,-5.316076874732971191e-01,-2.266561239957809448e-01,3.773830831050872803e-03
2.458405792713165283e-01,1.577199250459671021e-02,8.666519522666931152e-01,5.288741085678339005e-03,-1.253313268534839153e-03,-2.303638122975826263e-02,9.997198581695556641e-01,1.549484860152006149e-02,4.046732559800148010e-02,2.160317599773406982e-01,1.575091183185577393e-01,-1.538720130920410156e-01,-5.313617736101150513e-02,-5.320629104971885681e-02,-7.238107919692993164e-02,-2.539556324481964111e-01,2.229827195405960083e-01,-1.557011753320693970e-01,4.545725882053375244e-02,1.607658527791500092e-02,2.970566041767597198e-03,-8.904601633548736572e-02,1.436706334352493286e-01,1.820970028638839722e-01,1.569960236549377441e+00,1.299932003021240234e-01,3.433196106925606728e-03,-2.693969942629337311e-02,-4.671378061175346375e-02,-1.279312968254089355e-01,-5.829798430204391479e-02,1.570700049400329590e+00,-5.333623290061950684e-01,-2.263423502445220947e-01,3.654291387647390366e-03
2.459373623132705688e-01,1.576617918908596039e-02,8.666455149650573730e-01,5.309915635734796524e-03,-1.256663119420409203e-03,-2.297904528677463531e-02,9.997210502624511719e-01,1.542796380817890167e-02,4.055351018905639648e-02,2.157549262046813965e-01,1.578661799430847168e-01,-1.542789340019226074e-01,-5.321077257394790649e-02,-5.327236279845237732e-02,-7.242892682552337646e-02,-2.538913786411285400e-01,2.232957035303115845e-01,-1.560216099023818970e-01,4.549519345164299011e-02,1.595755480229854584e-02,2.749177394434809685e-03,-8.977193385362625122e-02,1.441532671451568604e-01,1.821145713329315186e-01,1.569821476936340332e+00,1.314742714166641235e-01,7.401034701615571976e-03,-2.828759327530860901e-02,-4.702829569578170776e-02,-1.289588063955307007e-01,-5.805937945842742920e-02,1.570700049400329590e+00,-5.349478125572204590e-01,-2.262124717235565186e-01,3.371012397110462189e-03
2.459496110677719116e-01,1.569095812737941742e-02,8.666355013847351074e-01,5.326534155756235123e-03,-1.258307835087180138e-03,-2.296116575598716736e-02,9.997213482856750488e-01,1.521886885166168213e-02,4.057835415005683899e-02,2.156432569026947021e-01,1.583165228366851807e-01,-1.544476598501205444e-01,-5.337874591350555420e-02,-5.358486995100975037e-02,-7.239436358213424683e-02,-2.539756298065185547e-01,2.237460762262344360e-01,-1.562755256891250610e-01,4.542532190680503845e-02,1.592119783163070679e-02,2.368197776377201080e-03,-9.055288136005401611e-02,1.446078121662139893e-01,1.821097433567047119e-01,1.569896817207336426e+00,1.324709802865982056e-01,1.116493344306945801e-02,-2.950012683868408203e-02,-4.733546823263168335e-02,-1.298358887434005737e-01,-5.784449353814125061e-02,1.570700049400329590e+00,-5.371640324592590332e-01,-2.264005243778228760e-01,2.954959170892834663e-03
2.458721846342086792e-01,1.568102277815341949e-02,8.665487170219421387e-01,5.333375651389360428e-03,-1.260164426639676094e-03,-2.290477976202964783e-02,9.997226595878601074e-01,1.497090887278318405e-02,4.065119475126266479e-02,2.155243903398513794e-01,1.587679684162139893e-01,-1.546306759119033813e-01,-5.338227003812789917e-02,-5.389524996280670166e-02,-7.247717678546905518e-02,-2.539272308349609375e-01,2.245138436555862427e-01,-1.564753055572509766e-01,4.533000290393829346e-02,1.580382138490676880e-02,2.176799345761537552e-03,-9.154202044010162354e-02,1.449619233608245850e-01,1.817923933267593384e-01,1.569950699806213379e+00,1.328564137220382690e-01,1.444074418395757675e-02,-3.051085025072097778e-02,-4.786112904548645020e-02,-1.311165690422058105e-01,-5.832652747631072998e-02,1.570700049400329590e+00,-5.399306416511535645e-01,-2.265398949384689331e-01,2.483815886080265045e-03
2.457931190729141235e-01,1.559832040220499039e-02,8.665382266044616699e-01,5.355210509151220322e-03,-1.260829041711986065e-03,-2.301270328462123871e-02,9.997200369834899902e-01,1.457266416400671005e-02,4.072910547256469727e-02,2.154558002948760986e-01,1.593105792999267578e-01,-1.548720896244049072e-01,-5.337558314204216003e-02,-5.429263040423393250e-02,-7.260785996913909912e-02,-2.539316713809967041e-01,2.253029942512512207e-01,-1.568420976400375366e-01,4.526891186833381653e-02,1.584580913186073303e-02,1.958697801455855370e-03,-9.267943352460861206e-02,1.453137248754501343e-01,1.817821562290191650e-01,1.570107340812683105e+00,1.329401582479476929e-01,1.691599562764167786e-02,-3.099738992750644684e-02,-4.806011915206909180e-02,-1.320398896932601929e-01,-5.879732221364974976e-02,1.570700049400329590e+00,-5.425307154655456543e-01,-2.264347672462463379e-01,2.086839871481060982e-03
2.457918822765350342e-01,1.559130661189556122e-02,8.665259480476379395e-01,5.394336767494678497e-03,-1.262289471924304962e-03,-2.299412712454795837e-02,9.997202754020690918e-01,1.408272795379161835e-02,4.089662432670593262e-02,2.154495269060134888e-01,1.601247191429138184e-01,-1.552166938781738281e-01,-5.331683903932571411e-02,-5.472636222839355469e-02,-7.268540561199188232e-02,-2.540499269962310791e-01,2.262287288904190063e-01,-1.572517752647399902e-01,4.528978839516639709e-02,1.563750393688678741e-02,1.878453884273767471e-03,-9.362272918224334717e-02,1.457537114620208740e-01,1.825072616338729858e-01,1.570344805717468262e+00,1.334165632724761963e-01,1.850154437124729156e-02,-3.114249370992183685e-02,-4.854229837656021118e-02,-1.331683993339538574e-01,-5.962166562676429749e-02,1.570700049400329590e+00,-5.446047782897949219e-01,-2.257818877696990967e-01,1.723216730169951916e-03
2.457084208726882935e-01,1.551362592726945877e-02,8.665105700492858887e-01,5.386454518884420395e-03,-1.263217185623943806e-03,-2.295225299894809723e-02,9.997212290763854980e-01,1.346798613667488098e-02,4.096849635243415833e-02,2.154424339532852173e-01,1.612139940261840820e-01,-1.555084586143493652e-01,-5.346240475773811340e-02,-5.518460646271705627e-02,-7.288384437561035156e-02,-2.544394135475158691e-01,2.269900888204574585e-01,-1.577918380498886108e-01,4.515539109706878662e-02,1.520788017660379410e-02,1.715860329568386078e-03,-9.442593902349472046e-02,1.462330520153045654e-01,1.833691596984863281e-01,1.570366978645324707e+00,1.340455114841461182e-01,1.915553025901317596e-02,-3.104040399193763733e-02,-4.874600842595100403e-02,-1.339237540960311890e-01,-6.013039126992225647e-02,1.570700049400329590e+00,-5.454574823379516602e-01,-2.243541479110717773e-01,1.444207271561026573e-03
2.456329464912414551e-01,1.559236273169517517e-02,8.664948344230651855e-01,5.379692651331424713e-03,-1.181359286420047283e-03,-2.303080074489116669e-02,9.997195601463317871e-01,1.271827798336744308e-02,4.114357009530067444e-02,2.154779434204101562e-01,1.622192859649658203e-01,-1.558597981929779053e-01,-5.337611213326454163e-02,-5.579808354377746582e-02,-7.301231473684310913e-02,-2.545616328716278076e-01,2.276990264654159546e-01,-1.580293178558349609e-01,4.519554972648620605e-02,1.467252615839242935e-02,1.729215262457728386e-03,-9.506729990243911743e-02,1.469657868146896362e-01,1.849241852760314941e-01,1.570556163787841797e+00,1.349623501300811768e-01,1.929142326116561890e-02,-3.046601265668869019e-02,-4.919854551553726196e-02,-1.346418261528015137e-01,-6.011345982551574707e-02,1.570700049400329590e+00,-5.451166629791259766e-01,-2.226096093654632568e-01,1.324778073467314243e-03
2.455269694328308105e-01,1.559005863964557648e-02,8.664778470993041992e-01,5.366071127355098724e-03,-1.179276267066597939e-03,-2.303628064692020416e-02,9.997195601463317871e-01,1.224356051534414291e-02,4.131828993558883667e-02,2.156745195388793945e-01,1.631611138582229614e-01,-1.563754677772521973e-01,-5.334952101111412048e-02,-5.626073479652404785e-02,-7.309029251337051392e-02,-2.549888193607330322e-01,2.285199612379074097e-01,-1.582340300083160400e-01,4.525161162018775940e-02,1.433253567665815353e-02,1.403517904691398144e-03,-9.555242955684661865e-02,1.476177126169204712e-01,1.857861429452896118e-01,1.570490479469299316e+00,1.353896856307983398e-01,1.888803765177726746e-02,-3.009186498820781708e-02,-4.907667636871337891e-02,-1.351141929626464844e-01,-5.955883860588073730e-02,1.570700049400329590e+00,-5.441031455993652344e-01,-2.205695658922195435e-01,8.171682711690664291e-04
2.454500645399093628e-01,1.559184677898883820e-02,8.663816452026367188e-01,5.352537147700786591e-03,-1.096756430342793465e-03,-2.313476055860519409e-02,9.997174143791198730e-01,1.152358017861843109e-02,4.135998710989952087e-02,2.157168835401535034e-01,1.641065478324890137e-01,-1.567832976579666138e-01,-5.338467657566070557e-02,-5.698323249816894531e-02,-7.327986508607864380e-02,-2.553595304489135742e-01,2.290443331003189087e-01,-1.586417704820632935e-01,4.515870288014411926e-02,1.383252628147602081e-02,1.422409084625542164e-03,-9.575343132019042969e-02,1.482362747192382812e-01,1.865352690219879150e-01,1.570466518402099609e+00,1.356631219387054443e-01,1.807942800223827362e-02,-2.972763217985630035e-02,-4.932377487421035767e-02,-1.357559561729431152e-01,-5.867757648229598999e-02,1.570700049400329590e+00,-5.430034995079040527e-01,-2.184333652257919312e-01,3.534962888807058334e-04
2.453507184982299805e-01,1.551670953631401062e-02,8.663620948791503906e-01,5.380756687372922897e-03,-1.009180326946079731e-03,-2.320328727364540100e-02,9.997158050537109375e-01,1.102701947093009949e-02,4.143257066607475281e-02,2.160966843366622925e-01,1.649204641580581665e-01,-1.570814549922943115e-01,-5.335860326886177063e-02,-5.744413286447525024e-02,-7.337323576211929321e-02,-2.558505833148956299e-01,2.298410981893539429e-01,-1.587277650833129883e-01,4.515640065073966980e-02,1.344241760671138763e-02,1.528845401480793953e-03,-9.587656706571578979e-02,1.482845544815063477e-01,1.865626871585845947e-01,1.570475459098815918e+00,1.352854371070861816e-01,1.746430806815624237e-02,-2.930869720876216888e-02,-4.912129789590835571e-02,-1.361931115388870239e-01,-5.745812505483627319e-02,1.570700049400329590e+00,-5.423281192779541016e-01,-2.169894278049468994e-01,-2.671352995093911886e-04
2.452737689018249512e-01,1.550929434597492218e-02,8.663418292999267578e-01,5.389634985476732254e-03,-9.257041965611279011e-04,-2.329091168940067291e-02,9.997137784957885742e-01,1.024158112704753876e-02,4.153746739029884338e-02,2.164248824119567871e-01,1.656364798545837402e-01,-1.574241966009140015e-01,-5.343373119831085205e-02,-5.814424529671669006e-02,-7.336489111185073853e-02,-2.563565969467163086e-01,2.305820882320404053e-01,-1.589991003274917603e-01,4.522798955440521240e-02,1.309251226484775543e-02,1.506496686488389969e-03,-9.580128639936447144e-02,1.484263986349105835e-01,1.865891814231872559e-01,1.570632338523864746e+00,1.345824003219604492e-01,1.688113063573837280e-02,-2.874125726521015167e-02,-4.922375828027725220e-02,-1.368356645107269287e-01,-5.640836805105209351e-02,1.570700049400329590e+00,-5.425147414207458496e-01,-2.160135954618453979e-01,-7.947280537337064743e-04
2.451032251119613647e-01,1.543218642473220825e-02,8.663304448127746582e-01,5.403877701610326767e-03,-8.409513393417000771e-04,-2.332036569714546204e-02,9.997130632400512695e-01,9.478056803345680237e-03,4.176886007189750671e-02,2.166913300752639771e-01,1.665161401033401489e-01,-1.576202362775802612e-01,-5.357211083173751831e-02,-5.906805023550987244e-02,-7.361468672752380371e-02,-2.568287253379821777e-01,2.315339893102645874e-01,-1.592543274164199829e-01,4.509044811129570007e-02,1.279718056321144104e-02,1.477275625802576542e-03,-9.572606533765792847e-02,1.488723754882812500e-01,1.855759918689727783e-01,1.570670008659362793e+00,1.338971257209777832e-01,1.619327627122402191e-02,-2.845804765820503235e-02,-4.919641837477684021e-02,-1.371297985315322876e-01,-5.521379783749580383e-02,1.570700049400329590e+00,-5.441820621490478516e-01,-2.163411825895309448e-01,-1.156270271167159081e-03
2.449150979518890381e-01,1.542484480887651443e-02,8.663059473037719727e-01,5.436850246042013168e-03,-7.551057497039437294e-04,-2.333493903279304504e-02,9.997126460075378418e-01,8.634160272777080536e-03,4.190680757164955139e-02,2.168342024087905884e-01,1.673411130905151367e-01,-1.577821820974349976e-01,-5.350883677601814270e-02,-5.991273745894432068e-02,-7.368736714124679565e-02,-2.572989761829376221e-01,2.324854731559753418e-01,-1.594423055648803711e-01,4.499861225485801697e-02,1.247300487011671066e-02,1.408418524079024792e-03,-9.546263515949249268e-02,1.490116864442825317e-01,1.839908957481384277e-01,1.570481419563293457e+00,1.331115365028381348e-01,1.514993421733379364e-02,-2.808674424886703491e-02,-4.898419603705406189e-02,-1.370670944452285767e-01,-5.419410020112991333e-02,1.570700049400329590e+00,-5.466188788414001465e-01,-2.173098176717758179e-01,-1.074196421541273594e-03
2.447212785482406616e-01,1.533978246152400970e-02,8.662913441658020020e-01,5.423428956419229507e-03,-6.688056746497750282e-04,-2.340573817491531372e-02,9.997110962867736816e-01,7.808933965861797333e-03,4.206183925271034241e-02,2.170097529888153076e-01,1.682128608226776123e-01,-1.580933481454849243e-01,-5.358976125717163086e-02,-6.080516800284385681e-02,-7.400196045637130737e-02,-2.579538226127624512e-01,2.332784831523895264e-01,-1.598185002803802490e-01,4.488757252693176270e-02,1.243536267429590225e-02,1.082539325580000877e-03,-9.526315331459045410e-02,1.491339951753616333e-01,1.820652931928634644e-01,1.570522546768188477e+00,1.324107646942138672e-01,1.393127162009477615e-02,-2.775421366095542908e-02,-4.890235140919685364e-02,-1.372040808200836182e-01,-5.336276441812515259e-02,1.570700049400329590e+00,-5.490511059761047363e-01,-2.181194573640823364e-01,-1.059227390214800835e-03
2.445223331451416016e-01,1.533968560397624969e-02,8.662688732147216797e-01,5.490181501954793930e-03,-6.683212704956531525e-04,-2.345375530421733856e-02,9.997096061706542969e-01,7.120594382286071777e-03,4.224734008312225342e-02,2.172547876834869385e-01,1.691073626279830933e-01,-1.582146137952804565e-01,-5.361772701144218445e-02,-6.137258559465408325e-02,-7.409076392650604248e-02,-2.584775388240814209e-01,2.341348528861999512e-01,-1.598799824714660645e-01,4.486251622438430786e-02,1.235719863325357437e-02,9.471095399931073189e-04,-9.496532380580902100e-02,1.491121351718902588e-01,1.798127144575119019e-01,1.570691108703613281e+00,1.314988881349563599e-01,1.279646437615156174e-02,-2.748141624033451080e-02,-4.870412498712539673e-02,-1.373009532690048218e-01,-5.218283832073211670e-02,1.570700049400329590e+00,-5.506765842437744141e-01,-2.182885557413101196e-01,-8.680986356921494007e-04
2.443425953388214111e-01,1.525197643786668777e-02,8.662521243095397949e-01,5.517188925296068192e-03,-5.820316146127879620e-04,-2.349158003926277161e-02,9.997086524963378906e-01,6.377655547112226486e-03,4.236505180597305298e-02,2.175001353025436401e-01,1.696976423263549805e-01,-1.582438200712203979e-01,-5.362556502223014832e-02,-6.207573041319847107e-02,-7.437302172183990479e-02,-2.587441205978393555e-01,2.349757701158523560e-01,-1.601164489984512329e-01,4.468779265880584717e-02,1.225904934108257294e-02,1.233009854331612587e-03,-9.447070956230163574e-02,1.484152227640151978e-01,1.781060248613357544e-01,1.570599317550659180e+00,1.303910613059997559e-01,1.166752446442842484e-02,-2.732358872890472412e-02,-4.833177477121353149e-02,-1.373910009860992432e-01,-5.115730687975883484e-02,1.570700049400329590e+00,-5.511032938957214355e-01,-2.173457741737365723e-01,-6.226198165677487850e-04
2.441585958003997803e-01,1.517536770552396774e-02,8.662303090095520020e-01,5.544770509004592896e-03,-4.970353329554200172e-04,-2.357198297977447510e-02,9.997066259384155273e-01,5.818917881697416306e-03,4.241081327199935913e-02,2.179534286260604858e-01,1.701973825693130493e-01,-1.582621783018112183e-01,-5.378301441669464111e-02,-6.290607899427413940e-02,-7.437834143638610840e-02,-2.590432763099670410e-01,2.356973141431808472e-01,-1.603107750415802002e-01,4.465347155928611755e-02,1.190219726413488388e-02,1.178054022602736950e-03,-9.395569562911987305e-02,1.483039259910583496e-01,1.772276610136032104e-01,1.570575237274169922e+00,1.292197853326797485e-01,1.026902906596660614e-02,-2.739071287214756012e-02,-4.781308770179748535e-02,-1.374729871749877930e-01,-4.980021715164184570e-02,1.570700049400329590e+00,-5.504182577133178711e-01,-2.155014276504516602e-01,-4.921132931485772133e-04
2.439745962619781494e-01,1.508852187544107437e-02,8.662120103836059570e-01,5.579202901571989059e-03,-4.968767752870917320e-04,-2.361518144607543945e-02,9.997054338455200195e-01,5.332307424396276474e-03,4.246832057833671570e-02,2.182462364435195923e-01,1.707008183002471924e-01,-1.583154052495956421e-01,-5.385172739624977112e-02,-6.368127465248107910e-02,-7.443315535783767700e-02,-2.591446638107299805e-01,2.364758253097534180e-01,-1.605619639158248901e-01,4.443554952740669250e-02,1.180895883589982986e-02,1.107993070036172867e-03,-9.312605112791061401e-02,1.478410959243774414e-01,1.763376593589782715e-01,1.570693731307983398e+00,1.281423717737197876e-01,8.890539407730102539e-03,-2.750660479068756104e-02,-4.734927043318748474e-02,-1.374167203903198242e-01,-4.930826649069786072e-02,1.570700049400329590e+00,-5.493777394294738770e-01,-2.135451138019561768e-01,-3.498925943858921528e-04
2.437264174222946167e-01,1.499534677714109421e-02,8.661987185478210449e-01,5.635492503643035889e-03,-4.103692481294274330e-04,-2.369969524443149567e-02,9.997031688690185547e-01,4.714967682957649231e-03,4.262777790427207947e-02,2.183463722467422485e-01,1.711855679750442505e-01,-1.582243591547012329e-01,-5.387120321393013000e-02,-6.445799022912979126e-02,-7.458716630935668945e-02,-2.591434121131896973e-01,2.374209910631179810e-01,-1.605540663003921509e-01,4.419875517487525940e-02,1.180500816553831100e-02,1.158551429398357868e-03,-9.254141896963119507e-02,1.472658962011337280e-01,1.761620938777923584e-01,1.570699691772460938e+00,1.275705844163894653e-01,7.568257395178079605e-03,-2.745687589049339294e-02,-4.636051878333091736e-02,-1.377035081386566162e-01,-4.878627136349678040e-02,1.570700049400329590e+00,-5.484860539436340332e-01,-2.118638157844543457e-01,1.281278582609957084e-05
2.435459792613983154e-01,1.499559264630079269e-02,8.661860823631286621e-01,5.655718501657247543e-03,-3.253609465900808573e-04,-2.370299212634563446e-02,9.997029900550842285e-01,4.097698722034692764e-03,4.276926070451736450e-02,2.186683118343353271e-01,1.716779768466949463e-01,-1.583409011363983154e-01,-5.394002050161361694e-02,-6.526175141334533691e-02,-7.475168257951736450e-02,-2.591166198253631592e-01,2.382713258266448975e-01,-1.607954055070877075e-01,4.404392465949058533e-02,1.163413468748331070e-02,1.122050569392740726e-03,-9.173908829689025879e-02,1.468106806278228760e-01,1.759875118732452393e-01,1.570699930191040039e+00,1.272844523191452026e-01,5.932148080319166183e-03,-2.737869508564472198e-02,-4.578622430562973022e-02,-1.377032697200775146e-01,-4.896324127912521362e-02,1.570700049400329590e+00,-5.479179620742797852e-01,-2.105037719011306763e-01,6.431232322938740253e-04
2.433664649724960327e-01,1.491274498403072357e-02,8.661663532257080078e-01,5.685617681592702866e-03,-3.253836475778371096e-04,-2.373629994690418243e-02,9.997020363807678223e-01,3.469498362392187119e-03,4.272127151489257812e-02,2.187841683626174927e-01,1.724044382572174072e-01,-1.583550274372100830e-01,-5.405626446008682251e-02,-6.608063727617263794e-02,-7.481180876493453979e-02,-2.590323984622955322e-01,2.391306161880493164e-01,-1.610110253095626831e-01,4.393575713038444519e-02,1.152712758630514145e-02,1.060364651493728161e-03,-9.093685448169708252e-02,1.460868418216705322e-01,1.761496663093566895e-01,1.570700049400329590e+00,1.275734007358551025e-01,3.974493592977523804e-03,-2.737595327198505402e-02,-4.486937820911407471e-02,-1.376939862966537476e-01,-4.916048794984817505e-02,1.570700049400329590e+00,-5.478235483169555664e-01,-2.096035778522491455e-01,1.359212212264537811e-03
2.431849986314773560e-01,1.483024470508098602e-02,8.661550879478454590e-01,5.722007714211940765e-03,-2.414612827124074101e-04,-2.385324798524379730e-02,9.996990561485290527e-01,2.651905175298452377e-03,4.283486306667327881e-02,2.189893871545791626e-01,1.729499399662017822e-01,-1.584863960742950439e-01,-5.404874682426452637e-02,-6.689839810132980347e-02,-7.505412399768829346e-02,-2.590059638023376465e-01,2.400315254926681519e-01,-1.610877662897109985e-01,4.381522908806800842e-02,1.158293150365352631e-02,1.157210557721555233e-03,-9.026624262332916260e-02,1.453333348035812378e-01,1.763446629047393799e-01,1.570700049400329590e+00,1.280423253774642944e-01,2.325116423889994621e-03,-2.713572047650814056e-02,-4.457084089517593384e-02,-1.379064023494720459e-01,-4.984769970178604126e-02,1.570700049400329590e+00,-5.480995178222656250e-01,-2.091658562421798706e-01,1.928414916619658470e-03
2.429914325475692749e-01,1.482140179723501205e-02,8.661406636238098145e-01,5.759518593549728394e-03,-2.367238339502364397e-04,-2.395700290799140930e-02,9.996963739395141602e-01,2.353504998609423637e-03,4.300308227539062500e-02,2.189970463514328003e-01,1.736104786396026611e-01,-1.583109796047210693e-01,-5.392419546842575073e-02,-6.753021478652954102e-02,-7.505938410758972168e-02,-2.587291300296783447e-01,2.407063990831375122e-01,-1.613099426031112671e-01,4.378158226609230042e-02,1.179235056042671204e-02,1.084134215489029884e-03,-8.932495862245559692e-02,1.446160823106765747e-01,1.764866411685943604e-01,1.570700049400329590e+00,1.284341663122177124e-01,1.012215041555464268e-03,-2.711032144725322723e-02,-4.336899518966674805e-02,-1.377041339874267578e-01,-4.988091066479682922e-02,1.570700049400329590e+00,-5.481069684028625488e-01,-2.092491984367370605e-01,2.212935592979192734e-03
2.428082972764968872e-01,1.482152845710515976e-02,8.661259412765502930e-01,5.777572281658649445e-03,-2.374089381191879511e-04,-2.411478385329246521e-02,9.996924996376037598e-01,1.951801008544862270e-03,4.297816380858421326e-02,2.193417549133300781e-01,1.739265173673629761e-01,-1.583234518766403198e-01,-5.406384170055389404e-02,-6.797929853200912476e-02,-7.508666068315505981e-02,-2.585826218128204346e-01,2.411108016967773438e-01,-1.613847613334655762e-01,4.370206966996192932e-02,1.193293556571006775e-02,1.047381549142301083e-03,-8.817394077777862549e-02,1.441971361637115479e-01,1.763211786746978760e-01,1.570700049400329590e+00,1.285719871520996094e-01,-2.991622604895383120e-04,-2.693093940615653992e-02,-4.264025390148162842e-02,-1.378553956747055054e-01,-4.990494996309280396e-02,1.570700049400329590e+00,-5.482256412506103516e-01,-2.088174223899841309e-01,2.212139312177896500e-03
2.427044361829757690e-01,1.482214592397212982e-02,8.661191463470458984e-01,5.788917653262615204e-03,-2.351754374103620648e-04,-2.426999993622303009e-02,9.996886253356933594e-01,1.784266438335180283e-03,4.299548268318176270e-02,2.196466922760009766e-01,1.741182506084442139e-01,-1.583485901355743408e-01,-5.408077314496040344e-02,-6.833674758672714233e-02,-7.516019791364669800e-02,-2.583555579185485840e-01,2.413634657859802246e-01,-1.613864749670028687e-01,4.353925213217735291e-02,1.224051136523485184e-02,1.022862852551043034e-03,-8.718197047710418701e-02,1.433928161859512329e-01,1.757856905460357666e-01,1.570700049400329590e+00,1.287479996681213379e-01,-1.397793297655880451e-03,-2.689967863261699677e-02,-4.158968478441238403e-02,-1.380038708448410034e-01,-4.993634670972824097e-02,1.570700049400329590e+00,-5.481081008911132812e-01,-2.085454314947128296e-01,1.921333372592926025e-03
2.426212430000305176e-01,1.482045184820890427e-02,8.661146163940429688e-01,5.794804543256759644e-03,-1.515846815891563892e-04,-2.451372705399990082e-02,9.996826648712158203e-01,1.488177920691668987e-03,4.295214638113975525e-02,2.199340760707855225e-01,1.740564852952957153e-01,-1.583505421876907349e-01,-5.406132712960243225e-02,-6.867317855358123779e-02,-7.515763491392135620e-02,-2.578404843807220459e-01,2.414042502641677856e-01,-1.612848192453384399e-01,4.349039122462272644e-02,1.238072104752063751e-02,1.013353001326322556e-03,-8.632275462150573730e-02,1.425398141145706177e-01,1.752535849809646606e-01,1.570700049400329590e+00,1.289276480674743652e-01,-1.825184212066233158e-03,-2.696570754051208496e-02,-4.110779240727424622e-02,-1.379485577344894409e-01,-4.961402714252471924e-02,1.570700049400329590e+00,-5.480479598045349121e-01,-2.082391083240509033e-01,1.739726169034838676e-03
2.425225526094436646e-01,1.482169330120086670e-02,8.661087751388549805e-01,5.791433621197938919e-03,-1.487121335230767727e-04,-2.465705946087837219e-02,9.996792078018188477e-01,1.501946244388818741e-03,4.281278699636459351e-02,2.202959656715393066e-01,1.738647073507308960e-01,-1.582021564245223999e-01,-5.400387197732925415e-02,-6.892830878496170044e-02,-7.505974918603897095e-02,-2.575782239437103271e-01,2.415558546781539917e-01,-1.612154543399810791e-01,4.353689029812812805e-02,1.249129977077245712e-02,1.016090391203761101e-03,-8.554880321025848389e-02,1.418959945440292358e-01,1.743828356266021729e-01,1.570700049400329590e+00,1.289866566658020020e-01,-2.087604952976107597e-03,-2.678460255265235901e-02,-4.011819139122962952e-02,-1.380698382854461670e-01,-4.927492886781692505e-02,1.570700049400329590e+00,-5.476710796356201172e-01,-2.081373333930969238e-01,1.741965184919536114e-03
2.424397617578506470e-01,1.482450310140848160e-02,8.661105632781982422e-01,5.805838853120803833e-03,-1.483693631598725915e-04,-2.484036795794963837e-02,9.996745586395263672e-01,1.532142283394932747e-03,4.278928041458129883e-02,2.205175757408142090e-01,1.737209111452102661e-01,-1.581346094608306885e-01,-5.390379577875137329e-02,-6.907307356595993042e-02,-7.509855180978775024e-02,-2.572249174118041992e-01,2.415597140789031982e-01,-1.609901189804077148e-01,4.350404068827629089e-02,1.285530440509319305e-02,9.877680568024516106e-04,-8.489532023668289185e-02,1.413906812667846680e-01,1.735010743141174316e-01,1.570700049400329590e+00,1.291300505399703979e-01,-2.246244112029671669e-03,-2.680565789341926575e-02,-3.940667957067489624e-02,-1.382175534963607788e-01,-4.929581657052040100e-02,1.570700049400329590e+00,-5.470790863037109375e-01,-2.081009298563003540e-01,1.791032264009118080e-03
2.423526495695114136e-01,1.482616085559129715e-02,8.661149144172668457e-01,5.824458319693803787e-03,-1.489616697654128075e-04,-2.497641183435916901e-02,9.996710419654846191e-01,1.796736381947994232e-03,4.284016415476799011e-02,2.209196835756301880e-01,1.734823286533355713e-01,-1.579502373933792114e-01,-5.382823944091796875e-02,-6.916813552379608154e-02,-7.512772083282470703e-02,-2.569353878498077393e-01,2.414608150720596313e-01,-1.607982516288757324e-01,4.350067302584648132e-02,1.295340154320001602e-02,9.516845457255840302e-04,-8.460063487291336060e-02,1.409546732902526855e-01,1.726410835981369019e-01,1.570700049400329590e+00,1.288260668516159058e-01,-2.452753018587827682e-03,-2.658115141093730927e-02,-3.867949917912483215e-02,-1.381932795047760010e-01,-4.946445301175117493e-02,1.570700049400329590e+00,-5.465249419212341309e-01,-2.083275765180587769e-01,1.705620088614523411e-03
2.423573732376098633e-01,1.482482906430959702e-02,8.661203980445861816e-01,5.840638186782598495e-03,-1.476962206652387977e-04,-2.510495483875274658e-02,9.996677637100219727e-01,1.852938323281705379e-03,4.288117215037345886e-02,2.211915999650955200e-01,1.731964498758316040e-01,-1.577647477388381958e-01,-5.392158776521682739e-02,-6.907174736261367798e-02,-7.510352134704589844e-02,-2.566700875759124756e-01,2.413172721862792969e-01,-1.606886386871337891e-01,4.350984096527099609e-02,1.320899277925491333e-02,7.464842638000845909e-04,-8.416160941123962402e-02,1.405880302190780640e-01,1.715733259916305542e-01,1.570700049400329590e+00,1.283866018056869507e-01,-2.637297613546252251e-03,-2.643952146172523499e-02,-3.794925287365913391e-02,-1.380059719085693359e-01,-4.964360967278480530e-02,1.570700049400329590e+00,-5.458648204803466797e-01,-2.087855935096740723e-01,1.648076577112078667e-03
2.423679530620574951e-01,1.481718104332685471e-02,8.661225438117980957e-01,5.853180773556232452e-03,-6.395672244252637029e-05,-2.523129433393478394e-02,9.996644854545593262e-01,1.905545708723366261e-03,4.282598197460174561e-02,2.214556038379669189e-01,1.728999018669128418e-01,-1.575950086116790771e-01,-5.399607494473457336e-02,-6.925268471240997314e-02,-7.501951605081558228e-02,-2.564507424831390381e-01,2.410989403724670410e-01,-1.605694293975830078e-01,4.348573088645935059e-02,1.328783854842185974e-02,7.230835035443305969e-04,-8.411891013383865356e-02,1.406493186950683594e-01,1.707222312688827515e-01,1.570700049400329590e+00,1.276647150516510010e-01,-3.073893021792173386e-03,-2.624015696346759796e-02,-3.736550733447074890e-02,-1.381776332855224609e-01,-4.984040185809135437e-02,1.570700049400329590e+00,-5.455946326255798340e-01,-2.090772092342376709e-01,1.181498635560274124e-03
2.423623204231262207e-01,1.481332257390022278e-02,8.661251664161682129e-01,5.847758613526821136e-03,-6.233384920051321387e-05,-2.533228509128093719e-02,9.996619820594787598e-01,2.038934500887989998e-03,4.273143410682678223e-02,2.215824276208877563e-01,1.725081503391265869e-01,-1.574344336986541748e-01,-5.401561036705970764e-02,-6.929703056812286377e-02,-7.498696446418762207e-02,-2.562487125396728516e-01,2.407813668251037598e-01,-1.604542285203933716e-01,4.345148429274559021e-02,1.349101215600967407e-02,7.328706560656428337e-04,-8.394550532102584839e-02,1.403934508562088013e-01,1.700325906276702881e-01,1.570700049400329590e+00,1.266163587570190430e-01,-3.309885971248149872e-03,-2.583797462284564972e-02,-3.683990240097045898e-02,-1.381534785032272339e-01,-4.984118416905403137e-02,1.570700049400329590e+00,-5.453633069992065430e-01,-2.091969549655914307e-01,9.944377234205603600e-04
2.422855198383331299e-01,1.481642853468656540e-02,8.662096858024597168e-01,5.852945148944854736e-03,-6.309046875685453415e-05,-2.552956715226173401e-02,9.996569156646728516e-01,2.144982339814305305e-03,4.269700124859809875e-02,2.217952907085418701e-01,1.722748875617980957e-01,-1.572690457105636597e-01,-5.397908762097358704e-02,-6.925182789564132690e-02,-7.497847825288772583e-02,-2.560422718524932861e-01,2.406399548053741455e-01,-1.602302193641662598e-01,4.341674596071243286e-02,1.353850401937961578e-02,7.238487014546990395e-04,-8.347133547067642212e-02,1.404754966497421265e-01,1.696839779615402222e-01,1.570700049400329590e+00,1.259272247552871704e-01,-3.529846901074051857e-03,-2.600975707173347473e-02,-3.644826263189315796e-02,-1.381619423627853394e-01,-5.002422258257865906e-02,1.570700049400329590e+00,-5.454942584037780762e-01,-2.091480195522308350e-01,7.450130651704967022e-04
2.422893196344375610e-01,1.481801271438598633e-02,8.662123680114746094e-01,5.850728601217269897e-03,-6.377544923452660441e-05,-2.562885358929634094e-02,9.996544122695922852e-01,2.317996695637702942e-03,4.265684261918067932e-02,2.220726758241653442e-01,1.720442622900009155e-01,-1.570700854063034058e-01,-5.400823056697845459e-02,-6.924118101596832275e-02,-7.494985312223434448e-02,-2.558418810367584229e-01,2.405419945716857910e-01,-1.601594388484954834e-01,4.342435672879219055e-02,1.356315892189741135e-02,7.278672419488430023e-04,-8.332786709070205688e-02,1.404360979795455933e-01,1.695008724927902222e-01,1.570700049400329590e+00,1.256985664367675781e-01,-3.316362155601382256e-03,-2.621481195092201233e-02,-3.604730218648910522e-02,-1.381711959838867188e-01,-5.021683126688003540e-02,1.570700049400329590e+00,-5.456451773643493652e-01,-2.089883238077163696e-01,6.914641708135604858e-04
2.422204166650772095e-01,1.481666322797536850e-02,8.661367297172546387e-01,5.849910899996757507e-03,-6.359958206303417683e-05,-2.573118731379508972e-02,9.996517896652221680e-01,2.400769852101802826e-03,4.264494404196739197e-02,2.222302705049514771e-01,1.718760430812835693e-01,-1.569318175315856934e-01,-5.390773341059684753e-02,-6.936331838369369507e-02,-7.497014105319976807e-02,-2.555025517940521240e-01,2.404685765504837036e-01,-1.600190252065658569e-01,4.340686649084091187e-02,1.376589015126228333e-02,7.307951455004513264e-04,-8.298758417367935181e-02,1.407153755426406860e-01,1.691559106111526489e-01,1.570700049400329590e+00,1.256223767995834351e-01,-2.980358665809035301e-03,-2.635775320231914520e-02,-3.564736619591712952e-02,-1.381741315126419067e-01,-5.055973678827285767e-02,1.570700049400329590e+00,-5.455430746078491211e-01,-2.090416848659515381e-01,4.738180723506957293e-04
2.421554028987884521e-01,1.481894124299287796e-02,8.662175536155700684e-01,5.858591292053461075e-03,1.913135747599881142e-05,-2.588063478469848633e-02,9.996478557586669922e-01,2.182716736570000648e-03,4.262364283204078674e-02,2.223714143037796021e-01,1.718066632747650146e-01,-1.568586528301239014e-01,-5.388040095567703247e-02,-6.966028362512588501e-02,-7.494816929101943970e-02,-2.552017867565155029e-01,2.404982149600982666e-01,-1.598791629076004028e-01,4.342674463987350464e-02,1.388940028846263885e-02,7.182198460213840008e-04,-8.283758163452148438e-02,1.407013088464736938e-01,1.689717024564743042e-01,1.570700049400329590e+00,1.260569542646408081e-01,-1.972227357327938080e-03,-2.664354071021080017e-02,-3.553785011172294617e-02,-1.382121890783309937e-01,-5.110887438058853149e-02,1.570700049400329590e+00,-5.452361106872558594e-01,-2.091197669506072998e-01,2.156425180146470666e-04
2.419832348823547363e-01,1.474204473197460175e-02,8.662194609642028809e-01,5.864174105226993561e-03,2.007575858442578465e-05,-2.598406001925468445e-02,9.996451735496520996e-01,2.127104671671986580e-03,4.262071475386619568e-02,2.227154523134231567e-01,1.716826409101486206e-01,-1.566861271858215332e-01,-5.391604825854301453e-02,-7.001718878746032715e-02,-7.503385096788406372e-02,-2.549731731414794922e-01,2.405106872320175171e-01,-1.597845852375030518e-01,4.336700588464736938e-02,1.410029176622629166e-02,7.086160476319491863e-04,-8.262336254119873047e-02,1.410366445779800415e-01,1.689752191305160522e-01,1.570700049400329590e+00,1.267716288566589355e-01,-7.650937768630683422e-04,-2.655335143208503723e-02,-3.538345545530319214e-02,-1.382093280553817749e-01,-5.093378573656082153e-02,1.570700049400329590e+00,-5.451275110244750977e-01,-2.093829065561294556e-01,1.177434605779126287e-04
2.418949156999588013e-01,1.475318241864442825e-02,8.662202358245849609e-01,5.875768139958381653e-03,2.032946576946415007e-05,-2.608645707368850708e-02,9.996424317359924316e-01,2.024113899096846581e-03,4.261882230639457703e-02,2.229500114917755127e-01,1.716985851526260376e-01,-1.566113680601119995e-01,-5.387896671891212463e-02,-7.020937651395797729e-02,-7.509925216436386108e-02,-2.547716200351715088e-01,2.406473308801651001e-01,-1.596476733684539795e-01,4.317882657051086426e-02,1.430268865078687668e-02,6.850514328107237816e-04,-8.247207105159759521e-02,1.409969478845596313e-01,1.687836498022079468e-01,1.570700049400329590e+00,1.272163987159729004e-01,8.641731110401451588e-04,-2.634950913488864899e-02,-3.553640469908714294e-02,-1.378879249095916748e-01,-5.112081021070480347e-02,1.570700049400329590e+00,-5.450709462165832520e-01,-2.095080018043518066e-01,-3.304325582575984299e-05
2.418062984943389893e-01,1.474647596478462219e-02,8.662198185920715332e-01,5.903206765651702881e-03,2.073212817776948214e-05,-2.618935331702232361e-02,9.996395707130432129e-01,1.992061035707592964e-03,4.265736788511276245e-02,2.231397777795791626e-01,1.715988814830780029e-01,-1.565061211585998535e-01,-5.391712859272956848e-02,-7.040392607450485229e-02,-7.510474324226379395e-02,-2.545900642871856689e-01,2.409484237432479858e-01,-1.595143526792526245e-01,4.307508841156959534e-02,1.433483883738517761e-02,6.296143401414155960e-04,-8.210302889347076416e-02,1.411616355180740356e-01,1.687748581171035767e-01,1.570700049400329590e+00,1.275777518749237061e-01,2.294697798788547516e-03,-2.613980881869792938e-02,-3.546210005879402161e-02,-1.379213780164718628e-01,-5.149237811565399170e-02,1.570700049400329590e+00,-5.452905297279357910e-01,-2.096337080001831055e-01,-2.618327926029451191e-05
2.417182326316833496e-01,1.466028764843940735e-02,8.662176132202148438e-01,5.932282190769910812e-03,2.035902616626117378e-05,-2.625467814505100250e-02,9.996376633644104004e-01,1.952903694473206997e-03,4.261581972241401672e-02,2.232932299375534058e-01,1.714476794004440308e-01,-1.562248915433883667e-01,-5.402124673128128052e-02,-7.057143002748489380e-02,-7.509158551692962646e-02,-2.544675171375274658e-01,2.410009801387786865e-01,-1.594654917716979980e-01,4.307551309466362000e-02,1.446675043553113937e-02,5.705593503080308437e-04,-8.173943310976028442e-02,1.411434859037399292e-01,1.689351350069046021e-01,1.570700049400329590e+00,1.277953088283538818e-01,3.479721024632453918e-03,-2.619570493698120117e-02,-3.560127690434455872e-02,-1.379469484090805054e-01,-5.168201774358749390e-02,1.570700049400329590e+00,-5.454792380332946777e-01,-2.096734941005706787e-01,-2.261667032144032419e-05
2.416327446699142456e-01,1.466248836368322372e-02,8.662207126617431641e-01,5.952464416623115540e-03,2.162107921321876347e-05,-2.632238157093524933e-02,9.996357560157775879e-01,1.986229559406638145e-03,4.264244437217712402e-02,2.234560102224349976e-01,1.713688373565673828e-01,-1.560477167367935181e-01,-5.403862148523330688e-02,-7.073985785245895386e-02,-7.509748637676239014e-02,-2.542999386787414551e-01,2.411236912012100220e-01,-1.594035178422927856e-01,4.304664209485054016e-02,1.477807015180587769e-02,5.314890295267105103e-04,-8.167596161365509033e-02,1.412108242511749268e-01,1.692782938480377197e-01,1.570700049400329590e+00,1.277279406785964966e-01,4.543425980955362320e-03,-2.652473002672195435e-02,-3.546381741762161255e-02,-1.375962197780609131e-01,-5.152966454625129700e-02,1.570700049400329590e+00,-5.456599593162536621e-01,-2.098229229450225830e-01,-8.595115104981232435e-06
2.415481507778167725e-01,1.457427907735109329e-02,8.662223815917968750e-01,5.987015552818775177e-03,2.146051701856777072e-05,-2.635972201824188232e-02,9.996345639228820801e-01,2.000735141336917877e-03,4.266009479761123657e-02,2.235301434993743896e-01,1.711933761835098267e-01,-1.558933109045028687e-01,-5.416121706366539001e-02,-7.093867659568786621e-02,-7.511520385742187500e-02,-2.542285323143005371e-01,2.412951290607452393e-01,-1.593906432390213013e-01,4.294260218739509583e-02,1.485102903097867966e-02,4.612681805156171322e-04,-8.130872249603271484e-02,1.413486450910568237e-01,1.692694276571273804e-01,1.570700049400329590e+00,1.278119236230850220e-01,5.376643966883420944e-03,-2.709117904305458069e-02,-3.559442982077598572e-02,-1.376261264085769653e-01,-5.171358212828636169e-02,1.570700049400329590e+00,-5.458493828773498535e-01,-2.099291533231735229e-01,9.722347022034227848e-05
2.414696216583251953e-01,1.456943247467279434e-02,8.662225604057312012e-01,6.004760973155498505e-03,1.968431934074033052e-05,-2.644779346883296967e-02,9.996321797370910645e-01,1.876173191703855991e-03,4.266168549656867981e-02,2.235576659440994263e-01,1.710758954286575317e-01,-1.557245701551437378e-01,-5.408604815602302551e-02,-7.113733887672424316e-02,-7.509464770555496216e-02,-2.541092038154602051e-01,2.414666414260864258e-01,-1.593746244907379150e-01,4.290821775794029236e-02,1.485352683812379837e-02,4.250349884387105703e-04,-8.126994967460632324e-02,1.414189189672470093e-01,1.694341897964477539e-01,1.570700049400329590e+00,1.280675232410430908e-01,5.964773241430521011e-03,-2.762443013489246368e-02,-3.572833165526390076e-02,-1.376364827156066895e-01,-5.191066861152648926e-02,1.570700049400329590e+00,-5.460418462753295898e-01,-2.098092585802078247e-01,2.031462936429306865e-04
2.413795590400695801e-01,1.448442880064249039e-02,8.662223219871520996e-01,6.027425639331340790e-03,2.036151454376522452e-05,-2.642100118100643158e-02,9.996327161788940430e-01,1.829919288866221905e-03,4.262443259358406067e-02,2.235253751277923584e-01,1.709252148866653442e-01,-1.554803997278213501e-01,-5.411723256111145020e-02,-7.135719060897827148e-02,-7.509367913007736206e-02,-2.540781199932098389e-01,2.416486889123916626e-01,-1.593976467847824097e-01,4.278551042079925537e-02,1.480043306946754456e-02,3.808504261542111635e-04,-8.090392500162124634e-02,1.415501683950424194e-01,1.694242358207702637e-01,1.570700049400329590e+00,1.285025775432586670e-01,6.171075161546468735e-03,-2.787014655768871307e-02,-3.574170172214508057e-02,-1.374719589948654175e-01,-5.192004889249801636e-02,1.570700049400329590e+00,-5.461171269416809082e-01,-2.100201398134231567e-01,3.003916062880307436e-04
2.412894219160079956e-01,1.440377067774534225e-02,8.662260174751281738e-01,6.066787056624889374e-03,1.820720353862270713e-05,-2.640477381646633148e-02,9.996328949928283691e-01,1.827950123697519302e-03,4.268658533692359924e-02,2.235667705535888672e-01,1.706275790929794312e-01,-1.553197354078292847e-01,-5.421482026576995850e-02,-7.156567275524139404e-02,-7.513952255249023438e-02,-2.542006075382232666e-01,2.418422698974609375e-01,-1.594116389751434326e-01,4.269720613956451416e-02,1.459472626447677612e-02,3.010386717505753040e-04,-8.070764690637588501e-02,1.415357738733291626e-01,1.695823371410369873e-01,1.570613145828247070e+00,1.291150450706481934e-01,6.272379774600267410e-03,-2.816837280988693237e-02,-3.588753193616867065e-02,-1.374987959861755371e-01,-5.194642394781112671e-02,1.570700049400329590e+00,-5.462854504585266113e-01,-2.098720073699951172e-01,4.975973861292004585e-04
2.411343306303024292e-01,1.439000200480222702e-02,8.662242293357849121e-01,6.100745406001806259e-03,1.722986235108692199e-05,-2.638120763003826141e-02,9.996333122253417969e-01,1.728078466840088367e-03,4.266438633203506470e-02,2.235546857118606567e-01,1.705893874168395996e-01,-1.550001353025436401e-01,-5.425758659839630127e-02,-7.187929004430770874e-02,-7.503172755241394043e-02,-2.540698647499084473e-01,2.422106415033340454e-01,-1.594420820474624634e-01,4.267157614231109619e-02,1.454690471291542053e-02,2.329473936697468162e-04,-8.050563931465148926e-02,1.415486484766006470e-01,1.697469353675842285e-01,1.570607542991638184e+00,1.297824531793594360e-01,6.239713169634342194e-03,-2.845137938857078552e-02,-3.589059785008430481e-02,-1.374993473291397095e-01,-5.194813385605812073e-02,1.570700049400329590e+00,-5.462170243263244629e-01,-2.098870277404785156e-01,4.759981820825487375e-04
2.410405129194259644e-01,1.430415362119674683e-02,8.662232160568237305e-01,6.120937876403331757e-03,1.725785659800749272e-05,-2.636580914258956909e-02,9.996336102485656738e-01,1.650510937906801701e-03,4.262465983629226685e-02,2.235349118709564209e-01,1.703442633152008057e-01,-1.547057926654815674e-01,-5.438148230314254761e-02,-7.216142117977142334e-02,-7.513892650604248047e-02,-2.537671029567718506e-01,2.424185872077941895e-01,-1.593775600194931030e-01,4.250629618763923645e-02,1.451610215008258820e-02,1.931886654347181320e-04,-8.015328645706176758e-02,1.413978338241577148e-01,1.699098050594329834e-01,1.570695400238037109e+00,1.301074475049972534e-01,6.337437313050031662e-03,-2.886803448200225830e-02,-3.607226163148880005e-02,-1.371697187423706055e-01,-5.197570100426673889e-02,1.570700049400329590e+00,-5.462304949760437012e-01,-2.100172638893127441e-01,7.215237710624933243e-04
2.409495562314987183e-01,1.429909188300371170e-02,8.662229180335998535e-01,6.166353356093168259e-03,1.603179407538846135e-05,-2.634864859282970428e-02,9.996337890625000000e-01,1.422093017026782036e-03,4.266967251896858215e-02,2.235680818557739258e-01,1.701667457818984985e-01,-1.544982641935348511e-01,-5.431383475661277771e-02,-7.237336784601211548e-02,-7.511050999164581299e-02,-2.536509037017822266e-01,2.427269071340560913e-01,-1.594878286123275757e-01,4.243055358529090881e-02,1.448029372841119766e-02,1.023539516609162092e-04,-7.999171316623687744e-02,1.415064781904220581e-01,1.697371006011962891e-01,1.570639848709106445e+00,1.299661248922348022e-01,6.171563174575567245e-03,-2.956711314618587494e-02,-3.624333441257476807e-02,-1.371746957302093506e-01,-5.197639018297195435e-02,1.570700049400329590e+00,-5.463991761207580566e-01,-2.098197489976882935e-01,1.084888586774468422e-03
2.408510297536849976e-01,1.421599835157394409e-02,8.662232756614685059e-01,6.195208523422479630e-03,1.576021713844966143e-05,-2.632089518010616302e-02,9.996343255043029785e-01,1.423330628313124180e-03,4.268660023808479309e-02,2.236954718828201294e-01,1.701420694589614868e-01,-1.542363613843917847e-01,-5.437223985791206360e-02,-7.257875800132751465e-02,-7.523138821125030518e-02,-2.536557614803314209e-01,2.429996728897094727e-01,-1.596142053604125977e-01,4.227444902062416077e-02,1.442614290863275528e-02,4.451610584510490298e-05,-7.995706796646118164e-02,1.415552049875259399e-01,1.699080318212509155e-01,1.570385813713073730e+00,1.296702623367309570e-01,6.132856477051973343e-03,-3.064787015318870544e-02,-3.640817850828170776e-02,-1.370232552289962769e-01,-5.202118679881095886e-02,1.570700049400329590e+00,-5.464569926261901855e-01,-2.099386751651763916e-01,1.109473872929811478e-03
2.408431023359298706e-01,1.421451102942228317e-02,8.662201762199401855e-01,6.215318571776151657e-03,1.620972034288570285e-05,-2.631839178502559662e-02,9.996342658996582031e-01,1.314278226345777512e-03,4.267576709389686584e-02,2.237897217273712158e-01,1.701927334070205688e-01,-1.541654467582702637e-01,-5.440016835927963257e-02,-7.267669588327407837e-02,-7.529067993164062500e-02,-2.536460459232330322e-01,2.431808114051818848e-01,-1.597141623497009277e-01,4.227751120924949646e-02,1.441949140280485153e-02,4.980532594345277175e-06,-7.996096462011337280e-02,1.415717452764511108e-01,1.699147224426269531e-01,1.570527434349060059e+00,1.292031854391098022e-01,6.332966964691877365e-03,-3.134203702211380005e-02,-3.639912232756614685e-02,-1.366923749446868896e-01,-5.219133570790290833e-02,1.570700049400329590e+00,-5.466160774230957031e-01,-2.101626992225646973e-01,1.267805811949074268e-03
2.407654821872711182e-01,1.421201229095458984e-02,8.662146329879760742e-01,6.240290589630603790e-03,1.540445555292535573e-05,-2.629883214831352234e-02,9.996346235275268555e-01,1.187312183901667595e-03,4.266906157135963440e-02,2.237816751003265381e-01,1.704440116882324219e-01,-1.540243327617645264e-01,-5.438286811113357544e-02,-7.286801934242248535e-02,-7.523401081562042236e-02,-2.536010146141052246e-01,2.433564662933349609e-01,-1.597649753093719482e-01,4.232635721564292908e-02,1.438122708350419998e-02,-4.698180055129341781e-05,-7.974181324243545532e-02,1.415674984455108643e-01,1.700691580772399902e-01,1.570498108863830566e+00,1.290451437234878540e-01,6.589067168533802032e-03,-3.188628703355789185e-02,-3.652950748801231384e-02,-1.367144137620925903e-01,-5.238610878586769104e-02,1.570700049400329590e+00,-5.468145608901977539e-01,-2.101762741804122925e-01,1.510057947598397732e-03
2.407553493976593018e-01,1.420424692332744598e-02,8.662087321281433105e-01,6.249209400266408920e-03,1.401488043484278023e-05,-2.629271894693374634e-02,9.996347427368164062e-01,1.116485567763447762e-03,4.267009347677230835e-02,2.238340079784393311e-01,1.705637872219085693e-01,-1.540327519178390503e-01,-5.441427603363990784e-02,-7.317734509706497192e-02,-7.524377107620239258e-02,-2.536201775074005127e-01,2.436532527208328247e-01,-1.598337143659591675e-01,4.225831106305122375e-02,1.436882372945547104e-02,-6.549011595780029893e-05,-7.994724065065383911e-02,1.414396464824676514e-01,1.700740754604339600e-01,1.570621132850646973e+00,1.292392611503601074e-01,6.419430486857891083e-03,-3.206245601177215576e-02,-3.687366843223571777e-02,-1.367300301790237427e-01,-5.240020528435707092e-02,1.570700049400329590e+00,-5.469124913215637207e-01,-2.100663632154464722e-01,1.756063313223421574e-03
2.406738549470901489e-01,1.412997953593730927e-02,8.662019968032836914e-01,6.263013929128646851e-03,1.465389505028724670e-05,-2.626311592757701874e-02,9.996354579925537109e-01,9.414540254510939121e-04,4.259616136550903320e-02,2.239236980676651001e-01,1.707099229097366333e-01,-1.540120691061019897e-01,-5.456630513072013855e-02,-7.336817681789398193e-02,-7.533585280179977417e-02,-2.535294294357299805e-01,2.440223246812820435e-01,-1.599164605140686035e-01,4.202002659440040588e-02,1.431346777826547623e-02,-9.286613931180909276e-05,-8.004943281412124634e-02,1.413664966821670532e-01,1.705903559923171997e-01,1.570695996284484863e+00,1.295391619205474854e-01,6.389586254954338074e-03,-3.213073685765266418e-02,-3.674980998039245605e-02,-1.367100179195404053e-01,-5.207996815443038940e-02,1.570700049400329590e+00,-5.469574928283691406e-01,-2.099302709102630615e-01,1.852644025348126888e-03
2.405146509408950806e-01,1.413239911198616028e-02,8.662012219429016113e-01,6.282801739871501923e-03,1.246083866135450080e-05,-2.624060772359371185e-02,9.996359348297119141e-01,5.219656159169971943e-04,4.273346439003944397e-02,2.241464555263519287e-01,1.709656864404678345e-01,-1.540504097938537598e-01,-5.456940829753875732e-02,-7.370543479919433594e-02,-7.545781880617141724e-02,-2.533221840858459473e-01,2.443903833627700806e-01,-1.599856764078140259e-01,4.196160286664962769e-02,1.426611002534627914e-02,-1.328717044088989496e-04,-8.032529801130294800e-02,1.412843316793441772e-01,1.711167395114898682e-01,1.570699810981750488e+00,1.297525316476821899e-01,6.212739739567041397e-03,-3.195685148239135742e-02,-3.670863807201385498e-02,-1.367301940917968750e-01,-5.225049331784248352e-02,1.570700049400329590e+00,-5.469748377799987793e-01,-2.098876535892486572e-01,1.885751262307167053e-03
2.403486520051956177e-01,1.404100656509399414e-02,8.661929368972778320e-01,6.328286603093147278e-03,1.106702711695106700e-05,-2.627053111791610718e-02,9.996348619461059570e-01,8.247174264397472143e-05,4.285686090588569641e-02,2.240808606147766113e-01,1.715395748615264893e-01,-1.539557427167892456e-01,-5.452683195471763611e-02,-7.424189150333404541e-02,-7.542432844638824463e-02,-2.531796693801879883e-01,2.450047582387924194e-01,-1.599847227334976196e-01,4.192497953772544861e-02,1.432628184556961060e-02,-2.242246409878134727e-04,-8.062691241502761841e-02,1.410688012838363647e-01,1.716395914554595947e-01,1.570700049400329590e+00,1.295742392539978027e-01,6.210618186742067337e-03,-3.212980553507804871e-02,-3.687832877039909363e-02,-1.367393881082534790e-01,-5.225728824734687805e-02,1.570700049400329590e+00,-5.471156835556030273e-01,-2.098314315080642700e-01,2.001815009862184525e-03
2.401676028966903687e-01,1.403256040066480637e-02,8.661845326423645020e-01,6.335923913866281509e-03,1.204572436108719558e-05,-2.629281766712665558e-02,9.996342062950134277e-01,-4.794633714482188225e-04,4.298897087574005127e-02,2.241769134998321533e-01,1.721381247043609619e-01,-1.539724916219711304e-01,-5.452328547835350037e-02,-7.471029460430145264e-02,-7.552678138017654419e-02,-2.530920207500457764e-01,2.455448508262634277e-01,-1.600275784730911255e-01,4.184730350971221924e-02,1.437027379870414734e-02,-2.393311006017029285e-04,-8.059666305780410767e-02,1.409423500299453735e-01,1.719817817211151123e-01,1.570684909820556641e+00,1.293977200984954834e-01,6.192937958985567093e-03,-3.229261189699172974e-02,-3.688016161322593689e-02,-1.367402672767639160e-01,-5.226464942097663879e-02,1.570700049400329590e+00,-5.471537709236145020e-01,-2.097116559743881226e-01,1.961320405825972557e-03
2.399885952472686768e-01,1.403797976672649384e-02,8.661764264106750488e-01,6.318273954093456268e-03,1.190944658446824178e-05,-2.638900838792324066e-02,9.996317625045776367e-01,-1.168440328910946846e-03,4.303871840238571167e-02,2.244193702936172485e-01,1.729418039321899414e-01,-1.542001515626907349e-01,-5.456193909049034119e-02,-7.526797056198120117e-02,-7.570549100637435913e-02,-2.528681159019470215e-01,2.460237443447113037e-01,-1.601428836584091187e-01,4.171810671687126160e-02,1.456037815660238266e-02,-2.045110450126230717e-04,-8.079348504543304443e-02,1.408008933067321777e-01,1.719805449247360229e-01,1.570699214935302734e+00,1.298145651817321777e-01,6.400714628398418427e-03,-3.224106878042221069e-02,-3.687818720936775208e-02,-1.367404460906982422e-01,-5.226298421621322632e-02,1.570700049400329590e+00,-5.470596551895141602e-01,-2.096315473318099976e-01,2.068485831841826439e-03
2.397203594446182251e-01,1.404698658734560013e-02,8.661611676216125488e-01,6.328169256448745728e-03,1.216345117427408695e-05,-2.644946426153182983e-02,9.996300935745239258e-01,-1.820874400436878204e-03,4.308369383215904236e-02,2.247261852025985718e-01,1.737231612205505371e-01,-1.542984694242477417e-01,-5.448559299111366272e-02,-7.580451667308807373e-02,-7.568946480751037598e-02,-2.527164220809936523e-01,2.464319467544555664e-01,-1.600576192140579224e-01,4.177320376038551331e-02,1.468031946569681168e-02,-2.219341840827837586e-04,-8.085533231496810913e-02,1.407735198736190796e-01,1.716418266296386719e-01,1.570699930191040039e+00,1.301878392696380615e-01,6.289739627391099930e-03,-3.194783255457878113e-02,-3.688927367329597473e-02,-1.364067941904067993e-01,-5.226005613803863525e-02,1.570700049400329590e+00,-5.470629930496215820e-01,-2.097843885421752930e-01,2.295906655490398407e-03
2.395293861627578735e-01,1.412056945264339447e-02,8.661469817161560059e-01,6.319506093859672546e-03,1.387547672493383288e-05,-2.654493600130081177e-02,9.996276497840881348e-01,-2.227176213636994362e-03,4.312961176037788391e-02,2.251131981611251831e-01,1.743875443935394287e-01,-1.543916910886764526e-01,-5.438310652971267700e-02,-7.616028934717178345e-02,-7.564731687307357788e-02,-2.525480389595031738e-01,2.468038201332092285e-01,-1.598872989416122437e-01,4.173723608255386353e-02,1.487100403755903244e-02,-2.066685410682111979e-04,-8.089397102594375610e-02,1.407293379306793213e-01,1.713183373212814331e-01,1.570700049400329590e+00,1.310224533081054688e-01,6.362362299114465714e-03,-3.174421191215515137e-02,-3.705665841698646545e-02,-1.364171653985977173e-01,-5.228821933269500732e-02,1.570700049400329590e+00,-5.471788644790649414e-01,-2.098759859800338745e-01,2.250450663268566132e-03
2.393579334020614624e-01,1.412280835211277008e-02,8.661403656005859375e-01,6.317602936178445816e-03,1.470657662139274180e-05,-2.663825452327728271e-02,9.996251463890075684e-01,-2.673623850569128990e-03,4.324105381965637207e-02,2.252563536167144775e-01,1.749216616153717041e-01,-1.545488983392715454e-01,-5.435919389128684998e-02,-7.659518718719482422e-02,-7.571479678153991699e-02,-2.522803544998168945e-01,2.470762133598327637e-01,-1.598015725612640381e-01,4.155514016747474670e-02,1.505687274038791656e-02,-2.025737921940162778e-04,-8.095854520797729492e-02,1.407239437103271484e-01,1.709758192300796509e-01,1.570700049400329590e+00,1.316427439451217651e-01,6.421842612326145172e-03,-3.137194365262985229e-02,-3.702855482697486877e-02,-1.364221572875976562e-01,-5.246008932590484619e-02,1.570700049400329590e+00,-5.473314523696899414e-01,-2.100239694118499756e-01,2.233922248706221581e-03
2.391786426305770874e-01,1.404373068362474442e-02,8.661329746246337891e-01,6.336441729217767715e-03,1.436271395505173132e-05,-2.675099112093448639e-02,9.996220469474792480e-01,-3.179801627993583679e-03,4.334450140595436096e-02,2.254676073789596558e-01,1.756398975849151611e-01,-1.546006053686141968e-01,-5.435841530561447144e-02,-7.717002183198928833e-02,-7.573087513446807861e-02,-2.521764338016510010e-01,2.473201006650924683e-01,-1.597329080104827881e-01,4.152485728263854980e-02,1.528301462531089783e-02,-2.409809385426342487e-04,-8.102578669786453247e-02,1.405502557754516602e-01,1.708040833473205566e-01,1.570700049400329590e+00,1.318362653255462646e-01,6.592117249965667725e-03,-3.133516013622283936e-02,-3.716643154621124268e-02,-1.364436596632003784e-01,-5.264086648821830750e-02,1.570700049400329590e+00,-5.475109815597534180e-01,-2.098883837461471558e-01,2.328384434804320335e-03
2.389091402292251587e-01,1.404057536274194717e-02,8.661255836486816406e-01,6.343113258481025696e-03,1.558373151056002825e-05,-2.687962166965007782e-02,9.996185302734375000e-01,-3.589651547372341156e-03,4.349008202552795410e-02,2.257320582866668701e-01,1.760637164115905762e-01,-1.545966863632202148e-01,-5.438581109046936035e-02,-7.760074734687805176e-02,-7.572708278894424438e-02,-2.519703805446624756e-01,2.477056086063385010e-01,-1.595315486192703247e-01,4.146152734756469727e-02,1.554105430841445923e-02,-2.541988797020167112e-04,-8.105734735727310181e-02,1.405506432056427002e-01,1.706350892782211304e-01,1.570700049400329590e+00,1.318999081850051880e-01,6.614909972995519638e-03,-3.120888955891132355e-02,-3.717018663883209229e-02,-1.364453732967376709e-01,-5.264574289321899414e-02,1.570700049400329590e+00,-5.472320318222045898e-01,-2.098227888345718384e-01,2.510585589334368706e-03
2.387285381555557251e-01,1.395548786967992783e-02,8.661192655563354492e-01,6.343374960124492645e-03,1.601097756065428257e-05,-2.696549333631992340e-02,9.996162652969360352e-01,-4.151729866862297058e-03,4.355678707361221313e-02,2.257587611675262451e-01,1.763400882482528687e-01,-1.546391397714614868e-01,-5.444984883069992065e-02,-7.804126292467117310e-02,-7.580465823411941528e-02,-2.517740428447723389e-01,2.480038553476333618e-01,-1.594586670398712158e-01,4.137350991368293762e-02,1.571246422827243805e-02,-2.564822498243302107e-04,-8.105845004320144653e-02,1.403591185808181763e-01,1.704703718423843384e-01,1.570700049400329590e+00,1.316779851913452148e-01,6.851617246866226196e-03,-3.113374300301074982e-02,-3.728860616683959961e-02,-1.366401165723800659e-01,-5.282577499747276306e-02,1.570700049400329590e+00,-5.469421148300170898e-01,-2.098378837108612061e-01,2.793008461594581604e-03
2.385408878326416016e-01,1.396197266876697540e-02,8.661081790924072266e-01,6.356703583151102066e-03,1.725146285025402904e-05,-2.699551172554492950e-02,9.996153712272644043e-01,-4.469712264835834503e-03,4.359121248126029968e-02,2.258127927780151367e-01,1.765620559453964233e-01,-1.545077115297317505e-01,-5.440204218029975891e-02,-7.838954031467437744e-02,-7.573337852954864502e-02,-2.519097924232482910e-01,2.481678873300552368e-01,-1.593004167079925537e-01,4.127104952931404114e-02,1.577370427548885345e-02,-2.829829172696918249e-04,-8.095480501651763916e-02,1.401604562997817993e-01,1.702879071235656738e-01,1.570700049400329590e+00,1.317251175642013550e-01,7.049190811812877655e-03,-3.111091442406177521e-02,-3.728798404335975647e-02,-1.368172317743301392e-01,-5.284002423286437988e-02,1.570700049400329590e+00,-5.462483167648315430e-01,-2.097953259944915771e-01,2.760368864983320236e-03
2.384397089481353760e-01,1.395337563008069992e-02,8.661015629768371582e-01,6.369453389197587967e-03,1.818580130930058658e-05,-2.702560089528560638e-02,9.996144771575927734e-01,-4.740062169730663300e-03,4.363272711634635925e-02,2.258733063936233521e-01,1.767072826623916626e-01,-1.542886793613433838e-01,-5.441392958164215088e-02,-7.862010598182678223e-02,-7.570799440145492554e-02,-2.520519793033599854e-01,2.483806908130645752e-01,-1.591018438339233398e-01,4.117162153124809265e-02,1.583499461412429810e-02,-3.049441147595643997e-04,-8.078186959028244019e-02,1.404883265495300293e-01,1.702713370323181152e-01,1.570700049400329590e+00,1.322125494480133057e-01,7.278104312717914581e-03,-3.122022375464439392e-02,-3.730487078428268433e-02,-1.366491317749023438e-01,-5.284954980015754700e-02,1.570700049400329590e+00,-5.458031296730041504e-01,-2.097199410200119019e-01,2.833612496033310890e-03
2.382672578096389771e-01,1.394843310117721558e-02,8.660975098609924316e-01,6.372670177370309830e-03,1.732729833747725934e-05,-2.708645351231098175e-02,9.996128082275390625e-01,-4.979248158633708954e-03,4.368459805846214294e-02,2.259891927242279053e-01,1.767767369747161865e-01,-1.540766656398773193e-01,-5.442661419510841370e-02,-7.882218062877655029e-02,-7.573118805885314941e-02,-2.520487606525421143e-01,2.485822141170501709e-01,-1.589757204055786133e-01,4.112300276756286621e-02,1.595622487366199493e-02,-3.146171802654862404e-04,-8.094688504934310913e-02,1.403746753931045532e-01,1.704455316066741943e-01,1.570700049400329590e+00,1.328269541263580322e-01,7.828098721802234650e-03,-3.160154819488525391e-02,-3.744493797421455383e-02,-1.366687417030334473e-01,-5.302916839718818665e-02,1.570700049400329590e+00,-5.455448627471923828e-01,-2.096974998712539673e-01,2.843138994649052620e-03
2.380231022834777832e-01,1.387389097362756729e-02,8.661750555038452148e-01,6.365257780998945236e-03,1.599426286702509969e-05,-2.713090553879737854e-02,9.996116161346435547e-01,-5.252573173493146896e-03,4.377093166112899780e-02,2.260923087596893311e-01,1.770034432411193848e-01,-1.538995206356048584e-01,-5.444148927927017212e-02,-7.926972955465316772e-02,-7.590237259864807129e-02,-2.520848512649536133e-01,2.487302422523498535e-01,-1.589179784059524536e-01,4.087545722723007202e-02,1.587390527129173279e-02,-4.708779160864651203e-04,-8.106379210948944092e-02,1.406361162662506104e-01,1.707818061113357544e-01,1.570574283599853516e+00,1.336001157760620117e-01,8.446346968412399292e-03,-3.198435902595520020e-02,-3.746386617422103882e-02,-1.364922523498535156e-01,-5.288269370794296265e-02,1.570700049400329590e+00,-5.454667210578918457e-01,-2.096895873546600342e-01,2.837168751284480095e-03
2.378268092870712280e-01,1.386811118572950363e-02,8.660852909088134766e-01,6.393828429281711578e-03,-1.539857767056673765e-04,-2.720301970839500427e-02,9.996094703674316406e-01,-5.325626116245985031e-03,4.381144791841506958e-02,2.262290567159652710e-01,1.773898303508758545e-01,-1.537526398897171021e-01,-5.430310592055320740e-02,-7.951523363590240479e-02,-7.584637403488159180e-02,-2.522026896476745605e-01,2.490760833024978638e-01,-1.588640660047531128e-01,4.092905670404434204e-02,1.601709425449371338e-02,-5.357761983759701252e-04,-8.103654533624649048e-02,1.405021399259567261e-01,1.707963943481445312e-01,1.570661664009094238e+00,1.341833472251892090e-01,9.103311225771903992e-03,-3.238938003778457642e-02,-3.727685287594795227e-02,-1.366561353206634521e-01,-5.287957936525344849e-02,1.570700049400329590e+00,-5.454572439193725586e-01,-2.096635848283767700e-01,2.957038115710020065e-03
2.375916242599487305e-01,1.379240117967128754e-02,8.661568164825439453e-01,6.410297472029924393e-03,-1.577943330630660057e-04,-2.726835012435913086e-02,9.996075630187988281e-01,-5.967689678072929382e-03,4.385378956794738770e-02,2.263514995574951172e-01,1.776533573865890503e-01,-1.536839902400970459e-01,-5.439753085374832153e-02,-7.989822328090667725e-02,-7.594151794910430908e-02,-2.519817054271697998e-01,2.493052035570144653e-01,-1.586969643831253052e-01,4.060322418808937073e-02,1.614693738520145416e-02,-5.684467614628374577e-04,-8.139761537313461304e-02,1.403882503509521484e-01,1.708041578531265259e-01,1.570698142051696777e+00,1.346011310815811157e-01,9.553113020956516266e-03,-3.250660002231597900e-02,-3.740851208567619324e-02,-1.366797387599945068e-01,-5.305931344628334045e-02,1.570700049400329590e+00,-5.455777049064636230e-01,-2.095160335302352905e-01,2.976616611704230309e-03
2.373358309268951416e-01,1.378634013235569000e-02,8.661475777626037598e-01,6.419145967811346054e-03,-7.201797416200861335e-05,-2.734354697167873383e-02,9.996054768562316895e-01,-6.524863652884960175e-03,4.391719773411750793e-02,2.264995723962783813e-01,1.780174672603607178e-01,-1.535363942384719849e-01,-5.436030402779579163e-02,-8.047313988208770752e-02,-7.589720189571380615e-02,-2.518469691276550293e-01,2.496354579925537109e-01,-1.584320366382598877e-01,4.051455110311508179e-02,1.629772223532199860e-02,-5.805449327453970909e-04,-8.157838881015777588e-02,1.402680277824401855e-01,1.709748953580856323e-01,1.570699930191040039e+00,1.349726617336273193e-01,9.709959849715232849e-03,-3.250560909509658813e-02,-3.742170333862304688e-02,-1.366862952709197998e-01,-5.307336524128913879e-02,1.570700049400329590e+00,-5.453953742980957031e-01,-2.095478326082229614e-01,3.115234198048710823e-03
2.371404021978378296e-01,1.378604490309953690e-02,8.661341667175292969e-01,6.409365683794021606e-03,-1.564213016536086798e-04,-2.743680030107498169e-02,9.996029734611511230e-01,-6.803927477449178696e-03,4.396177083253860474e-02,2.266949415206909180e-01,1.786089837551116943e-01,-1.534570604562759399e-01,-5.429917573928833008e-02,-8.075942099094390869e-02,-7.579451799392700195e-02,-2.517269849777221680e-01,2.500227093696594238e-01,-1.583448648452758789e-01,4.053280875086784363e-02,1.631325669586658478e-02,-9.070264641195535660e-04,-8.171390742063522339e-02,1.406744569540023804e-01,1.712989658117294312e-01,1.570700049400329590e+00,1.350876539945602417e-01,9.825939312577247620e-03,-3.239259496331214905e-02,-3.746213391423225403e-02,-1.363384574651718140e-01,-5.291534960269927979e-02,1.570700049400329590e+00,-5.452122688293457031e-01,-2.097391635179519653e-01,3.056759247556328773e-03
2.370475381612777710e-01,1.386063825339078903e-02,8.661252856254577637e-01,6.411414593458175659e-03,-1.569159212522208691e-04,-2.756843529641628265e-02,9.995993375778198242e-01,-7.238407153636217117e-03,4.406766965985298157e-02,2.267915010452270508e-01,1.790818274021148682e-01,-1.535577327013015747e-01,-5.422022938728332520e-02,-8.105929940938949585e-02,-7.583008706569671631e-02,-2.514723837375640869e-01,2.501941025257110596e-01,-1.582748144865036011e-01,4.051890969276428223e-02,1.639955490827560425e-02,-9.182516951113939285e-04,-8.185329288244247437e-02,1.405384242534637451e-01,1.713454574346542358e-01,1.570700049400329590e+00,1.352361291646957397e-01,9.961890988051891327e-03,-3.270208463072776794e-02,-3.745444491505622864e-02,-1.366697996854782104e-01,-5.289883166551589966e-02,1.570700049400329590e+00,-5.451306700706481934e-01,-2.098524570465087891e-01,2.876472193747758865e-03
2.368690371513366699e-01,1.386228855699300766e-02,8.661178350448608398e-01,6.398010533303022385e-03,-1.593316992511972785e-04,-2.767972834408283234e-02,9.995963573455810547e-01,-7.535526063293218613e-03,4.416450858116149902e-02,2.269856929779052734e-01,1.794840097427368164e-01,-1.535659730434417725e-01,-5.421709269285202026e-02,-8.154772967100143433e-02,-7.590628415346145630e-02,-2.514562010765075684e-01,2.503577768802642822e-01,-1.581958681344985962e-01,4.036859795451164246e-02,1.627722568809986115e-02,-1.058779424056410789e-03,-8.190599083900451660e-02,1.409675180912017822e-01,1.720021814107894897e-01,1.570613384246826172e+00,1.355173140764236450e-01,9.963871911168098450e-03,-3.308744728565216064e-02,-3.779060393571853638e-02,-1.360177546739578247e-01,-5.293801054358482361e-02,1.570700049400329590e+00,-5.452141761779785156e-01,-2.099865972995758057e-01,2.794646192342042923e-03
2.366822808980941772e-01,1.386549510061740875e-02,8.661108016967773438e-01,6.399643141776323318e-03,-3.319436800666153431e-04,-2.774717099964618683e-02,9.995944499969482422e-01,-7.752861827611923218e-03,4.422824084758758545e-02,2.271248400211334229e-01,1.801628917455673218e-01,-1.536785364151000977e-01,-5.420592427253723145e-02,-8.170717954635620117e-02,-7.600630819797515869e-02,-2.511634230613708496e-01,2.508063912391662598e-01,-1.580727249383926392e-01,4.024846851825714111e-02,1.641235314309597015e-02,-1.065916963852941990e-03,-8.219236880540847778e-02,1.409378498792648315e-01,1.725322008132934570e-01,1.570661664009094238e+00,1.358456164598464966e-01,1.000019628554582596e-02,-3.332079201936721802e-02,-3.795789554715156555e-02,-1.361861526966094971e-01,-5.293075367808341980e-02,1.570700049400329590e+00,-5.454670786857604980e-01,-2.099374085664749146e-01,2.726558595895767212e-03
2.365148812532424927e-01,1.378630101680755615e-02,8.660992383956909180e-01,6.408072542399168015e-03,-3.366875462234020233e-04,-2.794738672673702240e-02,9.995887875556945801e-01,-8.189576677978038788e-03,4.432097077369689941e-02,2.273259609937667847e-01,1.806924641132354736e-01,-1.537957489490509033e-01,-5.420924723148345947e-02,-8.211253583431243896e-02,-7.601512223482131958e-02,-2.509444355964660645e-01,2.512083351612091064e-01,-1.580066978931427002e-01,4.014619812369346619e-02,1.629196107387542725e-02,-1.254647620953619480e-03,-8.274471014738082886e-02,1.410906165838241577e-01,1.735603064298629761e-01,1.570698022842407227e+00,1.361679136753082275e-01,1.033680979162454605e-02,-3.364505991339683533e-02,-3.827300667762756348e-02,-1.360413134098052979e-01,-5.309885740280151367e-02,1.570700049400329590e+00,-5.460183024406433105e-01,-2.099200785160064697e-01,2.686826512217521667e-03
2.363421767950057983e-01,1.377515401691198349e-02,8.660897612571716309e-01,6.431205663830041885e-03,-3.380805137567222118e-04,-2.802874147891998291e-02,9.995863437652587891e-01,-8.736805059015750885e-03,4.450957477092742920e-02,2.276126295328140259e-01,1.812876462936401367e-01,-1.539006531238555908e-01,-5.408005788922309875e-02,-8.257400989532470703e-02,-7.594628632068634033e-02,-2.506183683872222900e-01,2.514868378639221191e-01,-1.579256951808929443e-01,4.021512717008590698e-02,1.627833954989910126e-02,-1.304371398873627186e-03,-8.316037803888320923e-02,1.410435289144515991e-01,1.742581129074096680e-01,1.570696115493774414e+00,1.366136819124221802e-01,1.093073654919862747e-02,-3.382762894034385681e-02,-3.875719010829925537e-02,-1.362444758415222168e-01,-5.325988307595252991e-02,1.570700049400329590e+00,-5.464356541633605957e-01,-2.097419798374176025e-01,2.742804121226072311e-03
2.361633926630020142e-01,1.377541292458772659e-02,8.660809397697448730e-01,6.394462659955024719e-03,-3.386219323147088289e-04,-2.813000045716762543e-02,9.995837807655334473e-01,-9.241030551493167877e-03,4.454667866230010986e-02,2.278250306844711304e-01,1.818290352821350098e-01,-1.539558768272399902e-01,-5.412986129522323608e-02,-8.306567370891571045e-02,-7.603574544191360474e-02,-2.503529191017150879e-01,2.519336044788360596e-01,-1.578683406114578247e-01,4.006735235452651978e-02,1.613238640129566193e-02,-1.231689937412738800e-03,-8.352722972631454468e-02,1.409948766231536865e-01,1.751504689455032349e-01,1.570623517036437988e+00,1.372250616550445557e-01,1.136211864650249481e-02,-3.391864150762557983e-02,-3.902290761470794678e-02,-1.364608258008956909e-01,-5.360197648406028748e-02,1.570700049400329590e+00,-5.470663905143737793e-01,-2.093862593173980713e-01,2.943006809800863266e-03
2.360522150993347168e-01,1.377713866531848907e-02,8.660697340965270996e-01,6.372233387082815170e-03,-4.234215593896806240e-04,-2.824852988123893738e-02,9.995805025100708008e-01,-9.477643296122550964e-03,4.459673166275024414e-02,2.280172705650329590e-01,1.822635978460311890e-01,-1.540651619434356689e-01,-5.406626313924789429e-02,-8.336949348449707031e-02,-7.605943083763122559e-02,-2.499507963657379150e-01,2.523986697196960449e-01,-1.578626483678817749e-01,4.005146771669387817e-02,1.619251258671283722e-02,-1.361692324280738831e-03,-8.405474573373794556e-02,1.409176588058471680e-01,1.754881143569946289e-01,1.570665240287780762e+00,1.374107003211975098e-01,1.183959562331438065e-02,-3.390389308333396912e-02,-3.914861381053924561e-02,-1.363277435302734375e-01,-5.395797640085220337e-02,1.570700049400329590e+00,-5.476603507995605469e-01,-2.091875970363616943e-01,3.237481229007244110e-03
2.358839362859725952e-01,1.377528067678213120e-02,8.660580515861511230e-01,6.387476343661546707e-03,-4.274082602933049202e-04,-2.849453128874301910e-02,9.995734691619873047e-01,-9.741088375449180603e-03,4.460964724421501160e-02,2.283081710338592529e-01,1.827169209718704224e-01,-1.540689319372177124e-01,-5.400589853525161743e-02,-8.383468538522720337e-02,-7.604476809501647949e-02,-2.496403157711029053e-01,2.527333498001098633e-01,-1.577540934085845947e-01,4.002634808421134949e-02,1.616432517766952515e-02,-1.389418030157685280e-03,-8.443216234445571899e-02,1.410214155912399292e-01,1.760331541299819946e-01,1.570698261260986328e+00,1.379489451646804810e-01,1.194300223141908646e-02,-3.368896618485450745e-02,-3.947698697447776794e-02,-1.363629251718521118e-01,-5.395489558577537537e-02,1.570700049400329590e+00,-5.481137037277221680e-01,-2.090831249952316284e-01,3.453794168308377266e-03
2.357959151268005371e-01,1.377523783594369888e-02,8.660508394241333008e-01,6.391790229827165604e-03,-3.411770157981663942e-04,-2.862105891108512878e-02,9.995698332786560059e-01,-1.005059201270341873e-02,4.464282095432281494e-02,2.287002652883529663e-01,1.830511987209320068e-01,-1.541078239679336548e-01,-5.398859456181526184e-02,-8.427929133176803589e-02,-7.606438547372817993e-02,-2.493607550859451294e-01,2.529900074005126953e-01,-1.577300727367401123e-01,3.998624160885810852e-02,1.623968593776226044e-02,-1.397297950461506844e-03,-8.471191674470901489e-02,1.410811394453048706e-01,1.763818562030792236e-01,1.570699930191040039e+00,1.387336254119873047e-01,1.166822481900453568e-02,-3.335839882493019104e-02,-3.976602107286453247e-02,-1.365672498941421509e-01,-5.412952974438667297e-02,1.570700049400329590e+00,-5.486006736755371094e-01,-2.088419198989868164e-01,3.355015767738223076e-03
2.356203943490982056e-01,1.377788465470075607e-02,8.660423755645751953e-01,6.409762892872095108e-03,-4.272025253158062696e-04,-2.879154868423938751e-02,9.995647668838500977e-01,-1.038131862878799438e-02,4.472761601209640503e-02,2.289097160100936890e-01,1.835347115993499756e-01,-1.542048603296279907e-01,-5.396034568548202515e-02,-8.447045832872390747e-02,-7.599526643753051758e-02,-2.490220516920089722e-01,2.531660497188568115e-01,-1.576169729232788086e-01,3.990808874368667603e-02,1.640775054693222046e-02,-1.607375568710267544e-03,-8.504942059516906738e-02,1.411493420600891113e-01,1.767100840806961060e-01,1.570653080940246582e+00,1.397106200456619263e-01,1.118634175509214401e-02,-3.323077037930488586e-02,-4.012429341673851013e-02,-1.364017426967620850e-01,-5.413526669144630432e-02,1.570700049400329590e+00,-5.486154556274414062e-01,-2.089500725269317627e-01,3.248582128435373306e-03
2.355281859636306763e-01,1.377426087856292725e-02,8.660419583320617676e-01,6.409493740648031235e-03,-4.280146386008709669e-04,-2.889466844499111176e-02,9.995618462562561035e-01,-1.063938997685909271e-02,4.487950354814529419e-02,2.292235940694808960e-01,1.838991045951843262e-01,-1.542892605066299438e-01,-5.410813912749290466e-02,-8.476449549198150635e-02,-7.611524313688278198e-02,-2.488225549459457397e-01,2.535719275474548340e-01,-1.575231254100799561e-01,3.973682224750518799e-02,1.643620058894157410e-02,-1.609369530342519283e-03,-8.560431003570556641e-02,1.411911398172378540e-01,1.765509098768234253e-01,1.570697665214538574e+00,1.403837203979492188e-01,1.072516851127147675e-02,-3.321508318185806274e-02,-4.040291532874107361e-02,-1.366193592548370361e-01,-5.448362603783607483e-02,1.570700049400329590e+00,-5.487014651298522949e-01,-2.089499533176422119e-01,2.982247620820999146e-03
2.353575229644775391e-01,1.377246621996164322e-02,8.660371303558349609e-01,6.408031564205884933e-03,-4.280792200006544590e-04,-2.900026366114616394e-02,9.995587468147277832e-01,-1.089798845350742340e-02,4.495270922780036926e-02,2.294528037309646606e-01,1.842039674520492554e-01,-1.543225198984146118e-01,-5.417419970035552979e-02,-8.520095050334930420e-02,-7.619250565767288208e-02,-2.486030459403991699e-01,2.537471652030944824e-01,-1.574962437152862549e-01,3.970515727996826172e-02,1.664349995553493500e-02,-1.606971491128206253e-03,-8.621928840875625610e-02,1.411315500736236572e-01,1.757100671529769897e-01,1.570699930191040039e+00,1.408442258834838867e-01,1.015003118664026260e-02,-3.336184471845626831e-02,-4.066415131092071533e-02,-1.368298828601837158e-01,-5.484292283654212952e-02,1.570700049400329590e+00,-5.484632849693298340e-01,-2.088290303945541382e-01,2.818030538037419319e-03
2.351840734481811523e-01,1.376949716359376907e-02,8.660301566123962402e-01,6.429043598473072052e-03,-4.286854818928986788e-04,-2.921966649591922760e-02,9.995522499084472656e-01,-1.124992966651916504e-02,4.500394314527511597e-02,2.295675426721572876e-01,1.845608502626419067e-01,-1.543813645839691162e-01,-5.418353527784347534e-02,-8.561868965625762939e-02,-7.607313990592956543e-02,-2.482265233993530273e-01,2.540746033191680908e-01,-1.573657989501953125e-01,3.971471637487411499e-02,1.673639193177223206e-02,-1.819790340960025787e-03,-8.664561063051223755e-02,1.414141654968261719e-01,1.751767694950103760e-01,1.570661306381225586e+00,1.412361562252044678e-01,9.514256380498409271e-03,-3.353352472186088562e-02,-4.080516472458839417e-02,-1.366957128047943115e-01,-5.502469837665557861e-02,1.570700049400329590e+00,-5.483939647674560547e-01,-2.085257172584533691e-01,2.877204446122050285e-03
2.350855767726898193e-01,1.376500353217124939e-02,8.660267591476440430e-01,6.439056247472763062e-03,-4.279946442693471909e-04,-2.933415025472640991e-02,9.995488524436950684e-01,-1.161584723740816116e-02,4.508659988641738892e-02,2.299159467220306396e-01,1.850867867469787598e-01,-1.543908417224884033e-01,-5.418715626001358032e-02,-8.592381328344345093e-02,-7.612557709217071533e-02,-2.479515373706817627e-01,2.542511820793151855e-01,-1.573007255792617798e-01,3.964127972722053528e-02,1.696400530636310577e-02,-1.843871083110570908e-03,-8.712408691644668579e-02,1.413648277521133423e-01,1.744829267263412476e-01,1.570698022842407227e+00,1.417199373245239258e-01,9.112252853810787201e-03,-3.364449366927146912e-02,-4.111854732036590576e-02,-1.368967592716217041e-01,-5.521257966756820679e-02,1.570700049400329590e+00,-5.485028028488159180e-01,-2.082780450582504272e-01,2.956468379124999046e-03
2.349136322736740112e-01,1.376750413328409195e-02,8.660214543342590332e-01,6.420394871383905411e-03,-4.280861758161336184e-04,-2.943133935332298279e-02,9.995461106300354004e-01,-1.192884985357522964e-02,4.511489346623420715e-02,2.302307188510894775e-01,1.854687035083770752e-01,-1.543966233730316162e-01,-5.404986813664436340e-02,-8.628780394792556763e-02,-7.614331692457199097e-02,-2.475961148738861084e-01,2.545608878135681152e-01,-1.572130471467971802e-01,3.959490731358528137e-02,1.698576845228672028e-02,-1.805296749807894230e-03,-8.753562718629837036e-02,1.415192931890487671e-01,1.739707738161087036e-01,1.570699930191040039e+00,1.418775916099548340e-01,8.576946333050727844e-03,-3.348032757639884949e-02,-4.125284776091575623e-02,-1.369258165359497070e-01,-5.538541078567504883e-02,1.570700049400329590e+00,-5.488286018371582031e-01,-2.080424576997756958e-01,3.341714851558208466e-03
2.347467839717864990e-01,1.376573275774717331e-02,8.660176396369934082e-01,6.399501580744981766e-03,-4.266984178684651852e-04,-2.958478219807147980e-02,9.995416998863220215e-01,-1.231688819825649261e-02,4.510852694511413574e-02,2.304907590150833130e-01,1.859482824802398682e-01,-1.544108539819717407e-01,-5.391595885157585144e-02,-8.682236075401306152e-02,-7.619863003492355347e-02,-2.472704052925109863e-01,2.547855973243713379e-01,-1.571780145168304443e-01,3.958249464631080627e-02,1.729383505880832672e-02,-1.765966415405273438e-03,-8.759539574384689331e-02,1.414456516504287720e-01,1.736065149307250977e-01,1.570700049400329590e+00,1.419337242841720581e-01,8.032464422285556793e-03,-3.346644714474678040e-02,-4.144830256700515747e-02,-1.370894610881805420e-01,-5.521310120820999146e-02,1.570700049400329590e+00,-5.489238500595092773e-01,-2.078091204166412354e-01,3.292076522484421730e-03
2.346348166465759277e-01,1.377182174474000931e-02,8.660115003585815430e-01,6.411937996745109558e-03,-5.104061565361917019e-04,-2.971448376774787903e-02,9.995377063751220703e-01,-1.258828025311231613e-02,4.517560079693794250e-02,2.307382822036743164e-01,1.864439100027084351e-01,-1.545128375291824341e-01,-5.381252244114875793e-02,-8.697313070297241211e-02,-7.611858844757080078e-02,-2.469873726367950439e-01,2.551980316638946533e-01,-1.570172309875488281e-01,3.965020179748535156e-02,1.755107194185256958e-02,-1.964895753189921379e-03,-8.763574808835983276e-02,1.415794044733047485e-01,1.732774525880813599e-01,1.570700049400329590e+00,1.414927542209625244e-01,7.065059151500463486e-03,-3.326521441340446472e-02,-4.151055216789245605e-02,-1.369856894016265869e-01,-5.591262131929397583e-02,1.570700049400329590e+00,-5.494242906570434570e-01,-2.077541947364807129e-01,3.262096084654331207e-03
2.344698458909988403e-01,1.384897530078887939e-02,8.660095930099487305e-01,6.405860185623168945e-03,-5.123211303725838661e-04,-2.995901182293891907e-02,9.995304942131042480e-01,-1.283167023211717606e-02,4.525594785809516907e-02,2.310295253992080688e-01,1.869140565395355225e-01,-1.546434760093688965e-01,-5.383674800395965576e-02,-8.736945688724517822e-02,-7.619523257017135620e-02,-2.467416226863861084e-01,2.554703950881958008e-01,-1.567874848842620850e-01,3.950211405754089355e-02,1.769562996923923492e-02,-1.955857733264565468e-03,-8.750458061695098877e-02,1.415163576602935791e-01,1.730941534042358398e-01,1.570700049400329590e+00,1.410227417945861816e-01,5.695642437785863876e-03,-3.292618319392204285e-02,-4.184333980083465576e-02,-1.370086818933486938e-01,-5.593116208910942078e-02,1.570700049400329590e+00,-5.498055815696716309e-01,-2.077611535787582397e-01,3.136194311082363129e-03
2.343034595251083374e-01,1.385610643774271011e-02,8.660109043121337891e-01,6.403923965990543365e-03,-5.139903514645993710e-04,-3.006253764033317566e-02,9.995273947715759277e-01,-1.319601107388734818e-02,4.535289853811264038e-02,2.313931435346603394e-01,1.874760836362838745e-01,-1.547133624553680420e-01,-5.386706069111824036e-02,-8.772802352905273438e-02,-7.633303850889205933e-02,-2.463408410549163818e-01,2.558079659938812256e-01,-1.566938608884811401e-01,3.932698071002960205e-02,1.772774010896682739e-02,-1.954020466655492783e-03,-8.774212002754211426e-02,1.412053704261779785e-01,1.730909496545791626e-01,1.570700049400329590e+00,1.406565457582473755e-01,4.715222865343093872e-03,-3.259209915995597839e-02,-4.228991270065307617e-02,-1.372390538454055786e-01,-5.628702789545059204e-02,1.570700049400329590e+00,-5.503031015396118164e-01,-2.075561285018920898e-01,3.315773792564868927e-03
2.342041134834289551e-01,1.385912857949733734e-02,8.660039305686950684e-01,6.392648909240961075e-03,-5.141927395015954971e-04,-3.022748231887817383e-02,9.995224475860595703e-01,-1.362192444503307343e-02,4.529358074069023132e-02,2.317149192094802856e-01,1.879278421401977539e-01,-1.550757586956024170e-01,-5.383339151740074158e-02,-8.815891295671463013e-02,-7.633945345878601074e-02,-2.460644394159317017e-01,2.561070322990417480e-01,-1.566125750541687012e-01,3.935145586729049683e-02,1.788377575576305389e-02,-1.926774624735116959e-03,-8.770860731601715088e-02,1.413331627845764160e-01,1.730910688638687134e-01,1.570700049400329590e+00,1.403193622827529907e-01,3.666340839117765427e-03,-3.236139938235282898e-02,-4.275282472372055054e-02,-1.374585926532745361e-01,-5.647951364517211914e-02,1.570700049400329590e+00,-5.508495569229125977e-01,-2.073131054639816284e-01,3.567244391888380051e-03
2.340268194675445557e-01,1.386455632746219635e-02,8.659211993217468262e-01,6.403731647878885269e-03,-5.145532195456326008e-04,-3.046520426869392395e-02,9.995151758193969727e-01,-1.393569260835647583e-02,4.533694311976432800e-02,2.320102006196975708e-01,1.883160918951034546e-01,-1.552416831254959106e-01,-5.373083055019378662e-02,-8.860632032155990601e-02,-7.628294080495834351e-02,-2.457562983036041260e-01,2.563523054122924805e-01,-1.565561741590499878e-01,3.940276056528091431e-02,1.818439178168773651e-02,-1.949304249137639999e-03,-8.784444630146026611e-02,1.413472145795822144e-01,1.731189340353012085e-01,1.570700049400329590e+00,1.403504908084869385e-01,2.789072925224900246e-03,-3.244238719344139099e-02,-4.324822127819061279e-02,-1.374986618757247925e-01,-5.665694922208786011e-02,1.570700049400329590e+00,-5.511654615402221680e-01,-2.070734351873397827e-01,3.775292774662375450e-03
2.339286059141159058e-01,1.385917514562606812e-02,8.659219741821289062e-01,6.409054622054100037e-03,-5.146417533978819847e-04,-3.060697577893733978e-02,9.995108246803283691e-01,-1.441062614321708679e-02,4.545708373188972473e-02,2.322932779788970947e-01,1.888263374567031860e-01,-1.553813666105270386e-01,-5.369259789586067200e-02,-8.895898610353469849e-02,-7.634438574314117432e-02,-2.453652769327163696e-01,2.568302154541015625e-01,-1.565814316272735596e-01,3.932525590062141418e-02,1.829417608678340912e-02,-1.960837282240390778e-03,-8.802623301744461060e-02,1.413420438766479492e-01,1.731182634830474854e-01,1.570700049400329590e+00,1.409574151039123535e-01,2.448969520628452301e-03,-3.253747150301933289e-02,-4.372343793511390686e-02,-1.377086937427520752e-01,-5.683429539203643799e-02,1.570700049400329590e+00,-5.516703128814697266e-01,-2.067767083644866943e-01,4.140662029385566711e-03
2.337518483400344849e-01,1.386107224971055984e-02,8.659161329269409180e-01,6.413473747670650482e-03,-5.124454619362950325e-04,-3.074011765420436859e-02,9.995067119598388672e-01,-1.473005115985870361e-02,4.552471265196800232e-02,2.325565516948699951e-01,1.892468929290771484e-01,-1.554174274206161499e-01,-5.366588383913040161e-02,-8.938723802566528320e-02,-7.636240869760513306e-02,-2.450327724218368530e-01,2.572812438011169434e-01,-1.566102206707000732e-01,3.926229849457740784e-02,1.856145262718200684e-02,-1.971296733245253563e-03,-8.780851215124130249e-02,1.411321461200714111e-01,1.732910871505737305e-01,1.570700049400329590e+00,1.414979696273803711e-01,2.318723360076546669e-03,-3.286827355623245239e-02,-4.387134313583374023e-02,-1.378853023052215576e-01,-5.683069303631782532e-02,1.570700049400329590e+00,-5.520923733711242676e-01,-2.065093368291854858e-01,4.323448520153760910e-03
2.336455732583999634e-01,1.385668665170669556e-02,8.659073710441589355e-01,6.424845661967992783e-03,-5.987268523313105106e-04,-3.087091073393821716e-02,9.995025396347045898e-01,-1.485170051455497742e-02,4.549726098775863647e-02,2.327837198972702026e-01,1.895950287580490112e-01,-1.555194407701492310e-01,-5.376361683011054993e-02,-8.973225951194763184e-02,-7.632527500391006470e-02,-2.447418719530105591e-01,2.576666474342346191e-01,-1.565072089433670044e-01,3.929546847939491272e-02,1.865003630518913269e-02,-1.994575140997767448e-03,-8.761543035507202148e-02,1.411483883857727051e-01,1.734653115272521973e-01,1.570700049400329590e+00,1.417798250913619995e-01,2.285624388605356216e-03,-3.300553560256958008e-02,-4.436085000634193420e-02,-1.379402130842208862e-01,-5.702111497521400452e-02,1.570700049400329590e+00,-5.523279905319213867e-01,-2.066250443458557129e-01,4.208391066640615463e-03
2.334710806608200073e-01,1.377632655203342438e-02,8.659037351608276367e-01,6.447542924433946609e-03,-6.000904832035303116e-04,-3.097996860742568970e-02,9.994990229606628418e-01,-1.507735531777143478e-02,4.551368206739425659e-02,2.331452518701553345e-01,1.898667961359024048e-01,-1.555452197790145874e-01,-5.379682034254074097e-02,-9.014194458723068237e-02,-7.637213170528411865e-02,-2.445201873779296875e-01,2.579425871372222900e-01,-1.565892398357391357e-01,3.915992006659507751e-02,1.886780001223087311e-02,-2.040976658463478088e-03,-8.757490664720535278e-02,1.411326527595520020e-01,1.734870970249176025e-01,1.570700049400329590e+00,1.419819593429565430e-01,2.505711745470762253e-03,-3.301233053207397461e-02,-4.503874108195304871e-02,-1.381369680166244507e-01,-5.703088641166687012e-02,1.570700049400329590e+00,-5.525081157684326172e-01,-2.062884271144866943e-01,4.120605997741222382e-03
2.333886325359344482e-01,1.377840898931026459e-02,8.659054040908813477e-01,6.462016608566045761e-03,-5.153347156010568142e-04,-3.108750469982624054e-02,9.994956254959106445e-01,-1.542144641280174255e-02,4.567158222198486328e-02,2.333897203207015991e-01,1.901215910911560059e-01,-1.553956866264343262e-01,-5.371933057904243469e-02,-9.064222127199172974e-02,-7.650502026081085205e-02,-2.442572861909866333e-01,2.583010196685791016e-01,-1.566179692745208740e-01,3.904875367879867554e-02,1.890864409506320953e-02,-2.064772881567478180e-03,-8.755998313426971436e-02,1.409737467765808105e-01,1.736476570367813110e-01,1.570700049400329590e+00,1.420420259237289429e-01,2.504010684788227081e-03,-3.281859681010246277e-02,-4.555470123887062073e-02,-1.381614804267883301e-01,-5.702963843941688538e-02,1.570700049400329590e+00,-5.529425144195556641e-01,-2.061050534248352051e-01,4.262866917997598648e-03
2.332870066165924072e-01,1.377703808248043060e-02,8.658941984176635742e-01,6.473915185779333115e-03,-5.159645224921405315e-04,-3.128251805901527405e-02,9.994894862174987793e-01,-1.568313501775264740e-02,4.555549100041389465e-02,2.336122393608093262e-01,1.903589516878128052e-01,-1.553548276424407959e-01,-5.381977185606956482e-02,-9.094050526618957520e-02,-7.648948580026626587e-02,-2.440564036369323730e-01,2.587873041629791260e-01,-1.565447449684143066e-01,3.889721632003784180e-02,1.895063184201717377e-02,-2.090220805257558823e-03,-8.771885186433792114e-02,1.408116966485977173e-01,1.738412976264953613e-01,1.570700049400329590e+00,1.418153941631317139e-01,2.599602099508047104e-03,-3.263990208506584167e-02,-4.609354212880134583e-02,-1.385155916213989258e-01,-5.684264376759529114e-02,1.570700049400329590e+00,-5.530934929847717285e-01,-2.059143781661987305e-01,4.407165572047233582e-03
2.331911772489547729e-01,1.369879022240638733e-02,8.658935427665710449e-01,6.515267305076122284e-03,-5.147253395989537239e-04,-3.135537356138229370e-02,9.994869232177734375e-01,-1.577394269406795502e-02,4.572246223688125610e-02,2.336456179618835449e-01,1.904047131538391113e-01,-1.552678346633911133e-01,-5.366989970207214355e-02,-9.124155342578887939e-02,-7.660940289497375488e-02,-2.438045144081115723e-01,2.591379582881927490e-01,-1.566215157508850098e-01,3.878924623131752014e-02,1.909361034631729126e-02,-2.169521525502204895e-03,-8.770105242729187012e-02,1.408147811889648438e-01,1.738331168889999390e-01,1.570700049400329590e+00,1.418675035238265991e-01,2.610450377687811852e-03,-3.258759155869483948e-02,-4.640911519527435303e-02,-1.383713632822036743e-01,-5.703002586960792542e-02,1.570700049400329590e+00,-5.532868504524230957e-01,-2.058203667402267456e-01,4.619108047336339951e-03
2.330230325460433960e-01,1.369487214833498001e-02,8.658834695816040039e-01,6.527610588818788528e-03,-5.145383765920996666e-04,-3.142968192696571350e-02,9.994845390319824219e-01,-1.596085913479328156e-02,4.559045657515525818e-02,2.337852120399475098e-01,1.905258595943450928e-01,-1.551667004823684692e-01,-5.374186858534812927e-02,-9.155318140983581543e-02,-7.653407007455825806e-02,-2.434884011745452881e-01,2.593372762203216553e-01,-1.565662324428558350e-01,3.883803263306617737e-02,1.924157887697219849e-02,-2.197338733822107315e-03,-8.751869201660156250e-02,1.405978947877883911e-01,1.738377958536148071e-01,1.570700049400329590e+00,1.418820470571517944e-01,2.675233874469995499e-03,-3.245803713798522949e-02,-4.669504985213279724e-02,-1.385771185159683228e-01,-5.737406387925148010e-02,1.570700049400329590e+00,-5.536378622055053711e-01,-2.055208534002304077e-01,5.007475614547729492e-03
2.329231351613998413e-01,1.369768008589744568e-02,8.658803701400756836e-01,6.540251895785331726e-03,-6.005553877912461758e-04,-3.149443864822387695e-02,9.994823336601257324e-01,-1.595859788358211517e-02,4.568007215857505798e-02,2.338835150003433228e-01,1.907071173191070557e-01,-1.551806479692459106e-01,-5.373051762580871582e-02,-9.164469689130783081e-02,-7.652959227561950684e-02,-2.434213012456893921e-01,2.595716118812561035e-01,-1.565576195716857910e-01,3.879368305206298828e-02,1.920467242598533630e-02,-2.568623749539256096e-03,-8.756087720394134521e-02,1.409914642572402954e-01,1.745113730430603027e-01,1.570700049400329590e+00,1.418746262788772583e-01,2.930295420810580254e-03,-3.241745755076408386e-02,-4.692157730460166931e-02,-1.385624557733535767e-01,-5.704244226217269897e-02,1.570700049400329590e+00,-5.539254546165466309e-01,-2.050642222166061401e-01,5.434136837720870972e-03
2.328415215015411377e-01,1.360972877591848373e-02,8.658764958381652832e-01,6.567102391272783279e-03,-6.020085420459508896e-04,-3.149712085723876953e-02,9.994820952415466309e-01,-1.614429801702499390e-02,4.568107426166534424e-02,2.339114695787429810e-01,1.907682120800018311e-01,-1.551080495119094849e-01,-5.381336063146591187e-02,-9.209184348583221436e-02,-7.660154998302459717e-02,-2.432761043310165405e-01,2.598481476306915283e-01,-1.566556543111801147e-01,3.866767883300781250e-02,1.920613087713718414e-02,-2.626730827614665031e-03,-8.751370757818222046e-02,1.408283859491348267e-01,1.747003942728042603e-01,1.570700049400329590e+00,1.417338550090789795e-01,3.546523628756403923e-03,-3.216930106282234192e-02,-4.708948358893394470e-02,-1.387284100055694580e-01,-5.702732875943183899e-02,1.570700049400329590e+00,-5.541616678237915039e-01,-2.046667188405990601e-01,5.655582062900066376e-03
2.327429652214050293e-01,1.360647846013307571e-02,8.658677935600280762e-01,6.599015090614557266e-03,-6.027324125170707703e-04,-3.150423243641853333e-02,9.994816780090332031e-01,-1.631635986268520355e-02,4.566323012113571167e-02,2.339314967393875122e-01,1.909167766571044922e-01,-1.550346910953521729e-01,-5.379435047507286072e-02,-9.238538891077041626e-02,-7.656303048133850098e-02,-2.432244718074798584e-01,2.601481378078460693e-01,-1.566145867109298706e-01,3.870043903589248657e-02,1.922119036316871643e-02,-2.688162960112094879e-03,-8.758923411369323730e-02,1.410723775625228882e-01,1.750512570142745972e-01,1.570700049400329590e+00,1.416771113872528076e-01,4.068860784173011780e-03,-3.209471702575683594e-02,-4.743368178606033325e-02,-1.387449651956558228e-01,-5.703207477927207947e-02,1.570700049400329590e+00,-5.545125007629394531e-01,-2.041944414377212524e-01,5.935539491474628448e-03
2.326513230800628662e-01,1.352490391582250595e-02,8.658633828163146973e-01,6.639694329351186752e-03,-6.021693116053938866e-04,-3.148171678185462952e-02,9.994820952415466309e-01,-1.652651093900203705e-02,4.567439109086990356e-02,2.339253425598144531e-01,1.909926384687423706e-01,-1.549239605665206909e-01,-5.387333407998085022e-02,-9.260185807943344116e-02,-7.671469449996948242e-02,-2.431233078241348267e-01,2.605556845664978027e-01,-1.565802246332168579e-01,3.852028027176856995e-02,1.917545311152935028e-02,-2.421049633994698524e-03,-8.732435107231140137e-02,1.409380435943603516e-01,1.754022240638732910e-01,1.570700049400329590e+00,1.415288448333740234e-01,4.661900456994771957e-03,-3.191883862018585205e-02,-4.722154513001441956e-02,-1.389254480600357056e-01,-5.720328539609909058e-02,1.570700049400329590e+00,-5.547686815261840820e-01,-2.039029300212860107e-01,6.157637108117341995e-03
2.325617223978042603e-01,1.352782454341650009e-02,8.658552765846252441e-01,6.652015261352062225e-03,-6.046962225809693336e-04,-3.147580474615097046e-02,9.994822144508361816e-01,-1.682272553443908691e-02,4.571612924337387085e-02,2.339190244674682617e-01,1.911166012287139893e-01,-1.549096852540969849e-01,-5.387451499700546265e-02,-9.285156428813934326e-02,-7.672437280416488647e-02,-2.430709600448608398e-01,2.608532309532165527e-01,-1.566214114427566528e-01,3.849485889077186584e-02,1.916308701038360596e-02,-2.442536875605583191e-03,-8.729437738656997681e-02,1.410766988992691040e-01,1.754032522439956665e-01,1.570700049400329590e+00,1.414682269096374512e-01,5.193143617361783981e-03,-3.178209066390991211e-02,-4.773941636085510254e-02,-1.389469355344772339e-01,-5.720626190304756165e-02,1.570700049400329590e+00,-5.551121830940246582e-01,-2.036283463239669800e-01,6.324452813714742661e-03
2.324667721986770630e-01,1.352552417665719986e-02,8.658479452133178711e-01,6.659722886979579926e-03,-6.027388153597712517e-04,-3.146541863679885864e-02,9.994824528694152832e-01,-1.702806912362575531e-02,4.575033485889434814e-02,2.339006960391998291e-01,1.913183480501174927e-01,-1.548408418893814087e-01,-5.386290326714515686e-02,-9.307837486267089844e-02,-7.678930461406707764e-02,-2.430656552314758301e-01,2.611252069473266602e-01,-1.566623002290725708e-01,3.845075890421867371e-02,1.931412331759929657e-02,-2.458672039210796356e-03,-8.729375898838043213e-02,1.410932838916778564e-01,1.753656566143035889e-01,1.570700049400329590e+00,1.415695399045944214e-01,5.355904810130596161e-03,-3.174031153321266174e-02,-4.786813631653785706e-02,-1.389613449573516846e-01,-5.755900964140892029e-02,1.570700049400329590e+00,-5.552254915237426758e-01,-2.034222483634948730e-01,6.392937619239091873e-03
2.323736399412155151e-01,1.352587062865495682e-02,8.658392429351806641e-01,6.670659873634576797e-03,-6.023996975272893906e-04,-3.147739544510841370e-02,9.994820356369018555e-01,-1.723530702292919159e-02,4.577551037073135376e-02,2.339198589324951172e-01,1.914149075746536255e-01,-1.547626107931137085e-01,-5.387256294488906860e-02,-9.330318868160247803e-02,-7.686734944581985474e-02,-2.432484924793243408e-01,2.614045143127441406e-01,-1.566947102546691895e-01,3.845192492008209229e-02,1.934033818542957306e-02,-2.479532500728964806e-03,-8.726754039525985718e-02,1.412234157323837280e-01,1.753648370504379272e-01,1.570700049400329590e+00,1.414757221937179565e-01,5.408998578786849976e-03,-3.176175802946090698e-02,-4.786820337176322937e-02,-1.389656662940979004e-01,-5.756383761763572693e-02,1.570700049400329590e+00,-5.552742481231689453e-01,-2.033243328332901001e-01,6.489307619631290436e-03
2.322846651077270508e-01,1.352928020060062408e-02,8.658288717269897461e-01,6.692480295896530151e-03,-6.025509792380034924e-04,-3.148068860173225403e-02,9.994817972183227539e-01,-1.739313080906867981e-02,4.577754065394401550e-02,2.338586002588272095e-01,1.916998028755187988e-01,-1.546459347009658813e-01,-5.383670702576637268e-02,-9.344118833541870117e-02,-7.687292993068695068e-02,-2.433786392211914062e-01,2.614488899707794189e-01,-1.566666364669799805e-01,3.843936324119567871e-02,1.934771984815597534e-02,-2.523536561056971550e-03,-8.737257868051528931e-02,1.412735581398010254e-01,1.757072955369949341e-01,1.570700049400329590e+00,1.415635049343109131e-01,5.399904213845729828e-03,-3.164919465780258179e-02,-4.784080386161804199e-02,-1.389757841825485229e-01,-5.772909522056579590e-02,1.570700049400329590e+00,-5.554176568984985352e-01,-2.033042609691619873e-01,6.568271666765213013e-03
2.321974486112594604e-01,1.352581661194562912e-02,8.658965826034545898e-01,6.693928502500057220e-03,-6.037186249159276485e-04,-3.143095970153808594e-02,9.994833469390869141e-01,-1.750193908810615540e-02,4.576962813735008240e-02,2.337596267461776733e-01,1.918443441390991211e-01,-1.546273827552795410e-01,-5.385063588619232178e-02,-9.360420703887939453e-02,-7.677190750837326050e-02,-2.433701902627944946e-01,2.615450322628021240e-01,-1.567425727844238281e-01,3.827096894383430481e-02,1.925112307071685791e-02,-2.697318792343139648e-03,-8.726695924997329712e-02,1.413387656211853027e-01,1.762189418077468872e-01,1.570700049400329590e+00,1.414624750614166260e-01,5.743702873587608337e-03,-3.169868141412734985e-02,-4.802940040826797485e-02,-1.389716565608978271e-01,-5.757258832454681396e-02,1.570700049400329590e+00,-5.553624629974365234e-01,-2.032354921102523804e-01,6.707705091685056686e-03
2.321011871099472046e-01,1.344204135239124298e-02,8.658100962638854980e-01,6.718013435602188110e-03,-6.892529781907796860e-04,-3.143944591283798218e-02,9.994828701019287109e-01,-1.753595471382141113e-02,4.576475173234939575e-02,2.337522953748703003e-01,1.920460313558578491e-01,-1.546423435211181641e-01,-5.388197302818298340e-02,-9.350276738405227661e-02,-7.682883739471435547e-02,-2.433434277772903442e-01,2.616578936576843262e-01,-1.567790508270263672e-01,3.812167048454284668e-02,1.926578767597675323e-02,-2.574051264673471451e-03,-8.736943453550338745e-02,1.415590196847915649e-01,1.764055043458938599e-01,1.570700049400329590e+00,1.411863416433334351e-01,6.052596028894186020e-03,-3.159848973155021667e-02,-4.800858348608016968e-02,-1.389851272106170654e-01,-5.774078890681266785e-02,1.570700049400329590e+00,-5.554848909378051758e-01,-2.031694799661636353e-01,6.855753250420093536e-03
2.320267558097839355e-01,1.344042457640171051e-02,8.658820390701293945e-01,6.705725565552711487e-03,-6.903236499056220055e-04,-3.143867105245590210e-02,9.994829297065734863e-01,-1.769047603011131287e-02,4.583339393138885498e-02,2.337487190961837769e-01,1.922311484813690186e-01,-1.546579301357269287e-01,-5.384749174118041992e-02,-9.366650134325027466e-02,-7.684536278247833252e-02,-2.433446794748306274e-01,2.616886794567108154e-01,-1.566323339939117432e-01,3.811687976121902466e-02,1.926488429307937622e-02,-2.549751428887248039e-03,-8.750069886445999146e-02,1.416195780038833618e-01,1.765874624252319336e-01,1.570700049400329590e+00,1.408540457487106323e-01,6.505578290671110153e-03,-3.141122311353683472e-02,-4.800594970583915710e-02,-1.389805674552917480e-01,-5.774332210421562195e-02,1.570700049400329590e+00,-5.555447340011596680e-01,-2.031055539846420288e-01,7.020052056759595871e-03
2.320127040147781372e-01,1.344127766788005829e-02,8.657965660095214844e-01,6.699425633996725082e-03,-6.891483790241181850e-04,-3.145911917090415955e-02,9.994823336601257324e-01,-1.780538633465766907e-02,4.586184397339820862e-02,2.337768077850341797e-01,1.922474354505538940e-01,-1.546495407819747925e-01,-5.386324599385261536e-02,-9.370183199644088745e-02,-7.683555036783218384e-02,-2.433083504438400269e-01,2.617149651050567627e-01,-1.565501391887664795e-01,3.812675178050994873e-02,1.930563896894454956e-02,-2.538630738854408264e-03,-8.747914433479309082e-02,1.416147500276565552e-01,1.767584085464477539e-01,1.570657968521118164e+00,1.407480090856552124e-01,6.634456105530261993e-03,-3.182891011238098145e-02,-4.800064116716384888e-02,-1.391469389200210571e-01,-5.773887038230895996e-02,1.570700049400329590e+00,-5.554670691490173340e-01,-2.030625045299530029e-01,7.205860223621129990e-03
2.319309413433074951e-01,1.344075612723827362e-02,8.658715486526489258e-01,6.694986019283533096e-03,-6.908751674927771091e-04,-3.147561103105545044e-02,9.994818568229675293e-01,-1.790498942136764526e-02,4.590627923607826233e-02,2.338111698627471924e-01,1.924746483564376831e-01,-1.546394824981689453e-01,-5.382942780852317810e-02,-9.381625801324844360e-02,-7.684622704982757568e-02,-2.433462142944335938e-01,2.617993950843811035e-01,-1.565964818000793457e-01,3.812953457236289978e-02,1.916588097810745239e-02,-2.527878852561116219e-03,-8.756434917449951172e-02,1.418011188507080078e-01,1.769692003726959229e-01,1.570687890052795410e+00,1.407185345888137817e-01,6.600185297429561615e-03,-3.209484741091728210e-02,-4.802301898598670959e-02,-1.391405761241912842e-01,-5.756450071930885315e-02,1.570700049400329590e+00,-5.555712580680847168e-01,-2.030479311943054199e-01,7.253616116940975189e-03
2.318464070558547974e-01,1.344087533652782440e-02,8.658658266067504883e-01,6.695469841361045837e-03,-6.912552635185420513e-04,-3.149130195379257202e-02,9.994813799858093262e-01,-1.812385581433773041e-02,4.595233872532844543e-02,2.338440865278244019e-01,1.925822347402572632e-01,-1.546270102262496948e-01,-5.383998155593872070e-02,-9.384516626596450806e-02,-7.685376703739166260e-02,-2.433245182037353516e-01,2.618574798107147217e-01,-1.566026657819747925e-01,3.812418878078460693e-02,1.919489353895187378e-02,-2.527809003368020058e-03,-8.767958730459213257e-02,1.419807225465774536e-01,1.769771426916122437e-01,1.570699453353881836e+00,1.407242566347122192e-01,6.313281133770942688e-03,-3.195283561944961548e-02,-4.819197580218315125e-02,-1.388045400381088257e-01,-5.758708342909812927e-02,1.570700049400329590e+00,-5.556334853172302246e-01,-2.029163390398025513e-01,7.475350983440876007e-03
2.318426221609115601e-01,1.344278175383806229e-02,8.658632040023803711e-01,6.679330952465534210e-03,-6.899567670188844204e-04,-3.147145360708236694e-02,9.994820952415466309e-01,-1.818354055285453796e-02,4.599438607692718506e-02,2.338109463453292847e-01,1.926681697368621826e-01,-1.546137928962707520e-01,-5.384095013141632080e-02,-9.395013004541397095e-02,-7.692493498325347900e-02,-2.433187663555145264e-01,2.620926499366760254e-01,-1.566125601530075073e-01,3.804082050919532776e-02,1.915613189339637756e-02,-2.498641610145568848e-03,-8.764488995075225830e-02,1.419903784990310669e-01,1.771508902311325073e-01,1.570699930191040039e+00,1.406145393848419189e-01,6.190998014062643051e-03,-3.175919875502586365e-02,-4.819695651531219482e-02,-1.389622688293457031e-01,-5.758375301957130432e-02,1.570700049400329590e+00,-5.556646585464477539e-01,-2.028957307338714600e-01,7.560841739177703857e-03
2.317655533552169800e-01,1.343969069421291351e-02,8.658625483512878418e-01,6.695894990116357803e-03,-6.913125980645418167e-04,-3.150882199406623840e-02,9.994807839393615723e-01,-1.846464350819587708e-02,4.611102491617202759e-02,2.338510304689407349e-01,1.927881985902786255e-01,-1.545680910348892212e-01,-5.387434735894203186e-02,-9.412112087011337280e-02,-7.698968797922134399e-02,-2.433242797851562500e-01,2.623025476932525635e-01,-1.566169559955596924e-01,3.804857283830642700e-02,1.922957599163055420e-02,-2.531300997361540794e-03,-8.781372755765914917e-02,1.419930458068847656e-01,1.771557033061981201e-01,1.570700049400329590e+00,1.407079100608825684e-01,6.139779929071664810e-03,-3.123982623219490051e-02,-4.819639399647712708e-02,-1.389641761779785156e-01,-5.758042261004447937e-02,1.570700049400329590e+00,-5.556772351264953613e-01,-2.029092609882354736e-01,7.599056698381900787e-03
2.316720038652420044e-01,1.343749463558197021e-02,8.658555746078491211e-01,6.700134836137294769e-03,-6.920052110217511654e-04,-3.150666877627372742e-02,9.994808435440063477e-01,-1.863281801342964172e-02,4.607786238193511963e-02,2.339458167552947998e-01,1.930836588144302368e-01,-1.546386033296585083e-01,-5.384527146816253662e-02,-9.447953104972839355e-02,-7.692287117242813110e-02,-2.433203458786010742e-01,2.624772787094116211e-01,-1.566952764987945557e-01,3.811867907643318176e-02,1.922568120062351227e-02,-2.539251931011676788e-03,-8.798235654830932617e-02,1.419782787561416626e-01,1.771522015333175659e-01,1.570700049400329590e+00,1.408609598875045776e-01,6.256067659705877304e-03,-3.069893270730972290e-02,-4.837739467620849609e-02,-1.387992352247238159e-01,-5.758500844240188599e-02,1.570700049400329590e+00,-5.558109283447265625e-01,-2.027569860219955444e-01,7.673689164221286774e-03
2.316580414772033691e-01,1.344119571149349213e-02,8.658521771430969238e-01,6.693423725664615631e-03,-6.904006586410105228e-04,-3.151673451066017151e-02,9.994805455207824707e-01,-1.883309707045555115e-02,4.611228778958320618e-02,2.339721173048019409e-01,1.934642493724822998e-01,-1.547041982412338257e-01,-5.380883067846298218e-02,-9.442382305860519409e-02,-7.698986679315567017e-02,-2.433000206947326660e-01,2.626685202121734619e-01,-1.566241532564163208e-01,3.805677592754364014e-02,1.924497261643409729e-02,-2.698224037885665894e-03,-8.782783150672912598e-02,1.419218033552169800e-01,1.771444529294967651e-01,1.570700049400329590e+00,1.409114003181457520e-01,6.305803079158067703e-03,-3.018491715192794800e-02,-4.835923016071319580e-02,-1.389746963977813721e-01,-5.775367096066474915e-02,1.570700049400329590e+00,-5.558557510375976562e-01,-2.027107030153274536e-01,7.704087533056735992e-03
2.315821945667266846e-01,1.343994587659835815e-02,8.658484816551208496e-01,6.701108068227767944e-03,-6.941643077880144119e-04,-3.151491656899452209e-02,9.994806051254272461e-01,-1.905221305787563324e-02,4.615242034196853638e-02,2.339707612991333008e-01,1.937561929225921631e-01,-1.547763198614120483e-01,-5.378467589616775513e-02,-9.474074095487594604e-02,-7.691162824630737305e-02,-2.431522756814956665e-01,2.627818882465362549e-01,-1.567217707633972168e-01,3.814369440078735352e-02,1.907174289226531982e-02,-2.712934510782361031e-03,-8.790609240531921387e-02,1.419868320226669312e-01,1.775211244821548462e-01,1.570700049400329590e+00,1.409289836883544922e-01,6.335500162094831467e-03,-2.968076802790164948e-02,-4.874451085925102234e-02,-1.389812380075454712e-01,-5.742317065596580505e-02,1.570700049400329590e+00,-5.558930039405822754e-01,-2.026234418153762817e-01,7.859298028051853180e-03
2.314872145652770996e-01,1.343043055385351181e-02,8.657678365707397461e-01,6.717102136462926865e-03,-6.932732067070901394e-04,-3.151945397257804871e-02,9.994803071022033691e-01,-1.916083693504333496e-02,4.623592272400856018e-02,2.339488118886947632e-01,1.939481794834136963e-01,-1.547179222106933594e-01,-5.381328985095024109e-02,-9.495843946933746338e-02,-7.689084112644195557e-02,-2.432143986225128174e-01,2.629932165145874023e-01,-1.566867381334304810e-01,3.808746114373207092e-02,1.907747797667980194e-02,-2.744091674685478210e-03,-8.803497254848480225e-02,1.421587616205215454e-01,1.775173544883728027e-01,1.570700049400329590e+00,1.410547345876693726e-01,6.233386695384979248e-03,-2.921302430331707001e-02,-4.875983670353889465e-02,-1.389720588922500610e-01,-5.724844709038734436e-02,1.570700049400329590e+00,-5.559400916099548340e-01,-2.025085538625717163e-01,8.135974407196044922e-03
2.314006239175796509e-01,1.335151493549346924e-02,8.657692074775695801e-01,6.720008794218301773e-03,-6.929329247213900089e-04,-3.151913359761238098e-02,9.994803071022033691e-01,-1.936867460608482361e-02,4.626926034688949585e-02,2.338779270648956299e-01,1.940321773290634155e-01,-1.546438187360763550e-01,-5.391330271959304810e-02,-9.513095021247863770e-02,-7.702133059501647949e-02,-2.431831508874893188e-01,2.632080018520355225e-01,-1.567048281431198120e-01,3.789313882589340210e-02,1.907387562096118927e-02,-2.750122686848044395e-03,-8.803282678127288818e-02,1.422880291938781738e-01,1.773431599140167236e-01,1.570700049400329590e+00,1.410912126302719116e-01,6.215327419340610504e-03,-2.875604107975959778e-02,-4.870717227458953857e-02,-1.389857679605484009e-01,-5.758618563413619995e-02,1.570700049400329590e+00,-5.560936331748962402e-01,-2.023165971040725708e-01,8.288011886179447174e-03
2.313080132007598877e-01,1.335432659834623337e-02,8.657718300819396973e-01,6.729505490511655807e-03,-6.934055127203464508e-04,-3.155168890953063965e-02,9.994792342185974121e-01,-1.953590847551822662e-02,4.636317119002342224e-02,2.339427173137664795e-01,1.942183375358581543e-01,-1.545837074518203735e-01,-5.391747877001762390e-02,-9.534601122140884399e-02,-7.710041850805282593e-02,-2.431167066097259521e-01,2.633255422115325928e-01,-1.566439568996429443e-01,3.790062665939331055e-02,1.914002187550067902e-02,-2.770859980955719948e-03,-8.822960406541824341e-02,1.423032283782958984e-01,1.771674007177352905e-01,1.570700049400329590e+00,1.408600062131881714e-01,6.156271323561668396e-03,-2.849680744111537933e-02,-4.869576543569564819e-02,-1.391584128141403198e-01,-5.759051814675331116e-02,1.570700049400329590e+00,-5.561493635177612305e-01,-2.022581547498703003e-01,8.342328481376171112e-03
2.312105894088745117e-01,1.335450354963541031e-02,8.657716512680053711e-01,6.733539048582315445e-03,-7.777647697366774082e-04,-3.161028027534484863e-02,9.994772672653198242e-01,-1.958668604493141174e-02,4.639904573559761047e-02,2.339049875736236572e-01,1.944358348846435547e-01,-1.545706093311309814e-01,-5.394066125154495239e-02,-9.540501981973648071e-02,-7.714460045099258423e-02,-2.430739551782608032e-01,2.635407447814941406e-01,-1.565828025341033936e-01,3.791823610663414001e-02,1.925930008292198181e-02,-2.780455630272626877e-03,-8.806546777486801147e-02,1.422811001539230347e-01,1.771592348814010620e-01,1.570700049400329590e+00,1.407876163721084595e-01,6.134460680186748505e-03,-2.841555140912532806e-02,-4.870419949293136597e-02,-1.391501724720001221e-01,-5.758333578705787659e-02,1.570700049400329590e+00,-5.561502575874328613e-01,-2.021905779838562012e-01,8.217573165893554688e-03
2.311288416385650635e-01,1.335390284657478333e-02,8.657705783843994141e-01,6.738449912518262863e-03,-7.789601222611963749e-04,-3.164498880505561829e-02,9.994761347770690918e-01,-1.974741928279399872e-02,4.643417149782180786e-02,2.339550852775573730e-01,1.946347206830978394e-01,-1.545683592557907104e-01,-5.394669994711875916e-02,-9.556083381175994873e-02,-7.720418274402618408e-02,-2.431462705135345459e-01,2.638662755489349365e-01,-1.565069854259490967e-01,3.791111335158348083e-02,1.932814531028270721e-02,-2.790254075080156326e-03,-8.806215226650238037e-02,1.422811001539230347e-01,1.771562397480010986e-01,1.570700049400329590e+00,1.407631784677505493e-01,6.120554171502590179e-03,-2.838979102671146393e-02,-4.884068667888641357e-02,-1.391749233007431030e-01,-5.776155367493629456e-02,1.570700049400329590e+00,-5.562771558761596680e-01,-2.021065056324005127e-01,8.272293955087661743e-03
2.311168909072875977e-01,1.334769744426012039e-02,8.657655119895935059e-01,6.746932398527860641e-03,-7.779318839311599731e-04,-3.166932612657546997e-02,9.994753003120422363e-01,-1.981056295335292816e-02,4.644910991191864014e-02,2.340911477804183960e-01,1.947437673807144165e-01,-1.546157747507095337e-01,-5.384816601872444153e-02,-9.563888609409332275e-02,-7.723711431026458740e-02,-2.431800663471221924e-01,2.640339732170104980e-01,-1.565585434436798096e-01,3.780881687998771667e-02,1.937763765454292297e-02,-2.807717304676771164e-03,-8.805988729000091553e-02,1.422608345746994019e-01,1.771515756845474243e-01,1.570700049400329590e+00,1.406369060277938843e-01,6.077575497329235077e-03,-2.826543897390365601e-02,-4.884485155344009399e-02,-1.391750872135162354e-01,-5.776537954807281494e-02,1.570700049400329590e+00,-5.562005639076232910e-01,-2.019793093204498291e-01,8.313741534948348999e-03
2.310407906770706177e-01,1.334719732403755188e-02,8.657594323158264160e-01,6.752412766218185425e-03,-7.814517011865973473e-04,-3.165777772665023804e-02,9.994756579399108887e-01,-2.010818570852279663e-02,4.635274782776832581e-02,2.341056615114212036e-01,1.948535591363906860e-01,-1.546791940927505493e-01,-5.388876050710678101e-02,-9.583198279142379761e-02,-7.712669670581817627e-02,-2.430609762668609619e-01,2.641968429088592529e-01,-1.565874218940734863e-01,3.783977404236793518e-02,1.918486133217811584e-02,-2.818360459059476852e-03,-8.835305273532867432e-02,1.422992348670959473e-01,1.774924993515014648e-01,1.570700049400329590e+00,1.409588605165481567e-01,6.142900791019201279e-03,-2.807792462408542633e-02,-4.908964410424232483e-02,-1.391540616750717163e-01,-5.725118890404701233e-02,1.570700049400329590e+00,-5.561938285827636719e-01,-2.018773257732391357e-01,8.423972874879837036e-03
2.310272157192230225e-01,1.334660779684782028e-02,8.657596707344055176e-01,6.750013679265975952e-03,-7.808897644281387329e-04,-3.174936398863792419e-02,9.994727373123168945e-01,-2.027678303420543671e-02,4.639953747391700745e-02,2.341048568487167358e-01,1.951555013656616211e-01,-1.547560691833496094e-01,-5.381350219249725342e-02,-9.613558650016784668e-02,-7.719223946332931519e-02,-2.430177032947540283e-01,2.643570005893707275e-01,-1.566914170980453491e-01,3.779637441039085388e-02,1.918690651655197144e-02,-2.813653554767370224e-03,-8.838181197643280029e-02,1.424302011728286743e-01,1.771592795848846436e-01,1.570700049400329590e+00,1.405802071094512939e-01,5.965056363493204117e-03,-2.781969681382179260e-02,-4.924260824918746948e-02,-1.391659528017044067e-01,-5.741313472390174866e-02,1.570700049400329590e+00,-5.563277006149291992e-01,-2.018017619848251343e-01,8.563960902392864227e-03
2.309355288743972778e-01,1.335267070680856705e-02,8.657564520835876465e-01,6.745704915374517441e-03,-7.806907524354755878e-04,-3.176260367035865784e-02,9.994723796844482422e-01,-2.037812583148479462e-02,4.642357304692268372e-02,2.341224849224090576e-01,1.953350305557250977e-01,-1.547869443893432617e-01,-5.378152430057525635e-02,-9.632961452007293701e-02,-7.730877399444580078e-02,-2.430241405963897705e-01,2.645932734012603760e-01,-1.566575765609741211e-01,3.769070282578468323e-02,1.921453699469566345e-02,-2.804843476042151451e-03,-8.854996412992477417e-02,1.426130235195159912e-01,1.769859492778778076e-01,1.570700049400329590e+00,1.405852138996124268e-01,5.671314429491758347e-03,-2.777555398643016815e-02,-4.924562573432922363e-02,-1.391670256853103638e-01,-5.741662904620170593e-02,1.570700049400329590e+00,-5.563791394233703613e-01,-2.019179165363311768e-01,8.626045659184455872e-03
2.308501452207565308e-01,1.335654594004154205e-02,8.657529354095458984e-01,6.757914088666439056e-03,-7.802150794304907322e-04,-3.181059658527374268e-02,9.994707703590393066e-01,-2.056367881596088409e-02,4.643524438142776489e-02,2.340602725744247437e-01,1.955171376466751099e-01,-1.548465341329574585e-01,-5.376405641436576843e-02,-9.643340855836868286e-02,-7.734900712966918945e-02,-2.429375350475311279e-01,2.647355198860168457e-01,-1.566460430622100830e-01,3.768642991781234741e-02,1.930739358067512512e-02,-2.828602911904454231e-03,-8.861880004405975342e-02,1.428441107273101807e-01,1.762958765029907227e-01,1.570700049400329590e+00,1.402273625135421753e-01,5.494143348187208176e-03,-2.752638049423694611e-02,-4.922338947653770447e-02,-1.391699314117431641e-01,-5.757877603173255920e-02,1.570700049400329590e+00,-5.565301775932312012e-01,-2.018899321556091309e-01,8.741861209273338318e-03
2.308373451232910156e-01,1.335336361080408096e-02,8.657480478286743164e-01,6.765460129827260971e-03,-7.803043117746710777e-04,-3.181017562747001648e-02,9.994707107543945312e-01,-2.066858857870101929e-02,4.644190147519111633e-02,2.341874539852142334e-01,1.955425441265106201e-01,-1.548334360122680664e-01,-5.378691107034683228e-02,-9.663705527782440186e-02,-7.731894403696060181e-02,-2.428778260946273804e-01,2.648000717163085938e-01,-1.566345691680908203e-01,3.768470510840415955e-02,1.930603198707103729e-02,-2.845043549314141273e-03,-8.879083395004272461e-02,1.428789943456649780e-01,1.752593517303466797e-01,1.570700049400329590e+00,1.396408230066299438e-01,5.312349181622266769e-03,-2.744869142770767212e-02,-4.922593757510185242e-02,-1.391693055629730225e-01,-5.758084729313850403e-02,1.570700049400329590e+00,-5.565702915191650391e-01,-2.019438594579696655e-01,8.683801628649234772e-03
2.307495921850204468e-01,1.335287373512983322e-02,8.657471537590026855e-01,6.773487664759159088e-03,-7.823788910172879696e-04,-3.182646259665489197e-02,9.994701743125915527e-01,-2.080333419144153595e-02,4.646430909633636475e-02,2.342422902584075928e-01,1.956613957881927490e-01,-1.547715961933135986e-01,-5.377347394824028015e-02,-9.669076651334762573e-02,-7.734011858701705933e-02,-2.428378760814666748e-01,2.648649513721466064e-01,-1.565466225147247314e-01,3.763497993350028992e-02,1.916950382292270660e-02,-2.859942847862839699e-03,-8.896776288747787476e-02,1.431942880153656006e-01,1.749046444892883301e-01,1.570700049400329590e+00,1.393387466669082642e-01,5.126237869262695312e-03,-2.742291428148746490e-02,-4.960960522294044495e-02,-1.391739100217819214e-01,-5.725378915667533875e-02,1.570700049400329590e+00,-5.566100478172302246e-01,-2.018733918666839600e-01,8.891533128917217255e-03
2.306624799966812134e-01,1.335949450731277466e-02,8.657464385032653809e-01,6.771326065063476562e-03,-7.814707350917160511e-04,-3.182347491383552551e-02,9.994702339172363281e-01,-2.086006104946136475e-02,4.646607488393783569e-02,2.342933714389801025e-01,1.957525461912155151e-01,-1.547239124774932861e-01,-5.388079211115837097e-02,-9.683579951524734497e-02,-7.737146317958831787e-02,-2.429049909114837646e-01,2.649917006492614746e-01,-1.565193831920623779e-01,3.764110431075096130e-02,1.915964856743812561e-02,-2.857093000784516335e-03,-8.909806609153747559e-02,1.431217342615127563e-01,1.742025762796401978e-01,1.570700049400329590e+00,1.392403841018676758e-01,5.178339313715696335e-03,-2.741301618516445160e-02,-4.961476102471351624e-02,-1.391630619764328003e-01,-5.724998563528060913e-02,1.570700049400329590e+00,-5.566307306289672852e-01,-2.018510699272155762e-01,8.959470316767692566e-03
2.305793315172195435e-01,1.335884537547826767e-02,8.657442927360534668e-01,6.778074894100427628e-03,-7.817193400114774704e-04,-3.185019642114639282e-02,9.994693398475646973e-01,-2.104978449642658234e-02,4.649437963962554932e-02,2.343512028455734253e-01,1.957784295082092285e-01,-1.546658724546432495e-01,-5.380718782544136047e-02,-9.691563248634338379e-02,-7.739021629095077515e-02,-2.430139333009719849e-01,2.649506330490112305e-01,-1.564458012580871582e-01,3.765761107206344604e-02,1.921225152909755707e-02,-2.870462136343121529e-03,-8.918943256139755249e-02,1.432093381881713867e-01,1.735007762908935547e-01,1.570700049400329590e+00,1.390786170959472656e-01,5.103925243020057678e-03,-2.759112231433391571e-02,-4.975608363747596741e-02,-1.391812115907669067e-01,-5.742143094539642334e-02,1.570700049400329590e+00,-5.567729473114013672e-01,-2.016784101724624634e-01,9.087204001843929291e-03
2.304912805557250977e-01,1.335859857499599457e-02,8.657451272010803223e-01,6.772241555154323578e-03,-7.810215465724468231e-04,-3.185028955340385437e-02,9.994693994522094727e-01,-2.108917012810707092e-02,4.651410132646560669e-02,2.343603074550628662e-01,1.958169490098953247e-01,-1.545764356851577759e-01,-5.377573519945144653e-02,-9.704191982746124268e-02,-7.741062343120574951e-02,-2.430329322814941406e-01,2.650297880172729492e-01,-1.563800871372222900e-01,3.764669224619865417e-02,1.921485736966133118e-02,-2.858916530385613441e-03,-8.922970294952392578e-02,1.433113515377044678e-01,1.731403172016143799e-01,1.570700049400329590e+00,1.388990134000778198e-01,5.347459577023983002e-03,-2.737442776560783386e-02,-4.975767433643341064e-02,-1.391815692186355591e-01,-5.742536857724189758e-02,1.570700049400329590e+00,-5.567179322242736816e-01,-2.015825062990188599e-01,9.253107011318206787e-03
