9.225070825777947903e-04,3.536915034055709839e-02,4.678649008274078369e-01,5.682239681482315063e-02,-5.765033140778541565e-02,6.486468315124511719e-01,7.567726969718933105e-01,-1.429296851158142090e+00,9.653179347515106201e-02,-3.141456842422485352e-02,1.550436019897460938e+00,-1.656243763864040375e-02,-1.048386842012405396e-01,-1.434652328491210938e+00,5.210549384355545044e-02,2.992884814739227295e-02,1.499273657798767090e+00,4.065683111548423767e-02,8.009495586156845093e-02,6.602180749177932739e-02,8.595376275479793549e-03,4.810839518904685974e-02,3.857235014438629150e-01,-6.943498849868774414e-01,3.557365834712982178e-01,8.256220817565917969e-01,2.383004724979400635e-01,0.000000000000000000e+00,1.341070700436830521e-02,-4.226205348968505859e-01,7.545806169509887695e-01,2.844484448432922363e-01,-7.289748191833496094e-01,-2.826825678348541260e-01,0.000000000000000000e+00
-7.443276699632406235e-04,3.870626166462898254e-02,4.630831182003021240e-01,8.561129868030548096e-02,-8.722566813230514526e-02,6.542688012123107910e-01,7.463207840919494629e-01,-1.367904901504516602e+00,8.182739466428756714e-02,1.046109292656183243e-02,1.573693752288818359e+00,-1.405529398471117020e-02,-6.700246781110763550e-02,-1.375513911247253418e+00,2.394491061568260193e-02,9.280107915401458740e-03,1.542661666870117188e+00,1.994154229760169983e-02,5.924838408827781677e-02,3.587560728192329407e-02,1.061739772558212280e-02,9.830386936664581299e-02,4.059767425060272217e-01,-7.056356668472290039e-01,3.680124580860137939e-01,7.950495481491088867e-01,2.257819771766662598e-01,0.000000000000000000e+00,7.768853753805160522e-02,-4.464206695556640625e-01,7.622295618057250977e-01,2.692712545394897461e-01,-7.023508548736572266e-01,-2.682480514049530029e-01,0.000000000000000000e+00
-2.853236219380050898e-04,3.794562816619873047e-02,4.631251096725463867e-01,8.923370391130447388e-02,-8.980941772460937500e-02,6.565693020820617676e-01,7.435646653175354004e-01,-1.358498454093933105e+00,7.672692835330963135e-02,1.306115277111530304e-02,1.569000482559204102e+00,-7.919328287243843079e-03,-6.976612657308578491e-02,-1.366748929023742676e+00,1.608268357813358307e-02,8.807087317109107971e-03,1.542859673500061035e+00,1.948163099586963654e-02,5.975074693560600281e-02,2.840756438672542572e-02,1.075349468737840652e-02,1.214098259806632996e-01,4.097156822681427002e-01,-6.975407600402832031e-01,3.556364476680755615e-01,7.998993992805480957e-01,2.311042100191116333e-01,0.000000000000000000e+00,9.996885806322097778e-02,-4.540299177169799805e-01,7.607342004776000977e-01,2.513245046138763428e-01,-7.083083987236022949e-01,-2.748451232910156250e-01,0.000000000000000000e+00
-1.390922407153993845e-04,3.680464997887611389e-02,4.628140628337860107e-01,8.973134309053421021e-02,-9.005521237850189209e-02,6.571164131164550781e-01,7.429915070533752441e-01,-1.358094811439514160e+00,7.754033058881759644e-02,1.442396640777587891e-02,1.566328525543212891e+00,-3.420175984501838684e-03,-7.330755144357681274e-02,-1.366331815719604492e+00,1.348904613405466080e-02,7.709480822086334229e-03,1.541011929512023926e+00,2.231196686625480652e-02,6.056185811758041382e-02,2.667608857154846191e-02,1.303745061159133911e-02,1.370132118463516235e-01,4.123785197734832764e-01,-6.892751455307006836e-01,3.418295681476593018e-01,8.065682053565979004e-01,2.358026504516601562e-01,0.000000000000000000e+00,1.130801513791084290e-01,-4.597910046577453613e-01,7.589489817619323730e-01,2.371671795845031738e-01,-7.176257371902465820e-01,-2.840732634067535400e-01,0.000000000000000000e+00
-2.237965054519008845e-05,3.623086214065551758e-02,4.623828530311584473e-01,8.958985656499862671e-02,-8.991447836160659790e-02,6.570204496383666992e-01,7.431104779243469238e-01,-1.359534978866577148e+00,8.052759617567062378e-02,1.551639847457408905e-02,1.565897345542907715e+00,-1.438098843209445477e-04,-7.672910392284393311e-02,-1.367626667022705078e+00,1.253392733633518219e-02,6.473395042121410370e-03,1.540274262428283691e+00,2.441568486392498016e-02,6.060066819190979004e-02,2.678777277469635010e-02,1.618601195514202118e-02,1.515496969223022461e-01,4.145387113094329834e-01,-6.821129918098449707e-01,3.268012106418609619e-01,8.132137060165405273e-01,2.392313480377197266e-01,0.000000000000000000e+00,1.261024475097656250e-01,-4.654293358325958252e-01,7.564132213592529297e-01,2.229785323143005371e-01,-7.276085615158081055e-01,-2.927861809730529785e-01,0.000000000000000000e+00
-1.025808523991145194e-05,3.589641675353050232e-02,4.619894921779632568e-01,8.916068822145462036e-02,-8.958335965871810913e-02,6.566331982612609863e-01,7.435442805290222168e-01,-1.361584782600402832e+00,8.387859165668487549e-02,1.632786914706230164e-02,1.566158056259155273e+00,2.958992030471563339e-03,-7.947855442762374878e-02,-1.369473099708557129e+00,1.217106822878122330e-02,5.344103556126356125e-03,1.539895653724670410e+00,2.529713697731494904e-02,5.996593832969665527e-02,2.729837782680988312e-02,1.977644488215446472e-02,1.663710623979568481e-01,4.170455038547515869e-01,-6.763198375701904297e-01,3.101246654987335205e-01,8.177753686904907227e-01,2.416009604930877686e-01,0.000000000000000000e+00,1.405314356088638306e-01,-4.719190597534179688e-01,7.526772618293762207e-01,2.079724818468093872e-01,-7.387509942054748535e-01,-3.008246719837188721e-01,0.000000000000000000e+00
5.471346867125248536e-06,3.550041094422340393e-02,4.615617692470550537e-01,8.855598419904708862e-02,-8.900784701108932495e-02,6.563338637351989746e-01,7.439497709274291992e-01,-1.364287257194519043e+00,8.696882426738739014e-02,1.710380241274833679e-02,1.566282868385314941e+00,6.079474929720163345e-03,-8.162049949169158936e-02,-1.371983647346496582e+00,1.149976998567581177e-02,4.281648434698581696e-03,1.539593458175659180e+00,2.551478892564773560e-02,5.878271535038948059e-02,2.738329768180847168e-02,2.338001132011413574e-02,1.816094368696212769e-01,4.203189909458160400e-01,-6.726301312446594238e-01,2.914595305919647217e-01,8.179355263710021973e-01,2.425684630870819092e-01,0.000000000000000000e+00,1.562567651271820068e-01,-4.796431064605712891e-01,7.477903962135314941e-01,1.917397528886795044e-01,-7.498086094856262207e-01,-3.089777231216430664e-01,0.000000000000000000e+00
-3.279284283053129911e-05,3.502113372087478638e-02,4.611295163631439209e-01,8.758618682622909546e-02,-8.808691054582595825e-02,6.562128663063049316e-01,7.442808747291564941e-01,-1.368051886558532715e+00,8.974109590053558350e-02,1.788225769996643066e-02,1.566153168678283691e+00,9.411547333002090454e-03,-8.309859037399291992e-02,-1.375479817390441895e+00,1.044899504631757736e-02,3.144953632727265358e-03,1.539121866226196289e+00,2.588336914777755737e-02,5.754623934626579285e-02,2.721941471099853516e-02,2.711641788482666016e-02,1.976533383131027222e-01,4.248988628387451172e-01,-6.704438328742980957e-01,2.710970342159271240e-01,8.148409128189086914e-01,2.410423457622528076e-01,0.000000000000000000e+00,1.732045114040374756e-01,-4.885694682598114014e-01,7.420582175254821777e-01,1.741240769624710083e-01,-7.587147355079650879e-01,-3.186427652835845947e-01,0.000000000000000000e+00
-1.177345257019624114e-04,3.449717536568641663e-02,4.608062803745269775e-01,8.615639805793762207e-02,-8.670578896999359131e-02,6.562688946723937988e-01,7.445604801177978516e-01,-1.372907519340515137e+00,9.191216528415679932e-02,1.847968064248561859e-02,1.565571546554565430e+00,1.326439529657363892e-02,-8.395541459321975708e-02,-1.380022883415222168e+00,9.116620756685733795e-03,1.906880876049399376e-03,1.538274049758911133e+00,2.672329545021057129e-02,5.634681880474090576e-02,2.682904154062271118e-02,3.094180300831794739e-02,2.145591378211975098e-01,4.306784868240356445e-01,-6.692702770233154297e-01,2.483224123716354370e-01,8.086385130882263184e-01,2.373165190219879150e-01,0.000000000000000000e+00,1.908143162727355957e-01,-4.985374212265014648e-01,7.362461090087890625e-01,1.550502628087997437e-01,-7.650725245475769043e-01,-3.304777741432189941e-01,0.000000000000000000e+00
-2.066713204840198159e-04,3.406231105327606201e-02,4.605517089366912842e-01,8.417928963899612427e-02,-8.471529185771942139e-02,6.565305590629577637e-01,7.447850704193115234e-01,-1.379287123680114746e+00,9.332557767629623413e-02,1.885857060551643372e-02,1.564943313598632812e+00,1.713285595178604126e-02,-8.436951041221618652e-02,-1.386130809783935547e+00,7.713867817074060440e-03,8.202285971492528915e-04,1.537714004516601562e+00,2.644866332411766052e-02,5.589621514081954956e-02,2.615334093570709229e-02,3.463000431656837463e-02,2.321376800537109375e-01,4.377224743366241455e-01,-6.679142117500305176e-01,2.234757393598556519e-01,8.009288907051086426e-01,2.328430116176605225e-01,0.000000000000000000e+00,2.090049237012863159e-01,-5.089045166969299316e-01,7.290543913841247559e-01,1.347560435533523560e-01,-7.716042995452880859e-01,-3.437980413436889648e-01,0.000000000000000000e+00
-2.756743633653968573e-04,3.369034454226493835e-02,4.604733288288116455e-01,8.148618042469024658e-02,-8.179751038551330566e-02,6.569419503211975098e-01,7.450479269027709961e-01,-1.387563467025756836e+00,9.437981992959976196e-02,1.925113424658775330e-02,1.564042568206787109e+00,2.021282166242599487e-02,-8.479605615139007568e-02,-1.394258618354797363e+00,6.044797133654356003e-03,-1.398604945279657841e-04,1.537096738815307617e+00,2.545025758445262909e-02,5.594015866518020630e-02,2.519618906080722809e-02,3.790278732776641846e-02,2.502593696117401123e-01,4.457011818885803223e-01,-6.653046607971191406e-01,1.975068300962448120e-01,7.923653721809387207e-01,2.300539165735244751e-01,0.000000000000000000e+00,2.277268022298812866e-01,-5.192856192588806152e-01,7.200452685356140137e-01,1.132546961307525635e-01,-7.794529199600219727e-01,-3.578022718429565430e-01,0.000000000000000000e+00
-1.574355264892801642e-04,3.366078063845634460e-02,4.606269598007202148e-01,7.786840200424194336e-02,-7.778771221637725830e-02,6.576521992683410645e-01,7.452376484870910645e-01,-1.398123502731323242e+00,9.620793908834457397e-02,1.989810355007648468e-02,1.563401818275451660e+00,2.176575548946857452e-02,-8.496786653995513916e-02,-1.404726505279541016e+00,3.894828259944915771e-03,-1.126514514908194542e-03,1.536880135536193848e+00,2.377183176577091217e-02,5.575707554817199707e-02,2.393960952758789062e-02,4.065497592091560364e-02,2.682645022869110107e-01,4.541115760803222656e-01,-6.608310937881469727e-01,1.716587841510772705e-01,7.844293713569641113e-01,2.295022606849670410e-01,0.000000000000000000e+00,2.466790229082107544e-01,-5.296185016632080078e-01,7.097058892250061035e-01,9.050077944993972778e-02,-7.867283225059509277e-01,-3.737003803253173828e-01,0.000000000000000000e+00
1.071257647708989680e-04,3.395956382155418396e-02,4.609178602695465088e-01,7.329601049423217773e-02,-7.260100543498992920e-02,6.584902405738830566e-01,7.454846501350402832e-01,-1.411339759826660156e+00,9.826416522264480591e-02,2.046952769160270691e-02,1.563236951828002930e+00,2.228067815303802490e-02,-8.496867120265960693e-02,-1.417971372604370117e+00,1.490633119828999043e-03,-2.121888333931565285e-03,1.537247061729431152e+00,2.151166647672653198e-02,5.527397245168685913e-02,2.281852811574935913e-02,4.290233179926872253e-02,2.858542203903198242e-01,4.628624618053436279e-01,-6.552091836929321289e-01,1.460507810115814209e-01,7.786017656326293945e-01,2.310045659542083740e-01,0.000000000000000000e+00,2.655868828296661377e-01,-5.400372147560119629e-01,6.987516880035400391e-01,6.657074391841888428e-02,-7.927690744400024414e-01,-3.897772431373596191e-01,0.000000000000000000e+00
4.058979975525289774e-04,3.450856730341911316e-02,4.612029492855072021e-01,6.777738779783248901e-02,-6.633096188306808472e-02,6.594982147216796875e-01,7.457000017166137695e-01,-1.427444219589233398e+00,1.002326309680938721e-01,2.098785713315010071e-02,1.563660144805908203e+00,2.200747095048427582e-02,-8.492530882358551025e-02,-1.434153079986572266e+00,-1.482369028963148594e-03,-3.259094431996345520e-03,1.538145184516906738e+00,2.025017142295837402e-02,5.502464622259140015e-02,2.198236621916294098e-02,4.471237584948539734e-02,3.026711046695709229e-01,4.722951948642730713e-01,-6.500728130340576172e-01,1.201900169253349304e-01,7.731700539588928223e-01,2.344936728477478027e-01,0.000000000000000000e+00,2.842912375926971436e-01,-5.507654547691345215e-01,6.869604587554931641e-01,4.058971256017684937e-02,-7.989613413810729980e-01,-4.031806290149688721e-01,0.000000000000000000e+00
6.793553475290536880e-04,3.513386845588684082e-02,4.614655673503875732e-01,6.105176359415054321e-02,-5.886260047554969788e-02,6.607157588005065918e-01,7.458301186561584473e-01,-1.447094082832336426e+00,1.017559990286827087e-01,2.131235972046852112e-02,1.564330816268920898e+00,2.122842147946357727e-02,-8.501940965652465820e-02,-1.453731894493103027e+00,-4.360387567430734634e-03,-4.226115997880697250e-03,1.539189577102661133e+00,1.968136616051197052e-02,5.486388131976127625e-02,2.152767963707447052e-02,4.614010453224182129e-02,3.193120956420898438e-01,4.832927286624908447e-01,-6.466305851936340332e-01,9.209235757589340210e-02,7.666059136390686035e-01,2.404492050409317017e-01,0.000000000000000000e+00,3.038971424102783203e-01,-5.619655251502990723e-01,6.734915971755981445e-01,1.184591092169284821e-02,-8.062950372695922852e-01,-4.151002168655395508e-01,0.000000000000000000e+00
8.806051337160170078e-04,3.583367913961410522e-02,4.619464278221130371e-01,5.296725407242774963e-02,-5.022814869880676270e-02,6.620655655860900879e-01,7.458825707435607910e-01,-1.469937324523925781e+00,1.028365641832351685e-01,2.133496664464473724e-02,1.564833641052246094e+00,1.924807950854301453e-02,-8.456301689147949219e-02,-1.476240515708923340e+00,-6.406664382666349411e-03,-4.796865861862897873e-03,1.539793968200683594e+00,1.943926513195037842e-02,5.528723448514938354e-02,2.177673950791358948e-02,4.721949622035026550e-02,3.363832831382751465e-01,4.972036480903625488e-01,-6.459534764289855957e-01,6.118099391460418701e-02,7.604596018791198730e-01,2.492648959159851074e-01,0.000000000000000000e+00,3.258018195629119873e-01,-5.733888745307922363e-01,6.578865647315979004e-01,-2.014557272195816040e-02,-8.118368983268737793e-01,-4.275637567043304443e-01,0.000000000000000000e+00
8.709795656614005566e-04,3.681364282965660095e-02,4.627121984958648682e-01,4.356038570404052734e-02,-4.060283675789833069e-02,6.634411811828613281e-01,7.458549737930297852e-01,-1.495518922805786133e+00,1.039940416812896729e-01,2.132523059844970703e-02,1.565474510192871094e+00,1.629394106566905975e-02,-8.288519829511642456e-02,-1.501186728477478027e+00,-8.126433938741683960e-03,-5.253484938293695450e-03,1.540131211280822754e+00,1.923628710210323334e-02,5.668950453400611877e-02,2.286087162792682648e-02,4.811564832925796509e-02,3.530748486518859863e-01,5.145632624626159668e-01,-6.491989493370056152e-01,2.861299924552440643e-02,7.575854659080505371e-01,2.624531984329223633e-01,0.000000000000000000e+00,3.499496877193450928e-01,-5.853694081306457520e-01,6.419801712036132812e-01,-5.586936324834823608e-02,-8.161937594413757324e-01,-4.418792128562927246e-01,0.000000000000000000e+00
6.426307954825460911e-04,3.787795826792716980e-02,4.636192917823791504e-01,3.282504156231880188e-02,-2.973234467208385468e-02,6.647680401802062988e-01,7.457358241081237793e-01,-1.524426937103271484e+00,1.049616932868957520e-01,2.144360728561878204e-02,1.565951585769653320e+00,1.326693873852491379e-02,-8.010356873273849487e-02,-1.529335737228393555e+00,-1.072624418884515762e-02,-6.115164607763290405e-03,1.540238976478576660e+00,1.837929710745811462e-02,5.843247473239898682e-02,2.482161298394203186e-02,4.882239550352096558e-02,3.694332242012023926e-01,5.354043245315551758e-01,-6.567871570587158203e-01,-6.870856974273920059e-03,7.574493288993835449e-01,2.803309261798858643e-01,0.000000000000000000e+00,3.779990971088409424e-01,-5.982288718223571777e-01,6.263308525085449219e-01,-9.662183374166488647e-02,-8.201187849044799805e-01,-4.570442736148834229e-01,0.000000000000000000e+00
1.979692460736259818e-04,3.892638906836509705e-02,4.646684229373931885e-01,2.081348747014999390e-02,-1.776776276528835297e-02,6.662219166755676270e-01,7.452512979507446289e-01,-1.556452631950378418e+00,1.051049456000328064e-01,2.169092744588851929e-02,1.565908670425415039e+00,1.091548521071672440e-02,-7.647217810153961182e-02,-1.560386538505554199e+00,-1.454989984631538391e-02,-7.493598852306604385e-03,1.540064096450805664e+00,1.659048534929752350e-02,6.028128415346145630e-02,2.748147770762443542e-02,4.962079972028732300e-02,3.844205737113952637e-01,5.609147548675537109e-01,-6.685940623283386230e-01,-4.378479719161987305e-02,7.613747119903564453e-01,3.043406307697296143e-01,0.000000000000000000e+00,4.101602137088775635e-01,-6.125275492668151855e-01,6.102565526962280273e-01,-1.416027992963790894e-01,-8.258182406425476074e-01,-4.745689928531646729e-01,0.000000000000000000e+00
-3.319567767903208733e-04,4.016390070319175720e-02,4.659594297409057617e-01,7.674865890294313431e-03,-4.885235335677862167e-03,6.678898930549621582e-01,7.442044615745544434e-01,-1.590911388397216797e+00,1.040487661957740784e-01,2.189967036247253418e-02,1.565528988838195801e+00,8.620509877800941467e-03,-7.246843725442886353e-02,-1.593714594841003418e+00,-1.925520971417427063e-02,-9.139497764408588409e-03,1.539947390556335449e+00,1.415739115327596664e-02,6.286656856536865234e-02,3.069108352065086365e-02,5.086201801896095276e-02,3.966208994388580322e-01,5.907622575759887695e-01,-6.841259002685546875e-01,-7.940430194139480591e-02,7.703860998153686523e-01,3.325691223144531250e-01,0.000000000000000000e+00,4.450697600841522217e-01,-6.287045478820800781e-01,5.949015617370605469e-01,-1.882338672876358032e-01,-8.345325589179992676e-01,-4.928545653820037842e-01,0.000000000000000000e+00
-9.906847262755036354e-04,4.189795628190040588e-02,4.675569534301757812e-01,-6.602769717574119568e-03,8.822358213365077972e-03,6.697918176651000977e-01,7.424671649932861328e-01,-1.627516388893127441e+00,1.016649603843688965e-01,2.207659743726253510e-02,1.565275192260742188e+00,6.342635490000247955e-03,-6.726288050413131714e-02,-1.629045367240905762e+00,-2.430158481001853943e-02,-1.042898464947938919e-02,1.540364384651184082e+00,1.128947548568248749e-02,6.651616841554641724e-02,3.392891213297843933e-02,5.269123613834381104e-02,4.050033390522003174e-01,6.237822771072387695e-01,-7.021582126617431641e-01,-1.115238368511199951e-01,7.832651734352111816e-01,3.647049665451049805e-01,0.000000000000000000e+00,4.807346761226654053e-01,-6.466184258460998535e-01,5.803053975105285645e-01,-2.341175973415374756e-01,-8.436837792396545410e-01,-5.124238133430480957e-01,0.000000000000000000e+00
-1.633630599826574326e-03,4.432979226112365723e-02,4.694461226463317871e-01,-2.195043116807937622e-02,2.342847362160682678e-02,6.718124747276306152e-01,7.400252223014831543e-01,-1.666220545768737793e+00,9.768047183752059937e-02,2.186427079141139984e-02,1.565514445304870605e+00,4.232589621096849442e-03,-6.161215156316757202e-02,-1.666411638259887695e+00,-2.947695925831794739e-02,-1.086772978305816650e-02,1.541875243186950684e+00,7.729779463261365891e-03,6.972321122884750366e-02,3.672149032354354858e-02,5.465797334909439087e-02,4.099276661872863770e-01,6.578392982482910156e-01,-7.212613224983215332e-01,-1.384603381156921387e-01,7.965900897979736328e-01,4.025707244873046875e-01,0.000000000000000000e+00,5.150663852691650391e-01,-6.661749482154846191e-01,5.669739842414855957e-01,-2.770441472530364990e-01,-8.520696163177490234e-01,-5.332904458045959473e-01,0.000000000000000000e+00
-2.177634043619036674e-03,4.754984006285667419e-02,4.714078009128570557e-01,-3.815466910600662231e-02,3.888808563351631165e-02,6.735892891883850098e-01,7.370952963829040527e-01,-1.707157611846923828e+00,9.224965423345565796e-02,2.113517187535762787e-02,1.567092061042785645e+00,1.353653846308588982e-03,-5.633029714226722717e-02,-1.706043481826782227e+00,-3.434031829237937927e-02,-1.049038674682378769e-02,1.545255064964294434e+00,2.296348568052053452e-03,7.172735780477523804e-02,3.890411555767059326e-02,5.598241463303565979e-02,4.126407504081726074e-01,6.911867856979370117e-01,-7.414538264274597168e-01,-1.613814532756805420e-01,8.075627088546752930e-01,4.516112208366394043e-01,0.000000000000000000e+00,5.459498763084411621e-01,-6.874748468399047852e-01,5.571161508560180664e-01,-3.160248994827270508e-01,-8.614740371704101562e-01,-5.573431849479675293e-01,0.000000000000000000e+00
-2.528165699914097786e-03,5.165040493011474609e-02,4.729851186275482178e-01,-5.531060695648193359e-02,5.535484105348587036e-02,6.747667193412780762e-01,7.338708639144897461e-01,-1.751793265342712402e+00,8.621003478765487671e-02,1.971817202866077423e-02,1.571458578109741211e+00,-3.045909805223345757e-03,-5.242076143622398376e-02,-1.749408483505249023e+00,-3.833945840597152710e-02,-9.673748165369033813e-03,1.551495194435119629e+00,-4.529901780188083649e-03,7.295054197311401367e-02,4.006007313728332520e-02,5.579833313822746277e-02,4.150445461273193359e-01,7.237001657485961914e-01,-7.623664736747741699e-01,-1.824460923671722412e-01,8.164064884185791016e-01,5.158804059028625488e-01,0.000000000000000000e+00,5.726502537727355957e-01,-7.119264602661132812e-01,5.533956885337829590e-01,-3.521656394004821777e-01,-8.692504763603210449e-01,-5.850546956062316895e-01,0.000000000000000000e+00
-2.705714432522654533e-03,5.676667019724845886e-02,4.738967120647430420e-01,-7.345788180828094482e-02,7.271753251552581787e-02,6.751701831817626953e-01,7.303843498229980469e-01,-1.800745606422424316e+00,8.039746433496475220e-02,1.751345023512840271e-02,1.579833865165710449e+00,-1.007035467773675919e-02,-4.944929853081703186e-02,-1.796974658966064453e+00,-4.114292562007904053e-02,-8.477987721562385559e-03,1.561287999153137207e+00,-1.231585629284381866e-02,7.360234111547470093e-02,3.977718576788902283e-02,5.419508740305900574e-02,4.186397492885589600e-01,7.558363080024719238e-01,-7.849996089935302734e-01,-2.030429691076278687e-01,8.225796818733215332e-01,5.951119065284729004e-01,0.000000000000000000e+00,5.944649577140808105e-01,-7.425001263618469238e-01,5.580296516418457031e-01,-3.872137665748596191e-01,-8.787244558334350586e-01,-6.177265644073486328e-01,0.000000000000000000e+00
-2.720636315643787384e-03,6.295996904373168945e-02,4.743364155292510986e-01,-9.250934422016143799e-02,9.086636453866958618e-02,6.747316718101501465e-01,7.265827655792236328e-01,-1.853253126144409180e+00,7.545431703329086304e-02,1.497150026261806488e-02,1.591940164566040039e+00,-2.046001143753528595e-02,-4.707367718219757080e-02,-1.848029971122741699e+00,-4.318688809871673584e-02,-7.420592941343784332e-03,1.574308633804321289e+00,-2.181249484419822693e-02,7.489464432001113892e-02,3.788125887513160706e-02,5.160377174615859985e-02,4.236233532428741455e-01,7.880435585975646973e-01,-8.124080300331115723e-01,-2.234775871038436890e-01,8.297992944717407227e-01,6.847671866416931152e-01,0.000000000000000000e+00,6.109074354171752930e-01,-7.811270952224731445e-01,5.732631683349609375e-01,-4.208930730819702148e-01,-8.874964118003845215e-01,-6.555632948875427246e-01,0.000000000000000000e+00
-2.541327383369207382e-03,7.002044469118118286e-02,4.746254980564117432e-01,-1.123522743582725525e-01,1.097378134727478027e-01,6.734824180603027344e-01,7.223268151283264160e-01,-1.908275842666625977e+00,7.070749253034591675e-02,1.217491459101438522e-02,1.606368064880371094e+00,-3.413764759898185730e-02,-4.573071002960205078e-02,-1.901503443717956543e+00,-4.524843022227287292e-02,-6.910555530339479446e-03,1.589155197143554688e+00,-3.102552518248558044e-02,7.563747465610504150e-02,3.479973971843719482e-02,4.887658357620239258e-02,4.296856522560119629e-01,8.213604092597961426e-01,-8.488757014274597168e-01,-2.443078458309173584e-01,8.405355215072631836e-01,7.834201455116271973e-01,0.000000000000000000e+00,6.219462752342224121e-01,-8.303892016410827637e-01,6.024648547172546387e-01,-4.543859958648681641e-01,-8.948427438735961914e-01,-7.011645436286926270e-01,0.000000000000000000e+00
-2.126599196344614029e-03,7.780286669731140137e-02,4.753087162971496582e-01,-1.324967890977859497e-01,1.291898339986801147e-01,6.715247035026550293e-01,7.175019979476928711e-01,-1.963435411453247070e+00,6.506584584712982178e-02,9.201365523040294647e-03,1.621277689933776855e+00,-5.103600025177001953e-02,-4.609512165188789368e-02,-1.955350518226623535e+00,-4.881473258137702942e-02,-7.420570123940706253e-03,1.604374289512634277e+00,-3.976065665483474731e-02,7.532342523336410522e-02,3.091806173324584961e-02,4.660635814070701599e-02,4.359157085418701172e-01,8.575361967086791992e-01,-8.983445167541503906e-01,-2.650471031665802002e-01,8.560191988945007324e-01,8.871181011199951172e-01,0.000000000000000000e+00,6.266397833824157715e-01,-8.901382684707641602e-01,6.464848518371582031e-01,-4.866013228893280029e-01,-9.025332927703857422e-01,-7.530913352966308594e-01,0.000000000000000000e+00
-1.404279377311468124e-03,8.631704002618789673e-02,4.769873023033142090e-01,-1.521440446376800537e-01,1.487876027822494507e-01,6.690702438354492188e-01,7.120810747146606445e-01,-2.015188217163085938e+00,5.829346179962158203e-02,6.422475446015596390e-03,1.635029673576354980e+00,-7.136894762516021729e-02,-4.694815725088119507e-02,-2.006492614746093750e+00,-5.362818017601966858e-02,-8.249691687524318695e-03,1.618808150291442871e+00,-4.899069294333457947e-02,7.348510622978210449e-02,2.624266594648361206e-02,4.475813359022140503e-02,4.401183724403381348e-01,8.966444730758666992e-01,-9.613599777221679688e-01,-2.819622755050659180e-01,8.778020143508911133e-01,9.896830320358276367e-01,0.000000000000000000e+00,6.228757500648498535e-01,-9.553704857826232910e-01,7.025942206382751465e-01,-5.127950906753540039e-01,-9.122494459152221680e-01,-8.086512684822082520e-01,0.000000000000000000e+00
-2.084059669869020581e-04,9.540135413408279419e-02,4.803771674633026123e-01,-1.698315888643264771e-01,1.674467921257019043e-01,6.663290858268737793e-01,7.064872980117797852e-01,-2.057819366455078125e+00,5.127105489373207092e-02,3.917492460459470749e-03,1.645472407341003418e+00,-9.452665597200393677e-02,-4.758469760417938232e-02,-2.049663782119750977e+00,-5.825320631265640259e-02,-8.656693622469902039e-03,1.630649447441101074e+00,-6.060936301946640015e-02,7.041665911674499512e-02,2.114307880401611328e-02,4.279675707221031189e-02,4.380838274955749512e-01,9.331474304199218750e-01,-1.029234886169433594e+00,-2.892797589302062988e-01,9.035881161689758301e-01,1.081578493118286133e+00,0.000000000000000000e+00,6.081656813621520996e-01,-1.014132022857666016e+00,7.622018456459045410e-01,-5.259132981300354004e-01,-9.266268610954284668e-01,-8.624358177185058594e-01,0.000000000000000000e+00
1.457342412322759628e-03,1.050775572657585144e-01,4.856488704681396484e-01,-1.850047260522842407e-01,1.841872483491897583e-01,6.636350154876708984e-01,7.010255455970764160e-01,-2.088768005371093750e+00,4.547059163451194763e-02,2.052874537184834480e-03,1.652042150497436523e+00,-1.190270781517028809e-01,-4.832215607166290283e-02,-2.081918001174926758e+00,-6.243623793125152588e-02,-9.283212944865226746e-03,1.639218688011169434e+00,-7.513296604156494141e-02,6.630349904298782349e-02,1.648419536650180817e-02,4.017974063754081726e-02,4.271302223205566406e-01,9.601477980613708496e-01,-1.091444730758666992e+00,-2.911803126335144043e-01,9.296756982803344727e-01,1.134399652481079102e+00,0.000000000000000000e+00,5.840193629264831543e-01,-1.058838963508605957e+00,8.199341893196105957e-01,-5.234619975090026855e-01,-9.423218965530395508e-01,-9.118944406509399414e-01,0.000000000000000000e+00
3.405293682590126991e-03,1.153839901089668274e-01,4.923961758613586426e-01,-1.979730576276779175e-01,1.987014114856719971e-01,6.611194610595703125e-01,6.958774924278259277e-01,-2.109094381332397461e+00,4.206024855375289917e-02,8.953156066127121449e-04,1.655497908592224121e+00,-1.430568695068359375e-01,-4.893847182393074036e-02,-2.103780269622802734e+00,-6.563635915517807007e-02,-1.029962673783302307e-02,1.644945502281188965e+00,-9.209984540939331055e-02,6.328164041042327881e-02,1.298257336020469666e-02,3.774369135499000549e-02,4.110888838768005371e-01,9.761500954627990723e-01,-1.139450073242187500e+00,-2.994633018970489502e-01,9.539142847061157227e-01,1.134400010108947754e+00,0.000000000000000000e+00,5.540012717247009277e-01,-1.091258645057678223e+00,8.719714879989624023e-01,-5.073237419128417969e-01,-9.551442265510559082e-01,-9.569255709648132324e-01,0.000000000000000000e+00
5.618471652269363403e-03,1.260807216167449951e-01,4.998412728309631348e-01,-2.085030376911163330e-01,2.109586745500564575e-01,6.586047410964965820e-01,6.915654540061950684e-01,-2.120156526565551758e+00,4.168741032481193542e-02,2.121146826539188623e-04,1.657194256782531738e+00,-1.663305759429931641e-01,-4.930857941508293152e-02,-2.116635799407958984e+00,-6.700215488672256470e-02,-1.162114460021257401e-02,1.648623585700988770e+00,-1.097328737378120422e-01,6.085096672177314758e-02,9.345886297523975372e-03,3.413854911923408508e-02,3.946890532970428467e-01,9.871113896369934082e-01,-1.177863121032714844e+00,-2.998796701431274414e-01,9.705794453620910645e-01,1.134400010108947754e+00,0.000000000000000000e+00,5.208000540733337402e-01,-1.117336869239807129e+00,9.192681312561035156e-01,-4.827288687229156494e-01,-9.624706506729125977e-01,-9.979899525642395020e-01,0.000000000000000000e+00
7.973976433277130127e-03,1.370128840208053589e-01,5.081034302711486816e-01,-2.179637998342514038e-01,2.223929762840270996e-01,6.555885076522827148e-01,6.879221200942993164e-01,-2.125619888305664062e+00,4.408096522092819214e-02,-1.268449705094099045e-03,1.656309247016906738e+00,-1.885288208723068237e-01,-5.062500759959220886e-02,-2.124132156372070312e+00,-6.617925316095352173e-02,-1.220698934048414230e-02,1.649318337440490723e+00,-1.290004253387451172e-01,6.128829717636108398e-02,5.437775515019893646e-03,2.915904857218265533e-02,3.776747286319732666e-01,9.933627843856811523e-01,-1.202796816825866699e+00,-2.951636016368865967e-01,9.789714813232421875e-01,1.134400010108947754e+00,0.000000000000000000e+00,4.906084537506103516e-01,-1.138198852539062500e+00,9.526024460792541504e-01,-4.567857086658477783e-01,-9.649944901466369629e-01,-1.029331088066101074e+00,0.000000000000000000e+00
1.035629212856292725e-02,1.477857828140258789e-01,5.169981718063354492e-01,-2.251366972923278809e-01,2.319972068071365356e-01,6.526626348495483398e-01,6.852169036865234375e-01,-2.122944593429565430e+00,4.859696701169013977e-02,-8.160566794686019421e-04,1.652447819709777832e+00,-2.084096074104309082e-01,-5.084126442670822144e-02,-2.124054908752441406e+00,-6.440802663564682007e-02,-1.414997875690460205e-02,1.647076845169067383e+00,-1.488859206438064575e-01,6.260391324758529663e-02,1.651112921535968781e-03,2.398674562573432922e-02,3.588860630989074707e-01,9.944795966148376465e-01,-1.221886754035949707e+00,-2.858723998069763184e-01,9.832752943038940430e-01,1.134400010108947754e+00,0.000000000000000000e+00,4.577547013759613037e-01,-1.153048276901245117e+00,9.836519956588745117e-01,-4.255839884281158447e-01,-9.618495106697082520e-01,-1.059811234474182129e+00,0.000000000000000000e+00
1.258231420069932938e-02,1.580322831869125366e-01,5.264944434165954590e-01,-2.308807522058486938e-01,2.402800619602203369e-01,6.497089862823486328e-01,6.832552552223205566e-01,-2.114452838897705078e+00,5.379432067275047302e-02,1.052172228810377419e-04,1.644806861877441406e+00,-2.255122810602188110e-01,-5.160713195800781250e-02,-2.118204116821289062e+00,-6.142486631870269775e-02,-1.597183011472225189e-02,1.640824317932128906e+00,-1.678313314914703369e-01,6.444545835256576538e-02,-1.926988363265991211e-03,1.906090043485164642e-02,3.363785743713378906e-01,9.927700757980346680e-01,-1.238152742385864258e+00,-2.722914218902587891e-01,9.859194755554199219e-01,1.134400010108947754e+00,0.000000000000000000e+00,4.204773008823394775e-01,-1.162803411483764648e+00,1.014694571495056152e+00,-3.922576010227203369e-01,-9.559976458549499512e-01,-1.085069179534912109e+00,0.000000000000000000e+00
1.455106586217880249e-02,1.676914989948272705e-01,5.365834236145019531e-01,-2.354633510112762451e-01,2.472260296344757080e-01,6.469150781631469727e-01,6.818630099296569824e-01,-2.100712060928344727e+00,5.897869914770126343e-02,1.294046523980796337e-03,1.633302092552185059e+00,-2.402288764715194702e-01,-5.213538184762001038e-02,-2.106891870498657227e+00,-5.756860598921775818e-02,-1.733881421387195587e-02,1.630423426628112793e+00,-1.856194734573364258e-01,6.521397083997726440e-02,-5.216876510530710220e-03,1.440030429512262344e-02,3.087199926376342773e-01,9.903648495674133301e-01,-1.255051255226135254e+00,-2.546992301940917969e-01,9.876696467399597168e-01,1.134400010108947754e+00,0.000000000000000000e+00,3.768010735511779785e-01,-1.168548703193664551e+00,1.048683524131774902e+00,-3.587892353534698486e-01,-9.498263001441955566e-01,-1.100872635841369629e+00,0.000000000000000000e+00
1.603908650577068329e-02,1.766513139009475708e-01,5.471516251564025879e-01,-2.389584630727767944e-01,2.529156804084777832e-01,6.443116664886474609e-01,6.810249686241149902e-01,-2.082297325134277344e+00,6.346856802701950073e-02,2.646489301696419716e-03,1.618013620376586914e+00,-2.523914277553558350e-01,-5.175706371665000916e-02,-2.090686559677124023e+00,-5.415667593479156494e-02,-1.827232912182807922e-02,1.615935564041137695e+00,-2.021073102951049805e-01,6.492750346660614014e-02,-8.331689983606338501e-03,9.817169979214668274e-03,2.738753855228424072e-01,9.877865314483642578e-01,-1.276211261749267578e+00,-2.328033745288848877e-01,9.874215126037597656e-01,1.134400010108947754e+00,0.000000000000000000e+00,3.243512511253356934e-01,-1.169492125511169434e+00,1.088040828704833984e+00,-3.270052373409271240e-01,-9.430639147758483887e-01,-1.106066942214965820e+00,0.000000000000000000e+00
1.711302623152732849e-02,1.847775429487228394e-01,5.583781003952026367e-01,-2.414400428533554077e-01,2.575008869171142578e-01,6.420602202415466309e-01,6.805576682090759277e-01,-2.059283971786499023e+00,6.653718650341033936e-02,4.195414949208498001e-03,1.598065376281738281e+00,-2.619057297706604004e-01,-5.073253810405731201e-02,-2.069654941558837891e+00,-5.185446143150329590e-02,-1.868925802409648895e-02,1.596815347671508789e+00,-2.171419411897659302e-01,6.333609670400619507e-02,-1.120534632354974747e-02,5.048216786235570908e-03,2.293127924203872681e-01,9.840721487998962402e-01,-1.301834225654602051e+00,-2.050257772207260132e-01,9.832134246826171875e-01,1.134400010108947754e+00,0.000000000000000000e+00,2.611940503120422363e-01,-1.162216424942016602e+00,1.132928252220153809e+00,-2.957114279270172119e-01,-9.333595633506774902e-01,-1.099409699440002441e+00,0.000000000000000000e+00
1.791692525148391724e-02,1.922205686569213867e-01,5.701934099197387695e-01,-2.430680096149444580e-01,2.610971033573150635e-01,6.403036117553710938e-01,6.802628636360168457e-01,-2.032299995422363281e+00,6.817694008350372314e-02,6.022519432008266449e-03,1.573822617530822754e+00,-2.693208754062652588e-01,-4.928842559456825256e-02,-2.044517040252685547e+00,-5.025744065642356873e-02,-1.858106255531311035e-02,1.573681473731994629e+00,-2.309131771326065063e-01,6.222502142190933228e-02,-1.351505331695079803e-02,-4.660395279643125832e-05,1.757443249225616455e-01,9.781126976013183594e-01,-1.328787446022033691e+00,-1.683398783206939697e-01,9.713087081909179688e-01,1.134400010108947754e+00,0.000000000000000000e+00,1.886425465345382690e-01,-1.144470930099487305e+00,1.181937932968139648e+00,-2.607961595058441162e-01,-9.175816774368286133e-01,-1.082921385765075684e+00,0.000000000000000000e+00
1.854725368320941925e-02,1.991705447435379028e-01,5.825616717338562012e-01,-2.429446727037429810e-01,2.630515694618225098e-01,6.394721269607543945e-01,6.803360581398010254e-01,-1.999026060104370117e+00,6.845699250698089600e-02,9.360175579786300659e-03,1.545384287834167480e+00,-2.748799324035644531e-01,-4.741216823458671570e-02,-2.013220071792602539e+00,-4.974266141653060913e-02,-1.870548166334629059e-02,1.546857953071594238e+00,-2.428424358367919922e-01,6.050154566764831543e-02,-1.737988367676734924e-02,-7.287814747542142868e-03,1.079390197992324829e-01,9.667826294898986816e-01,-1.361825108528137207e+00,-1.140597090125083923e-01,9.462962150573730469e-01,1.134400010108947754e+00,0.000000000000000000e+00,9.246321022510528564e-02,-1.108942866325378418e+00,1.249210834503173828e+00,-2.092970162630081177e-01,-8.864222168922424316e-01,-1.060665965080261230e+00,0.000000000000000000e+00
1.891664415597915649e-02,2.059160023927688599e-01,5.952203273773193359e-01,-2.431629449129104614e-01,2.651441395282745361e-01,6.385641098022460938e-01,6.802986264228820801e-01,-1.965875506401062012e+00,6.813959032297134399e-02,1.219356898218393326e-02,1.514601707458496094e+00,-2.799595594406127930e-01,-4.735679179430007935e-02,-1.981520175933837891e+00,-4.998620972037315369e-02,-1.780505478382110596e-02,1.517458081245422363e+00,-2.539716362953186035e-01,5.983002111315727234e-02,-2.300629578530788422e-02,-1.378982327878475189e-02,3.785795345902442932e-02,9.544637203216552734e-01,-1.388633847236633301e+00,-5.382436886429786682e-02,9.184208512306213379e-01,1.134400010108947754e+00,0.000000000000000000e+00,-3.646885976195335388e-03,-1.066972851753234863e+00,1.309585690498352051e+00,-1.518807262182235718e-01,-8.466742038726806641e-01,-1.036194562911987305e+00,0.000000000000000000e+00
1.895136572420597076e-02,2.125402539968490601e-01,6.083505749702453613e-01,-2.429433465003967285e-01,2.666067779064178467e-01,6.379625797271728516e-01,6.803697943687438965e-01,-1.929929852485656738e+00,6.681302934885025024e-02,1.519376691430807114e-02,1.480658292770385742e+00,-2.845068871974945068e-01,-4.708323255181312561e-02,-1.946701645851135254e+00,-5.160744860768318176e-02,-1.691030710935592651e-02,1.484772205352783203e+00,-2.630512714385986328e-01,5.898454040288925171e-02,-2.940914779901504517e-02,-1.868652366101741791e-02,-3.422015532851219177e-02,9.389287829399108887e-01,-1.417667865753173828e+00,1.140426564961671829e-02,8.878893852233886719e-01,1.134400010108947754e+00,0.000000000000000000e+00,-9.426666796207427979e-02,-1.020646095275878906e+00,1.362789154052734375e+00,-8.840215206146240234e-02,-8.009055256843566895e-01,-1.007679820060729980e+00,0.000000000000000000e+00
1.867954432964324951e-02,2.192247062921524048e-01,6.218799352645874023e-01,-2.432119548320770264e-01,2.679998576641082764e-01,6.375114917755126953e-01,6.801493763923645020e-01,-1.893466353416442871e+00,6.453401595354080200e-02,1.721455529332160950e-02,1.444050669670104980e+00,-2.886787950992584229e-01,-4.657318815588951111e-02,-1.910787582397460938e+00,-5.444288253784179688e-02,-1.594315469264984131e-02,1.449262499809265137e+00,-2.705617547035217285e-01,5.879087001085281372e-02,-3.402167931199073792e-02,-1.961901038885116577e-02,-1.013100668787956238e-01,9.221583604812622070e-01,-1.444631695747375488e+00,7.372871786355972290e-02,8.631976246833801270e-01,1.134400010108947754e+00,0.000000000000000000e+00,-1.648640632629394531e-01,-9.801266789436340332e-01,1.395130753517150879e+00,-2.829500846564769745e-02,-7.603864669799804688e-01,-9.743677973747253418e-01,0.000000000000000000e+00
1.829957216978073120e-02,2.257792502641677856e-01,6.357268095016479492e-01,-2.426178753376007080e-01,2.682299315929412842e-01,6.380365490913391113e-01,6.797783970832824707e-01,-1.853012919425964355e+00,6.097540631890296936e-02,1.991154067218303680e-02,1.403832316398620605e+00,-2.911451458930969238e-01,-4.471444338560104370e-02,-1.870739579200744629e+00,-5.877432227134704590e-02,-1.598329097032546997e-02,1.410717606544494629e+00,-2.756887674331665039e-01,5.765107646584510803e-02,-3.743527829647064209e-02,-1.913353614509105682e-02,-1.718297153711318970e-01,8.967343568801879883e-01,-1.481423377990722656e+00,1.452904492616653442e-01,8.361891508102416992e-01,1.134399771690368652e+00,0.000000000000000000e+00,-2.296674847602844238e-01,-9.349375367164611816e-01,1.424119234085083008e+00,3.942984715104103088e-02,-7.196465730667114258e-01,-9.342027902603149414e-01,0.000000000000000000e+00
1.777914538979530334e-02,2.324258685111999512e-01,6.499967575073242188e-01,-2.419470548629760742e-01,2.679823040962219238e-01,6.391913294792175293e-01,6.790298819541931152e-01,-1.810329794883728027e+00,5.658480152487754822e-02,2.268097177147865295e-02,1.359980106353759766e+00,-2.921682596206665039e-01,-4.198908805847167969e-02,-1.828163146972656250e+00,-6.467419117689132690e-02,-1.698701456189155579e-02,1.369078755378723145e+00,-2.794001102447509766e-01,5.697660893201828003e-02,-3.822649270296096802e-02,-1.697538420557975769e-02,-2.439402788877487183e-01,8.600400686264038086e-01,-1.517999291419982910e+00,2.133727222681045532e-01,8.098806738853454590e-01,1.100400209426879883e+00,0.000000000000000000e+00,-2.847463488578796387e-01,-8.869022130966186523e-01,1.445373654365539551e+00,1.107940226793289185e-01,-6.837822794914245605e-01,-8.885468840599060059e-01,0.000000000000000000e+00
1.710318215191364288e-02,2.388038337230682373e-01,6.647545099258422852e-01,-2.411990165710449219e-01,2.672892808914184570e-01,6.407656073570251465e-01,6.780847311019897461e-01,-1.765465497970581055e+00,5.158530920743942261e-02,2.523492649197578430e-02,1.311645865440368652e+00,-2.912067770957946777e-01,-3.863126784563064575e-02,-1.783118486404418945e+00,-7.131542265415191650e-02,-1.901431754231452942e-02,1.323286175727844238e+00,-2.813459336757659912e-01,5.689234659075737000e-02,-3.608115389943122864e-02,-1.352152228355407715e-02,-3.108207285404205322e-01,8.130294680595397949e-01,-1.551675915718078613e+00,2.803766727447509766e-01,7.870574593544006348e-01,1.050795912742614746e+00,0.000000000000000000e+00,-3.286069929599761963e-01,-8.356746435165405273e-01,1.456346392631530762e+00,1.859973967075347900e-01,-6.523717045783996582e-01,-8.364910483360290527e-01,0.000000000000000000e+00
1.633608713746070862e-02,2.445326745510101318e-01,6.799852252006530762e-01,-2.400306761264801025e-01,2.658142149448394775e-01,6.426120996475219727e-01,6.773313283920288086e-01,-1.717535138130187988e+00,4.659976437687873840e-02,2.739483676850795746e-02,1.258176684379577637e+00,-2.872296869754791260e-01,-3.509224951267242432e-02,-1.734739542007446289e+00,-7.756787538528442383e-02,-2.213166095316410065e-02,1.272352457046508789e+00,-2.807654440402984619e-01,5.713066086173057556e-02,-3.117625787854194641e-02,-9.711685590445995331e-03,-3.685781955718994141e-01,7.565529346466064453e-01,-1.582715630531311035e+00,3.470344543457031250e-01,7.671453356742858887e-01,9.896994233131408691e-01,0.000000000000000000e+00,-3.631557822227478027e-01,-7.799366712570190430e-01,1.459371805191040039e+00,2.676293551921844482e-01,-6.258120536804199219e-01,-7.761695384979248047e-01,0.000000000000000000e+00
1.571904495358467102e-02,2.500821352005004883e-01,6.954541206359863281e-01,-2.381153404712677002e-01,2.634425461292266846e-01,6.446086764335632324e-01,6.770367622375488281e-01,-1.665868163108825684e+00,4.200923442840576172e-02,2.903889678418636322e-02,1.200721502304077148e+00,-2.809426784515380859e-01,-3.237117454409599304e-02,-1.682623744010925293e+00,-8.291409164667129517e-02,-2.646509371697902679e-02,1.217364668846130371e+00,-2.773472666740417480e-01,5.772355198860168457e-02,-2.405685745179653168e-02,-6.372402887791395187e-03,-4.155378341674804688e-01,6.921559572219848633e-01,-1.613263249397277832e+00,4.124026298522949219e-01,7.447853088378906250e-01,9.145686626434326172e-01,0.000000000000000000e+00,-3.916762471199035645e-01,-7.191915512084960938e-01,1.460935831069946289e+00,3.555970489978790283e-01,-6.036842465400695801e-01,-7.069211006164550781e-01,0.000000000000000000e+00
1.533798873424530029e-02,2.557248473167419434e-01,7.110192775726318359e-01,-2.352965474128723145e-01,2.601938247680664062e-01,6.467483043670654297e-01,6.772380471229553223e-01,-1.610237240791320801e+00,3.749655187129974365e-02,3.017408773303031921e-02,1.139874458312988281e+00,-2.741075754165649414e-01,-3.125785291194915771e-02,-1.626663446426391602e+00,-8.716372400522232056e-02,-3.159381449222564697e-02,1.158991456031799316e+00,-2.719673812389373779e-01,5.837830901145935059e-02,-1.620852574706077576e-02,-3.835689043626189232e-03,-4.504897296428680420e-01,6.223797202110290527e-01,-1.643007874488830566e+00,4.747469723224639893e-01,7.122799158096313477e-01,8.261986374855041504e-01,0.000000000000000000e+00,-4.165954589843750000e-01,-6.538683772087097168e-01,1.465757012367248535e+00,4.488703012466430664e-01,-5.834251046180725098e-01,-6.303417682647705078e-01,0.000000000000000000e+00
1.508693210780620575e-02,2.614152729511260986e-01,7.264297604560852051e-01,-2.317191660404205322e-01,2.561977505683898926e-01,6.489850878715515137e-01,6.778548955917358398e-01,-1.551551342010498047e+00,3.302594274282455444e-02,3.090825304388999939e-02,1.076276421546936035e+00,-2.671076059341430664e-01,-3.170191496610641479e-02,-1.567732691764831543e+00,-9.059933573007583618e-02,-3.744176775217056274e-02,1.097868919372558594e+00,-2.652023434638977051e-01,5.958727747201919556e-02,-9.138157591223716736e-03,-1.928210491314530373e-03,-4.735667407512664795e-01,5.503029823303222656e-01,-1.668860793113708496e+00,5.326721072196960449e-01,6.622840762138366699e-01,7.224394679069519043e-01,0.000000000000000000e+00,-4.368805587291717529e-01,-5.854882001876831055e-01,1.473161220550537109e+00,5.449679493904113770e-01,-5.619912743568420410e-01,-5.472468137741088867e-01,0.000000000000000000e+00
1.482982281595468521e-02,2.672734856605529785e-01,7.416561245918273926e-01,-2.273879200220108032e-01,2.515475749969482422e-01,6.515105366706848145e-01,6.786402463912963867e-01,-1.489803433418273926e+00,2.818294614553451538e-02,3.166482597589492798e-02,1.009709358215332031e+00,-2.591839730739593506e-01,-3.383744508028030396e-02,-1.505882024765014648e+00,-9.406947344541549683e-02,-4.409516975283622742e-02,1.034075260162353516e+00,-2.563964426517486572e-01,6.099066883325576782e-02,-3.839585930109024048e-03,-6.969806854613125324e-04,-4.875242710113525391e-01,4.797899127006530762e-01,-1.688800334930419922e+00,5.874158143997192383e-01,5.913528800010681152e-01,6.007106900215148926e-01,0.000000000000000000e+00,-4.493175148963928223e-01,-5.179060101509094238e-01,1.479232072830200195e+00,6.379919052124023438e-01,-5.354329347610473633e-01,-4.600015580654144287e-01,0.000000000000000000e+00
1.463858038187026978e-02,2.732809782028198242e-01,7.562925219535827637e-01,-2.223743051290512085e-01,2.460414618253707886e-01,6.545352935791015625e-01,6.794092059135437012e-01,-1.426205635070800781e+00,2.206993103027343750e-02,3.191660344600677490e-02,9.409110546112060547e-01,-2.486919760704040527e-01,-3.604445978999137878e-02,-1.441774487495422363e+00,-9.736864268779754639e-02,-5.152312293648719788e-02,9.691799879074096680e-01,-2.458520531654357910e-01,6.283652037382125854e-02,-5.400817462941631675e-05,2.808565041050314903e-04,-4.971738159656524658e-01,4.123471379280090332e-01,-1.704715371131896973e+00,6.434119939804077148e-01,5.056177377700805664e-01,4.593296349048614502e-01,0.000000000000000000e+00,-4.532712996006011963e-01,-4.555254280567169189e-01,1.479998588562011719e+00,7.226932048797607422e-01,-5.016031265258789062e-01,-3.727469444274902344e-01,0.000000000000000000e+00
1.457152422517538071e-02,2.794767618179321289e-01,7.701058983802795410e-01,-2.164541631937026978e-01,2.400252223014831543e-01,6.581043601036071777e-01,6.800251007080078125e-01,-1.360334157943725586e+00,1.603999361395835876e-02,3.005476854741573334e-02,8.714576363563537598e-01,-2.368524074554443359e-01,-4.040512442588806152e-02,-1.376050472259521484e+00,-1.013994216918945312e-01,-5.950094014406204224e-02,9.039849638938903809e-01,-2.313299477100372314e-01,6.462726742029190063e-02,2.697868039831519127e-03,5.550878704525530338e-04,-5.060667395591735840e-01,3.493785858154296875e-01,-1.720583438873291016e+00,7.040116190910339355e-01,4.263017773628234863e-01,3.072930574417114258e-01,0.000000000000000000e+00,-4.504997730255126953e-01,-4.018918573856353760e-01,1.474094986915588379e+00,7.950856685638427734e-01,-4.616161584854125977e-01,-2.913075983524322510e-01,0.000000000000000000e+00
1.463050674647092819e-02,2.859101295471191406e-01,7.828751206398010254e-01,-2.100316882133483887e-01,2.332807481288909912e-01,6.621612310409545898e-01,6.804478764533996582e-01,-1.293202161788940430e+00,9.027790278196334839e-03,2.754876576364040375e-02,8.032907843589782715e-01,-2.252017557621002197e-01,-4.298016056418418884e-02,-1.310159206390380859e+00,-1.057401224970817566e-01,-6.864820420742034912e-02,8.411098718643188477e-01,-2.182722389698028564e-01,6.529307365417480469e-02,5.335608962923288345e-03,1.014773733913898468e-03,-5.132862329483032227e-01,2.939186096191406250e-01,-1.738451123237609863e+00,7.653632164001464844e-01,3.752912878990173340e-01,1.648294329643249512e-01,0.000000000000000000e+00,-4.422385394573211670e-01,-3.600009679794311523e-01,1.461367130279541016e+00,8.504887819290161133e-01,-4.180884659290313721e-01,-2.216976583003997803e-01,0.000000000000000000e+00
1.463706232607364655e-02,2.925378382205963135e-01,7.938549518585205078e-01,-2.054869234561920166e-01,2.284916192293167114e-01,6.654757857322692871e-01,6.802269220352172852e-01,-1.236267685890197754e+00,3.419398562982678413e-03,2.527909167110919952e-02,7.408978343009948730e-01,-2.111064195632934570e-01,-4.601919651031494141e-02,-1.253775119781494141e+00,-1.092228591442108154e-01,-7.698993384838104248e-02,7.840370535850524902e-01,-2.057987600564956665e-01,6.632562726736068726e-02,6.401308346539735794e-03,1.288196188397705555e-03,-5.201311111450195312e-01,2.569301128387451172e-01,-1.752762794494628906e+00,8.119304776191711426e-01,3.586994111537933350e-01,6.121359393000602722e-02,0.000000000000000000e+00,-4.354590773582458496e-01,-3.339021205902099609e-01,1.445517420768737793e+00,8.823173642158508301e-01,-3.776789605617523193e-01,-1.729518026113510132e-01,0.000000000000000000e+00
1.459643803536891937e-02,2.991464138031005859e-01,8.033065199851989746e-01,-1.986743658781051636e-01,2.212488651275634766e-01,6.694384217262268066e-01,6.807566881179809570e-01,-1.175207972526550293e+00,-1.392066595144569874e-03,2.300812304019927979e-02,6.822475790977478027e-01,-1.957765817642211914e-01,-4.878633841872215271e-02,-1.193379402160644531e+00,-1.121550574898719788e-01,-8.554814755916595459e-02,7.310127615928649902e-01,-1.938309222459793091e-01,6.788460910320281982e-02,8.746501989662647247e-03,1.283810357563197613e-03,-5.206142663955688477e-01,2.258891463279724121e-01,-1.763586640357971191e+00,8.492986559867858887e-01,3.563558757305145264e-01,-2.733642235398292542e-02,0.000000000000000000e+00,-4.222588241100311279e-01,-3.153645098209381104e-01,1.424640893936157227e+00,9.028106331825256348e-01,-3.337627053260803223e-01,-1.322280913591384888e-01,0.000000000000000000e+00
1.441879104822874069e-02,3.058362901210784912e-01,8.114438056945800781e-01,-1.913943886756896973e-01,2.131330817937850952e-01,6.730778813362121582e-01,6.818420886993408203e-01,-1.115250468254089355e+00,-4.907621536403894424e-03,2.004017867147922516e-02,6.287376284599304199e-01,-1.815064400434494019e-01,-5.030163377523422241e-02,-1.133761167526245117e+00,-1.136596798896789551e-01,-9.373224526643753052e-02,6.819930076599121094e-01,-1.831871867179870605e-01,6.990513205528259277e-02,1.225764118134975433e-02,1.242056139744818211e-03,-5.177091956138610840e-01,2.060307413339614868e-01,-1.766913414001464844e+00,8.744531273841857910e-01,3.656021058559417725e-01,-9.634165465831756592e-02,0.000000000000000000e+00,-4.057958722114562988e-01,-3.063400089740753174e-01,1.399494171142578125e+00,9.093573689460754395e-01,-2.887999117374420166e-01,-1.030585914850234985e-01,0.000000000000000000e+00
1.417210418730974197e-02,3.127735555171966553e-01,8.183820843696594238e-01,-1.839891821146011353e-01,2.044649869203567505e-01,6.763522028923034668e-01,6.832932829856872559e-01,-1.057662010192871094e+00,-6.930544506758451462e-03,1.697197556495666504e-02,5.814016461372375488e-01,-1.687719970941543579e-01,-5.142627283930778503e-02,-1.076045155525207520e+00,-1.136634126305580139e-01,-1.011623963713645935e-01,6.376425027847290039e-01,-1.736231744289398193e-01,7.310879975557327271e-02,1.637615077197551727e-02,1.132165547460317612e-03,-5.128201842308044434e-01,1.972837001085281372e-01,-1.759567856788635254e+00,8.881465196609497070e-01,3.805301785469055176e-01,-1.473577767610549927e-01,0.000000000000000000e+00,-3.871323168277740479e-01,-3.057191967964172363e-01,1.368895173072814941e+00,9.047176837921142578e-01,-2.438471466302871704e-01,-8.146489411592483521e-02,0.000000000000000000e+00
1.382400561124086380e-02,3.196687698364257812e-01,8.241066336631774902e-01,-1.765256077051162720e-01,1.953982859849929810e-01,6.790938377380371094e-01,6.851932406425476074e-01,-1.003735423088073730e+00,-7.245011162012815475e-03,1.482274569571018219e-02,5.416163206100463867e-01,-1.580029577016830444e-01,-5.280162394046783447e-02,-1.021209955215454102e+00,-1.122880503535270691e-01,-1.075358241796493530e-01,5.985966324806213379e-01,-1.659825295209884644e-01,7.603891193866729736e-02,2.061635069549083710e-02,8.611357188783586025e-04,-5.060226321220397949e-01,1.985334455966949463e-01,-1.740134119987487793e+00,8.923240303993225098e-01,3.970182538032531738e-01,-1.798994839191436768e-01,0.000000000000000000e+00,-3.672935664653778076e-01,-3.118190467357635498e-01,1.334023833274841309e+00,8.923177719116210938e-01,-1.999881416559219360e-01,-6.566350162029266357e-02,0.000000000000000000e+00
1.343574747443199158e-02,3.264749348163604736e-01,8.289006948471069336e-01,-1.677283942699432373e-01,1.844104230403900146e-01,6.814433932304382324e-01,6.881096363067626953e-01,-9.485418200492858887e-01,-5.249932408332824707e-03,1.423032023012638092e-02,5.081992745399475098e-01,-1.502228677272796631e-01,-5.434119701385498047e-02,-9.641743898391723633e-01,-1.088021844625473022e-01,-1.125733479857444763e-01,5.628591775894165039e-01,-1.590287089347839355e-01,7.871901243925094604e-02,2.610419690608978271e-02,1.120184315368533134e-03,-4.923430383205413818e-01,2.072551548480987549e-01,-1.709877848625183105e+00,8.902103900909423828e-01,4.118858277797698975e-01,-1.979100555181503296e-01,0.000000000000000000e+00,-3.422331809997558594e-01,-3.249403238296508789e-01,1.295654535293579102e+00,8.743733763694763184e-01,-1.541958302259445190e-01,-5.234486609697341919e-02,0.000000000000000000e+00
1.314528379589319229e-02,3.329164087772369385e-01,8.328304290771484375e-01,-1.602778881788253784e-01,1.751853972673416138e-01,6.830892562866210938e-01,6.906592249870300293e-01,-9.017129540443420410e-01,-2.696006558835506439e-03,1.542990840971469879e-02,4.810518324375152588e-01,-1.454450935125350952e-01,-5.627772212028503418e-02,-9.156696796417236328e-01,-1.052362546324729919e-01,-1.160679757595062256e-01,5.327133536338806152e-01,-1.538847088813781738e-01,8.151533454656600952e-02,2.929120883345603943e-02,4.481471260078251362e-04,-4.811333715915679932e-01,2.220693081617355347e-01,-1.671340823173522949e+00,8.868077993392944336e-01,4.215909540653228760e-01,-2.010263204574584961e-01,0.000000000000000000e+00,-3.234530687332153320e-01,-3.382159769535064697e-01,1.256702184677124023e+00,8.592795133590698242e-01,-1.094768345355987549e-01,-4.259388521313667297e-02,0.000000000000000000e+00
1.276574656367301941e-02,3.391574919223785400e-01,8.360893726348876953e-01,-1.528443396091461182e-01,1.662196218967437744e-01,6.840847134590148926e-01,6.935688257217407227e-01,-8.583161830902099609e-01,5.674702115356922150e-04,1.846984028816223145e-02,4.592724740505218506e-01,-1.425634324550628662e-01,-5.863467603921890259e-02,-8.705908656120300293e-01,-1.011701002717018127e-01,-1.175739541649818420e-01,5.066434741020202637e-01,-1.499055922031402588e-01,8.522451668977737427e-02,3.144780546426773071e-02,-8.156239637173712254e-04,-4.673606157302856445e-01,2.413615882396697998e-01,-1.622529506683349609e+00,8.859004974365234375e-01,4.249382913112640381e-01,-1.952199935913085938e-01,0.000000000000000000e+00,-3.069098889827728271e-01,-3.508214056491851807e-01,1.215757012367248535e+00,8.493445515632629395e-01,-6.294707953929901123e-02,-3.247985988855361938e-02,0.000000000000000000e+00
1.223074086010456085e-02,3.453556001186370850e-01,8.389488458633422852e-01,-1.452663093805313110e-01,1.573726385831832886e-01,6.843423843383789062e-01,6.969985961914062500e-01,-8.166586756706237793e-01,4.128562286496162415e-03,2.271022647619247437e-02,4.410161375999450684e-01,-1.411611288785934448e-01,-6.105751544237136841e-02,-8.273224234580993652e-01,-9.672943502664566040e-02,-1.174060180783271790e-01,4.827622771263122559e-01,-1.463315784931182861e-01,8.929080516099929810e-02,3.294422850012779236e-02,-2.390405395999550819e-03,-4.503549933433532715e-01,2.635600268840789795e-01,-1.562513589859008789e+00,8.899572491645812988e-01,4.153201580047607422e-01,-1.814263463020324707e-01,0.000000000000000000e+00,-2.918208241462707520e-01,-3.615382015705108643e-01,1.173410177230834961e+00,8.467116951942443848e-01,-1.541218068450689316e-02,-2.272137627005577087e-02,0.000000000000000000e+00
1.158043090254068375e-02,3.511523604393005371e-01,8.414624929428100586e-01,-1.378510445356369019e-01,1.488920897245407104e-01,6.840522289276123047e-01,7.006431221961975098e-01,-7.775132656097412109e-01,7.623957470059394836e-03,2.777499146759510040e-02,4.251914024353027344e-01,-1.401012837886810303e-01,-6.387662142515182495e-02,-7.866466045379638672e-01,-9.205657243728637695e-02,-1.154146790504455566e-01,4.604511857032775879e-01,-1.421932280063629150e-01,9.348451346158981323e-02,3.378832340240478516e-02,-3.733540652319788933e-03,-4.303410947322845459e-01,2.873215973377227783e-01,-1.492018222808837891e+00,8.984431624412536621e-01,3.896553814411163330e-01,-1.593064814805984497e-01,0.000000000000000000e+00,-2.779774069786071777e-01,-3.706083297729492188e-01,1.131758451461791992e+00,8.497979044914245605e-01,3.037973307073116302e-02,-1.392458751797676086e-02,0.000000000000000000e+00
1.105857081711292267e-02,3.564092218875885010e-01,8.435555696487426758e-01,-1.305210739374160767e-01,1.406436413526535034e-01,6.835247874259948730e-01,7.042566537857055664e-01,-7.412585020065307617e-01,1.092993747442960739e-02,3.283817693591117859e-02,4.124867022037506104e-01,-1.384841203689575195e-01,-6.766413897275924683e-02,-7.489150762557983398e-01,-8.765302598476409912e-02,-1.128119528293609619e-01,4.411509335041046143e-01,-1.379481256008148193e-01,9.765846282243728638e-02,3.435943648219108582e-02,-4.938610829412937164e-03,-4.074200391769409180e-01,3.126035928726196289e-01,-1.411239385604858398e+00,9.114856719970703125e-01,3.473360836505889893e-01,-1.294635385274887085e-01,0.000000000000000000e+00,-2.640295028686523438e-01,-3.790751397609710693e-01,1.089675784111022949e+00,8.565287590026855469e-01,7.437129318714141846e-02,-7.099158130586147308e-03,0.000000000000000000e+00
1.074586529284715652e-02,3.612454533576965332e-01,8.451897501945495605e-01,-1.234650388360023499e-01,1.327228844165802002e-01,6.831487417221069336e-01,7.074240446090698242e-01,-7.086344361305236816e-01,1.412551756948232651e-02,3.809136897325515747e-02,4.035726189613342285e-01,-1.362730711698532104e-01,-7.259528338909149170e-02,-7.147697806358337402e-01,-8.377071470022201538e-02,-1.098176017403602600e-01,4.262401163578033447e-01,-1.352600306272506714e-01,1.015790849924087524e-01,3.455132618546485901e-02,-5.881195887923240662e-03,-3.822155296802520752e-01,3.368344008922576904e-01,-1.326883077621459961e+00,9.270505905151367188e-01,2.949191629886627197e-01,-9.309455007314682007e-02,0.000000000000000000e+00,-2.497218847274780273e-01,-3.870799243450164795e-01,1.048812389373779297e+00,8.664093613624572754e-01,1.134240180253982544e-01,-2.027859212830662727e-03,0.000000000000000000e+00
1.068968325853347778e-02,3.660800457000732422e-01,8.465288877487182617e-01,-1.166021525859832764e-01,1.249787211418151855e-01,6.827462911605834961e-01,7.103814482688903809e-01,-6.786408424377441406e-01,1.788707450032234192e-02,4.274195805191993713e-02,3.965742588043212891e-01,-1.326134949922561646e-01,-7.788858562707901001e-02,-6.828773021697998047e-01,-8.015137165784835815e-02,-1.070368364453315735e-01,4.147050976753234863e-01,-1.342497915029525757e-01,1.053108647465705872e-01,3.444473445415496826e-02,-6.586445961147546768e-03,-3.555806577205657959e-01,3.582884371280670166e-01,-1.246720790863037109e+00,9.420856237411499023e-01,2.452058047056198120e-01,-5.439962819218635559e-02,0.000000000000000000e+00,-2.354055792093276978e-01,-3.943868577480316162e-01,1.011538743972778320e+00,8.800339102745056152e-01,1.468787491321563721e-01,3.174146404489874840e-03,0.000000000000000000e+00
1.082267519086599350e-02,3.707388639450073242e-01,8.476288318634033203e-01,-1.096013933420181274e-01,1.176509484648704529e-01,6.825289130210876465e-01,7.129516601562500000e-01,-6.491910815238952637e-01,1.954792439937591553e-02,4.673969373106956482e-02,3.921540677547454834e-01,-1.330304443836212158e-01,-8.111003786325454712e-02,-6.534631252288818359e-01,-7.795660197734832764e-02,-1.050973236560821533e-01,4.069099426269531250e-01,-1.347713023424148560e-01,1.091298460960388184e-01,3.324604034423828125e-02,-7.693239953368902206e-03,-3.280501663684844971e-01,3.758880198001861572e-01,-1.175316095352172852e+00,9.541805982589721680e-01,2.071680873632431030e-01,-2.149709872901439667e-02,0.000000000000000000e+00,-2.213152498006820679e-01,-4.013574123382568359e-01,9.804404377937316895e-01,8.954740166664123535e-01,1.710195541381835938e-01,9.919939562678337097e-03,0.000000000000000000e+00
1.102089416235685349e-02,3.752279579639434814e-01,8.486231565475463867e-01,-1.029308438301086426e-01,1.108802556991577148e-01,6.824173331260681152e-01,7.151345014572143555e-01,-6.210283041000366211e-01,2.040032856166362762e-02,5.006507784128189087e-02,3.869599699974060059e-01,-1.331534534692764282e-01,-8.451493084430694580e-02,-6.263347864151000977e-01,-7.722668349742889404e-02,-1.036181673407554626e-01,3.995088338851928711e-01,-1.338017135858535767e-01,1.121063008904457092e-01,3.155454993247985840e-02,-8.950471878051757812e-03,-3.018803894519805908e-01,3.886995315551757812e-01,-1.115983843803405762e+00,9.654502272605895996e-01,1.816982477903366089e-01,3.397977212443947792e-03,0.000000000000000000e+00,-2.078640758991241455e-01,-4.074703156948089600e-01,9.568256139755249023e-01,9.118080735206604004e-01,1.860464364290237427e-01,1.808086223900318146e-02,0.000000000000000000e+00
1.122308615595102310e-02,3.795718550682067871e-01,8.497356772422790527e-01,-9.640464931726455688e-02,1.046121269464492798e-01,6.821925640106201172e-01,7.171999216079711914e-01,-5.940929055213928223e-01,2.075017429888248444e-02,5.340925604104995728e-02,3.812692165374755859e-01,-1.342075020074844360e-01,-8.696687966585159302e-02,-5.992179512977600098e-01,-7.654384523630142212e-02,-1.025598272681236267e-01,3.918175995349884033e-01,-1.336620897054672241e-01,1.131960004568099976e-01,3.009371459484100342e-02,-1.071208808571100235e-02,-2.775655984878540039e-01,3.972425460815429688e-01,-1.065343260765075684e+00,9.788036942481994629e-01,1.647349148988723755e-01,1.932477951049804688e-02,0.000000000000000000e+00,-1.942970156669616699e-01,-4.127792418003082275e-01,9.380781650543212891e-01,9.279332160949707031e-01,1.969224959611892700e-01,2.764146216213703156e-02,0.000000000000000000e+00
1.134989317506551743e-02,3.837610483169555664e-01,8.507750630378723145e-01,-9.046975523233413696e-02,9.864639490842819214e-02,6.818977594375610352e-01,7.190963029861450195e-01,-5.682142972946166992e-01,2.134089544415473938e-02,5.647480487823486328e-02,3.742517828941345215e-01,-1.320807933807373047e-01,-8.964020758867263794e-02,-5.736383795738220215e-01,-7.558048516511917114e-02,-1.017466932535171509e-01,3.840007483959197998e-01,-1.335226297378540039e-01,1.138896271586418152e-01,2.871949598193168640e-02,-1.191260106861591339e-02,-2.558640837669372559e-01,4.020169675350189209e-01,-1.023404359817504883e+00,9.938489794731140137e-01,1.552285701036453247e-01,2.615069784224033356e-02,0.000000000000000000e+00,-1.804342120885848999e-01,-4.172215461730957031e-01,9.215207099914550781e-01,9.425089359283447266e-01,2.045819163322448730e-01,3.712931275367736816e-02,0.000000000000000000e+00
1.137585937976837158e-02,3.877909481525421143e-01,8.517360687255859375e-01,-8.480493724346160889e-02,9.323474764823913574e-02,6.816600561141967773e-01,7.207322120666503906e-01,-5.440608859062194824e-01,2.131802402436733246e-02,5.853591114282608032e-02,3.676224052906036377e-01,-1.300932615995407104e-01,-9.210167080163955688e-02,-5.500416159629821777e-01,-7.533272355794906616e-02,-1.012954860925674438e-01,3.772724866867065430e-01,-1.338043808937072754e-01,1.142389625310897827e-01,2.685288526117801666e-02,-1.327997446060180664e-02,-2.363405823707580566e-01,4.040284454822540283e-01,-9.868849515914916992e-01,1.009064078330993652e+00,1.524924933910369873e-01,2.817806974053382874e-02,0.000000000000000000e+00,-1.665340065956115723e-01,-4.214323461055755615e-01,9.061731696128845215e-01,9.548768401145935059e-01,2.074860632419586182e-01,4.797560349106788635e-02,0.000000000000000000e+00
1.144098211079835892e-02,3.915347456932067871e-01,8.524813652038574219e-01,-7.943989336490631104e-02,8.843494951725006104e-02,6.815398335456848145e-01,7.220609188079833984e-01,-5.223836898803710938e-01,2.071844227612018585e-02,5.989593267440795898e-02,3.624539375305175781e-01,-1.281369924545288086e-01,-9.458417445421218872e-02,-5.295363068580627441e-01,-7.584826648235321045e-02,-1.012451052665710449e-01,3.735263645648956299e-01,-1.355482041835784912e-01,1.144724264740943909e-01,2.471495978534221649e-02,-1.466138474643230438e-02,-2.195089906454086304e-01,4.032340943813323975e-01,-9.557828307151794434e-01,1.025107026100158691e+00,1.516496539115905762e-01,2.806876413524150848e-02,0.000000000000000000e+00,-1.534585952758789062e-01,-4.253917634487152100e-01,8.928880095481872559e-01,9.664617776870727539e-01,2.061861753463745117e-01,6.016247346997261047e-02,0.000000000000000000e+00
1.163594238460063934e-02,3.947476446628570557e-01,8.529338240623474121e-01,-7.437995821237564087e-02,8.426132798194885254e-02,6.816161274909973145e-01,7.230263352394104004e-01,-5.037873387336730957e-01,1.974709518253803253e-02,6.127187237143516541e-02,3.597815930843353271e-01,-1.266117691993713379e-01,-9.720526635646820068e-02,-5.128067135810852051e-01,-7.703072577714920044e-02,-1.009792909026145935e-01,3.740182518959045410e-01,-1.388371288776397705e-01,1.152287274599075317e-01,2.265211939811706543e-02,-1.599730923771858215e-02,-2.054915875196456909e-01,4.001965224742889404e-01,-9.306730031967163086e-01,1.040764689445495605e+00,1.505288034677505493e-01,2.722492255270481110e-02,0.000000000000000000e+00,-1.420948952436447144e-01,-4.286932051181793213e-01,8.827405571937561035e-01,9.789165854454040527e-01,2.044446617364883423e-01,7.087246328592300415e-02,0.000000000000000000e+00
1.192941423505544662e-02,3.974169194698333740e-01,8.531424999237060547e-01,-6.946112215518951416e-02,8.036109805107116699e-02,6.819074749946594238e-01,7.236846089363098145e-01,-4.873778522014617920e-01,1.866615004837512970e-02,6.265091896057128906e-02,3.595041036605834961e-01,-1.260439157485961914e-01,-9.960504621267318726e-02,-4.985708594322204590e-01,-7.851126790046691895e-02,-1.004776284098625183e-01,3.778913319110870361e-01,-1.429046392440795898e-01,1.158537715673446655e-01,2.097509987652301788e-02,-1.713361032307147980e-02,-1.934184432029724121e-01,3.954319357872009277e-01,-9.120990037918090820e-01,1.055967450141906738e+00,1.472205221652984619e-01,2.583101019263267517e-02,0.000000000000000000e+00,-1.325178742408752441e-01,-4.306728243827819824e-01,8.754243254661560059e-01,9.939122796058654785e-01,2.021975815296173096e-01,7.844169437885284424e-02,0.000000000000000000e+00
1.240803021937608719e-02,3.997540175914764404e-01,8.531784415245056152e-01,-6.486019492149353027e-02,7.667933404445648193e-02,6.824582815170288086e-01,7.239917516708374023e-01,-4.739096462726593018e-01,1.816942542791366577e-02,6.295787543058395386e-02,3.600155413150787354e-01,-1.245347931981086731e-01,-1.022448018193244934e-01,-4.870533645153045654e-01,-8.104832470417022705e-02,-1.000042036175727844e-01,3.822699785232543945e-01,-1.435435265302658081e-01,1.173055320978164673e-01,1.922926306724548340e-02,-1.768990233540534973e-02,-1.826861798763275146e-01,3.894428312778472900e-01,-8.989099860191345215e-01,1.069396138191223145e+00,1.428821980953216553e-01,2.340454049408435822e-02,0.000000000000000000e+00,-1.246167495846748352e-01,-4.309044778347015381e-01,8.684129714965820312e-01,1.011716365814208984e+00,1.989258974790573120e-01,8.255146443843841553e-02,0.000000000000000000e+00
1.299454923719167709e-02,4.016793370246887207e-01,8.533254861831665039e-01,-6.088681146502494812e-02,7.322303950786590576e-02,6.831213831901550293e-01,7.240692973136901855e-01,-4.610137045383453369e-01,1.765289530158042908e-02,6.271734088659286499e-02,3.595679700374603271e-01,-1.236698254942893982e-01,-1.037108078598976135e-01,-4.754691123962402344e-01,-8.206963539123535156e-02,-1.002844125032424927e-01,3.848766684532165527e-01,-1.443940103054046631e-01,1.174340248107910156e-01,1.751795224845409393e-02,-1.732569560408592224e-02,-1.726157963275909424e-01,3.830570876598358154e-01,-8.907425403594970703e-01,1.079602837562561035e+00,1.409856826066970825e-01,1.774870045483112335e-02,0.000000000000000000e+00,-1.173444166779518127e-01,-4.297557473182678223e-01,8.600200414657592773e-01,1.029120206832885742e+00,1.958037614822387695e-01,8.390557765960693359e-02,0.000000000000000000e+00
1.371656544506549835e-02,4.031418263912200928e-01,8.535441160202026367e-01,-5.755224823951721191e-02,7.012968510389328003e-02,6.836485862731933594e-01,7.241506576538085938e-01,-4.496224224567413330e-01,1.763215288519859314e-02,6.196309253573417664e-02,3.583141565322875977e-01,-1.224426329135894775e-01,-1.049141213297843933e-01,-4.648790359497070312e-01,-8.227302134037017822e-02,-1.004485189914703369e-01,3.856830894947052002e-01,-1.449247300624847412e-01,1.169807985424995422e-01,1.599358953535556793e-02,-1.618120074272155762e-02,-1.637804210186004639e-01,3.760910034179687500e-01,-8.867569565773010254e-01,1.086945772171020508e+00,1.437651664018630981e-01,8.828379213809967041e-03,0.000000000000000000e+00,-1.110089048743247986e-01,-4.276732206344604492e-01,8.503065109252929688e-01,1.043839454650878906e+00,1.937637031078338623e-01,8.422163128852844238e-02,0.000000000000000000e+00
1.447967719286680222e-02,4.043091237545013428e-01,8.537816405296325684e-01,-5.474390462040901184e-02,6.746115535497665405e-02,6.839394569396972656e-01,7.243472337722778320e-01,-4.396298527717590332e-01,1.800592057406902313e-02,6.143118441104888916e-02,3.566178083419799805e-01,-1.207088455557823181e-01,-1.064051613211631775e-01,-4.555439352989196777e-01,-8.183766901493072510e-02,-9.980162978172302246e-02,3.855263888835906982e-01,-1.457292735576629639e-01,1.162894293665885925e-01,1.470728404819965363e-02,-1.453538052737712860e-02,-1.565898954868316650e-01,3.684622049331665039e-01,-8.869400620460510254e-01,1.092512607574462891e+00,1.481822580099105835e-01,-9.417682304047048092e-04,0.000000000000000000e+00,-1.058477833867073059e-01,-4.247914552688598633e-01,8.415318727493286133e-01,1.054087281227111816e+00,1.921121925115585327e-01,8.391744643449783325e-02,0.000000000000000000e+00
1.534170564264059067e-02,4.052823483943939209e-01,8.539726734161376953e-01,-5.223542451858520508e-02,6.529080122709274292e-02,6.840281486511230469e-01,7.246475219726562500e-01,-4.309971630573272705e-01,1.841309294104576111e-02,6.132353097200393677e-02,3.549734950065612793e-01,-1.184872612357139587e-01,-1.087457239627838135e-01,-4.479133188724517822e-01,-8.127413690090179443e-02,-9.845510870218276978e-02,3.858646452426910400e-01,-1.470791548490524292e-01,1.149571239948272705e-01,1.360845193266868591e-02,-1.301809865981340408e-02,-1.515862792730331421e-01,3.604433238506317139e-01,-8.906036615371704102e-01,1.097326517105102539e+00,1.513895988464355469e-01,-9.993797168135643005e-03,0.000000000000000000e+00,-1.023124605417251587e-01,-4.211887419223785400e-01,8.353550434112548828e-01,1.060716509819030762e+00,1.908808052539825439e-01,8.351904898881912231e-02,0.000000000000000000e+00
1.619561947882175446e-02,4.060831665992736816e-01,8.540807366371154785e-01,-4.987805336713790894e-02,6.349222362041473389e-02,6.840084791183471680e-01,7.249919772148132324e-01,-4.235379397869110107e-01,1.862970925867557526e-02,6.152806803584098816e-02,3.538675606250762939e-01,-1.168300583958625793e-01,-1.114747449755668640e-01,-4.418286085128784180e-01,-8.092007040977478027e-02,-9.676409512758255005e-02,3.871640563011169434e-01,-1.483526229858398438e-01,1.128516048192977905e-01,1.213978789746761322e-02,-1.184809766709804535e-02,-1.486125439405441284e-01,3.527983427047729492e-01,-8.966858983039855957e-01,1.101015090942382812e+00,1.522691249847412109e-01,-1.728491857647895813e-02,0.000000000000000000e+00,-1.003742516040802002e-01,-4.168824255466461182e-01,8.306842446327209473e-01,1.064912557601928711e+00,1.886781156063079834e-01,8.319492638111114502e-02,0.000000000000000000e+00
1.700511761009693146e-02,4.064350128173828125e-01,8.541473150253295898e-01,-4.751265048980712891e-02,6.185209006071090698e-02,6.839817762374877930e-01,7.253177165985107422e-01,-4.168682694435119629e-01,1.869968138635158539e-02,6.218399852514266968e-02,3.527103662490844727e-01,-1.139278560876846313e-01,-1.149769499897956848e-01,-4.367554187774658203e-01,-8.096206933259963989e-02,-9.541140496730804443e-02,3.888147771358489990e-01,-1.483286321163177490e-01,1.109211966395378113e-01,1.039291545748710632e-02,-1.107848342508077621e-02,-1.476003229618072510e-01,3.457531034946441650e-01,-9.037333130836486816e-01,1.103544831275939941e+00,1.500540077686309814e-01,-2.261243760585784912e-02,0.000000000000000000e+00,-9.925474226474761963e-02,-4.118710458278656006e-01,8.254877328872680664e-01,1.068106532096862793e+00,1.863300949335098267e-01,8.216502517461776733e-02,0.000000000000000000e+00
1.785158552229404449e-02,4.068763554096221924e-01,8.542558550834655762e-01,-4.525088891386985779e-02,6.036737933754920959e-02,6.841074228286743164e-01,7.254689335823059082e-01,-4.102152287960052490e-01,1.866384409368038177e-02,6.294929981231689453e-02,3.509275913238525391e-01,-1.107266247272491455e-01,-1.186709702014923096e-01,-4.312389492988586426e-01,-8.106584101915359497e-02,-9.455559402704238892e-02,3.892374336719512939e-01,-1.468514651060104370e-01,1.100251674652099609e-01,8.579960092902183533e-03,-1.069847028702497482e-02,-1.488710641860961914e-01,3.398036062717437744e-01,-9.109052419662475586e-01,1.105516910552978516e+00,1.439396589994430542e-01,-2.634200453758239746e-02,0.000000000000000000e+00,-9.830366820096969604e-02,-4.066556394100189209e-01,8.195964097976684570e-01,1.070558428764343262e+00,1.823183149099349976e-01,8.103638142347335815e-02,0.000000000000000000e+00
1.874183677136898041e-02,4.074687957763671875e-01,8.544272780418395996e-01,-4.349964484572410583e-02,5.862173438072204590e-02,6.842490434646606445e-01,7.255856394767761230e-01,-4.040001034736633301e-01,1.976745948195457458e-02,6.348478794097900391e-02,3.496699631214141846e-01,-1.077252402901649475e-01,-1.224215477705001831e-01,-4.261709451675415039e-01,-8.019365370273590088e-02,-9.413604438304901123e-02,3.904576301574707031e-01,-1.487401723861694336e-01,1.093131825327873230e-01,7.272203452885150909e-03,-9.626553393900394440e-03,-1.517718434333801270e-01,3.348588645458221436e-01,-9.170157909393310547e-01,1.107237100601196289e+00,1.370116174221038818e-01,-2.824436500668525696e-02,0.000000000000000000e+00,-9.727864712476730347e-02,-4.016349017620086670e-01,8.135085701942443848e-01,1.072723269462585449e+00,1.793316602706909180e-01,7.894157618284225464e-02,0.000000000000000000e+00
1.956198923289775848e-02,4.080637991428375244e-01,8.545401692390441895e-01,-4.188196733593940735e-02,5.700140818953514099e-02,6.845133304595947266e-01,7.255606055259704590e-01,-3.985403478145599365e-01,2.066444791853427887e-02,6.347218900918960571e-02,3.491702675819396973e-01,-1.058937981724739075e-01,-1.258515119552612305e-01,-4.208573698997497559e-01,-7.931384444236755371e-02,-9.373895078897476196e-02,3.906455338001251221e-01,-1.489514410495758057e-01,1.091572269797325134e-01,6.050745490938425064e-03,-8.876944892108440399e-03,-1.558820307254791260e-01,3.306073248386383057e-01,-9.214928746223449707e-01,1.109107017517089844e+00,1.300201117992401123e-01,-2.803080528974533081e-02,0.000000000000000000e+00,-9.618372470140457153e-02,-3.968107700347900391e-01,8.069162964820861816e-01,1.075064301490783691e+00,1.771784126758575439e-01,7.679734379053115845e-02,0.000000000000000000e+00
2.026024460792541504e-02,4.086189568042755127e-01,8.546070456504821777e-01,-4.044898971915245056e-02,5.546914041042327881e-02,6.846858263015747070e-01,7.255979180335998535e-01,-3.937351703643798828e-01,2.158265002071857452e-02,6.338767707347869873e-02,3.493021130561828613e-01,-1.055412963032722473e-01,-1.285582482814788818e-01,-4.162344634532928467e-01,-7.851251959800720215e-02,-9.351515024900436401e-02,3.913403749465942383e-01,-1.501124501228332520e-01,1.089913249015808105e-01,5.252222530543804169e-03,-8.173857815563678741e-03,-1.604083478450775146e-01,3.267429172992706299e-01,-9.240794181823730469e-01,1.111666083335876465e+00,1.250814199447631836e-01,-2.640070952475070953e-02,0.000000000000000000e+00,-9.540793299674987793e-02,-3.926178514957427979e-01,8.018702864646911621e-01,1.077006340026855469e+00,1.758583337068557739e-01,7.448095083236694336e-02,0.000000000000000000e+00
2.074257656931877136e-02,4.093806147575378418e-01,8.545808792114257812e-01,-3.916102275252342224e-02,5.413670465350151062e-02,6.846433281898498535e-01,7.258093357086181641e-01,-3.896867930889129639e-01,2.227706834673881531e-02,6.346189975738525391e-02,3.506270349025726318e-01,-1.064872145652770996e-01,-1.302726864814758301e-01,-4.124750792980194092e-01,-7.808630913496017456e-02,-9.319009631872177124e-02,3.930672705173492432e-01,-1.519302874803543091e-01,1.091091409325599670e-01,4.588864278048276901e-03,-7.489293813705444336e-03,-1.646158248186111450e-01,3.231012523174285889e-01,-9.247529506683349609e-01,1.114506602287292480e+00,1.208727583289146423e-01,-2.311857230961322784e-02,0.000000000000000000e+00,-9.542471170425415039e-02,-3.894124329090118408e-01,7.988345623016357422e-01,1.078363895416259766e+00,1.744465231895446777e-01,7.359424978494644165e-02,0.000000000000000000e+00
2.096452191472053528e-02,4.101031422615051270e-01,8.545544743537902832e-01,-3.796270117163658142e-02,5.297040194272994995e-02,6.844762563705444336e-01,7.261165380477905273e-01,-3.860640525817871094e-01,2.256570942699909210e-02,6.355278939008712769e-02,3.519997000694274902e-01,-1.073853522539138794e-01,-1.318870335817337036e-01,-4.091545939445495605e-01,-7.805362343788146973e-02,-9.285648912191390991e-02,3.947064280509948730e-01,-1.536229848861694336e-01,1.097580939531326294e-01,3.806582186371088028e-03,-6.827773991972208023e-03,-1.686097532510757446e-01,3.195312917232513428e-01,-9.264689087867736816e-01,1.118223786354064941e+00,1.162229254841804504e-01,-2.018105052411556244e-02,0.000000000000000000e+00,-9.626340121030807495e-02,-3.869994878768920898e-01,7.970650196075439453e-01,1.079142451286315918e+00,1.711114943027496338e-01,7.487295567989349365e-02,0.000000000000000000e+00
2.090168930590152740e-02,4.104706943035125732e-01,8.545548319816589355e-01,-3.680341690778732300e-02,5.190637707710266113e-02,6.842502951622009277e-01,7.264659404754638672e-01,-3.828595578670501709e-01,2.247812971472740173e-02,6.386547535657882690e-02,3.529492914676666260e-01,-1.077645570039749146e-01,-1.336947828531265259e-01,-4.062438905239105225e-01,-7.825149595737457275e-02,-9.217620640993118286e-02,3.957791030406951904e-01,-1.547217071056365967e-01,1.109447628259658813e-01,2.904374850913882256e-03,-6.209274753928184509e-03,-1.719775497913360596e-01,3.160843551158905029e-01,-9.294608831405639648e-01,1.122204899787902832e+00,1.139539703726768494e-01,-1.937606930732727051e-02,0.000000000000000000e+00,-9.740327298641204834e-02,-3.853824436664581299e-01,7.962536215782165527e-01,1.079232811927795410e+00,1.657634377479553223e-01,7.627692073583602905e-02,0.000000000000000000e+00
2.075615897774696350e-02,4.105336070060729980e-01,8.546212315559387207e-01,-3.568208590149879456e-02,5.087945237755775452e-02,6.840411424636840820e-01,7.267914414405822754e-01,-3.796346485614776611e-01,2.244018204510211945e-02,6.485165655612945557e-02,3.528919816017150879e-01,-1.070526912808418274e-01,-1.357801109552383423e-01,-4.032681286334991455e-01,-7.834688574075698853e-02,-9.118221700191497803e-02,3.957875967025756836e-01,-1.551418900489807129e-01,1.121092438697814941e-01,2.035188954323530197e-03,-5.563686136156320572e-03,-1.745048165321350098e-01,3.127943873405456543e-01,-9.332715272903442383e-01,1.126348614692687988e+00,1.142829358577728271e-01,-2.088703028857707977e-02,0.000000000000000000e+00,-9.851244837045669556e-02,-3.843226730823516846e-01,7.955051064491271973e-01,1.078098297119140625e+00,1.594930887222290039e-01,7.662075012922286987e-02,0.000000000000000000e+00
2.068991400301456451e-02,4.105352461338043213e-01,8.546887636184692383e-01,-3.462534025311470032e-02,4.984528943896293640e-02,6.838958859443664551e-01,7.270508408546447754e-01,-3.765137195587158203e-01,2.273412048816680908e-02,6.617640703916549683e-02,3.527308404445648193e-01,-1.058764606714248657e-01,-1.375051885843276978e-01,-4.002889096736907959e-01,-7.824125885963439941e-02,-9.027036279439926147e-02,3.956202566623687744e-01,-1.557956635951995850e-01,1.127862632274627686e-01,8.908217423595488071e-04,-4.767150618135929108e-03,-1.765150129795074463e-01,3.097008466720581055e-01,-9.383388161659240723e-01,1.131666541099548340e+00,1.154648289084434509e-01,-2.295821718871593475e-02,0.000000000000000000e+00,-9.957011789083480835e-02,-3.834122717380523682e-01,7.939447760581970215e-01,1.076504588127136230e+00,1.535479575395584106e-01,7.514162361621856689e-02,0.000000000000000000e+00
2.062758430838584900e-02,4.106459915637969971e-01,8.546991348266601562e-01,-3.362892195582389832e-02,4.883365333080291748e-02,6.837978363037109375e-01,7.272584438323974609e-01,-3.737727403640747070e-01,2.309261448681354523e-02,6.750269234180450439e-02,3.532367944717407227e-01,-1.045927181839942932e-01,-1.383847147226333618e-01,-3.976225256919860840e-01,-7.818981260061264038e-02,-8.974038064479827881e-02,3.960744440555572510e-01,-1.564730554819107056e-01,1.130641400814056396e-01,-5.955179221928119659e-04,-3.815892618149518967e-03,-1.779842227697372437e-01,3.068246841430664062e-01,-9.440510869026184082e-01,1.137455582618713379e+00,1.167567819356918335e-01,-2.491217479109764099e-02,0.000000000000000000e+00,-1.005113646388053894e-01,-3.822956085205078125e-01,7.915017008781433105e-01,1.076127648353576660e+00,1.482723653316497803e-01,7.361823320388793945e-02,0.000000000000000000e+00
2.058197930455207825e-02,4.109090566635131836e-01,8.546454310417175293e-01,-3.263630717992782593e-02,4.788189008831977844e-02,6.835994720458984375e-01,7.275534272193908691e-01,-3.713266849517822266e-01,2.334799990057945251e-02,6.867060065269470215e-02,3.545362055301666260e-01,-1.039666756987571716e-01,-1.391822099685668945e-01,-3.954174518585205078e-01,-7.823582738637924194e-02,-8.918850868940353394e-02,3.974680602550506592e-01,-1.574339568614959717e-01,1.137132421135902405e-01,-1.874280860647559166e-03,-3.039309056475758553e-03,-1.788449585437774658e-01,3.040775656700134277e-01,-9.504842758178710938e-01,1.142382144927978516e+00,1.186584606766700745e-01,-2.638790197670459747e-02,0.000000000000000000e+00,-1.013795137405395508e-01,-3.807209432125091553e-01,7.896294593811035156e-01,1.077588558197021484e+00,1.445102095603942871e-01,7.407226413488388062e-02,0.000000000000000000e+00
2.052745968103408813e-02,4.112690985202789307e-01,8.545864224433898926e-01,-3.167882934212684631e-02,4.690418764948844910e-02,6.834149956703186035e-01,7.278326749801635742e-01,-3.688825368881225586e-01,2.359447441995143890e-02,6.952682137489318848e-02,3.560588955879211426e-01,-1.039005666971206665e-01,-1.401252299547195435e-01,-3.930799067020416260e-01,-7.813107967376708984e-02,-8.821409195661544800e-02,3.988376855850219727e-01,-1.585229486227035522e-01,1.143364906311035156e-01,-2.689473098143935204e-03,-2.176555572077631950e-03,-1.791243702173233032e-01,3.014201223850250244e-01,-9.570360183715820312e-01,1.145429968833923340e+00,1.214180290699005127e-01,-2.757190540432929993e-02,0.000000000000000000e+00,-1.023471504449844360e-01,-3.789023756980895996e-01,7.895285487174987793e-01,1.081040382385253906e+00,1.425535678863525391e-01,7.615260034799575806e-02,0.000000000000000000e+00
2.043431624770164490e-02,4.117076396942138672e-01,8.545332551002502441e-01,-3.072734363377094269e-02,4.592711478471755981e-02,6.832646131515502930e-01,7.280769348144531250e-01,-3.663692474365234375e-01,2.379084564745426178e-02,7.029332965612411499e-02,3.576121926307678223e-01,-1.040158346295356750e-01,-1.411034911870956421e-01,-3.905661702156066895e-01,-7.806700468063354492e-02,-8.710645139217376709e-02,4.001072347164154053e-01,-1.598685085773468018e-01,1.144968792796134949e-01,-3.121468005701899529e-03,-1.268690219148993492e-03,-1.784853488206863403e-01,2.995193898677825928e-01,-9.617460370063781738e-01,1.146649241447448730e+00,1.235912665724754333e-01,-2.861515991389751434e-02,0.000000000000000000e+00,-1.029075905680656433e-01,-3.773032128810882568e-01,7.903505563735961914e-01,1.084839105606079102e+00,1.399993151426315308e-01,7.858543843030929565e-02,0.000000000000000000e+00
2.025042288005352020e-02,4.121117591857910156e-01,8.544707298278808594e-01,-2.973457425832748413e-02,4.496884346008300781e-02,6.831236481666564941e-01,7.283102273941040039e-01,-3.638302087783813477e-01,2.389135956764221191e-02,7.135346531867980957e-02,3.591760396957397461e-01,-1.045942157506942749e-01,-1.420949399471282959e-01,-3.880961239337921143e-01,-7.819852977991104126e-02,-8.596424758434295654e-02,4.014891386032104492e-01,-1.616879999637603760e-01,1.147785410284996033e-01,-3.628019709140062332e-03,-3.673855680972337723e-04,-1.771202832460403442e-01,2.980154156684875488e-01,-9.654228091239929199e-01,1.146968960762023926e+00,1.236741319298744202e-01,-3.017031960189342499e-02,0.000000000000000000e+00,-1.030226871371269226e-01,-3.759619891643524170e-01,7.921831011772155762e-01,1.088503479957580566e+00,1.382126957178115845e-01,7.963304221630096436e-02,0.000000000000000000e+00
2.009456232190132141e-02,4.124723970890045166e-01,8.544239997863769531e-01,-2.866351045668125153e-02,4.401987046003341675e-02,6.829746365547180176e-01,7.285508513450622559e-01,-3.610219359397888184e-01,2.388979122042655945e-02,7.242875546216964722e-02,3.604489266872406006e-01,-1.058954820036888123e-01,-1.429386436939239502e-01,-3.856099545955657959e-01,-7.847086340188980103e-02,-8.520068228244781494e-02,4.028525054454803467e-01,-1.632313430309295654e-01,1.149910464882850647e-01,-4.360980354249477386e-03,3.834342933259904385e-04,-1.751289069652557373e-01,2.967883348464965820e-01,-9.688454270362854004e-01,1.146616458892822266e+00,1.228450164198875427e-01,-3.289572894573211670e-02,0.000000000000000000e+00,-1.028681099414825439e-01,-3.747063279151916504e-01,7.940943241119384766e-01,1.091969370841979980e+00,1.369786858558654785e-01,8.100045472383499146e-02,0.000000000000000000e+00
2.002831548452377319e-02,4.128386080265045166e-01,8.543872237205505371e-01,-2.757505699992179871e-02,4.304151237010955811e-02,6.828933954238891602e-01,7.287274003028869629e-01,-3.580970168113708496e-01,2.392300404608249664e-02,7.343394309282302856e-02,3.614711761474609375e-01,-1.064562425017356873e-01,-1.435539275407791138e-01,-3.828905522823333740e-01,-7.883972674608230591e-02,-8.509343117475509644e-02,4.040370583534240723e-01,-1.646952033042907715e-01,1.147095039486885071e-01,-5.115657113492488861e-03,9.077596478164196014e-04,-1.731923520565032959e-01,2.962278723716735840e-01,-9.737227559089660645e-01,1.146351814270019531e+00,1.227079927921295166e-01,-3.516473993659019470e-02,0.000000000000000000e+00,-1.028050780296325684e-01,-3.733355998992919922e-01,7.963003516197204590e-01,1.095864295959472656e+00,1.337534487247467041e-01,8.294893056154251099e-02,0.000000000000000000e+00
2.006948180496692657e-02,4.134098291397094727e-01,8.543565273284912109e-01,-2.657744660973548889e-02,4.207095503807067871e-02,6.829577088356018066e-01,7.287608981132507324e-01,-3.552282154560089111e-01,2.397960796952247620e-02,7.385648787021636963e-02,3.626149594783782959e-01,-1.069118231534957886e-01,-1.440244913101196289e-01,-3.800216913223266602e-01,-7.900076359510421753e-02,-8.500396460294723511e-02,4.053818285465240479e-01,-1.668670326471328735e-01,1.144953221082687378e-01,-5.589452572166919708e-03,1.357600558549165726e-03,-1.717802584171295166e-01,2.961478531360626221e-01,-9.794030189514160156e-01,1.146539449691772461e+00,1.246261149644851685e-01,-3.692619130015373230e-02,0.000000000000000000e+00,-1.030158847570419312e-01,-3.721216022968292236e-01,7.993177175521850586e-01,1.100055456161499023e+00,1.301300525665283203e-01,8.437421172857284546e-02,0.000000000000000000e+00
2.019184082746505737e-02,4.142479300498962402e-01,8.543172478675842285e-01,-2.565492689609527588e-02,4.118425026535987854e-02,6.829735636711120605e-01,7.288297414779663086e-01,-3.524268567562103271e-01,2.405724860727787018e-02,7.407099753618240356e-02,3.640752732753753662e-01,-1.075871810317039490e-01,-1.448261588811874390e-01,-3.772598505020141602e-01,-7.903014868497848511e-02,-8.460838347673416138e-02,4.071046710014343262e-01,-1.694669276475906372e-01,1.144971996545791626e-01,-6.066231057047843933e-03,1.652305480092763901e-03,-1.702408939599990845e-01,2.961615920066833496e-01,-9.836903214454650879e-01,1.146843671798706055e+00,1.271445751190185547e-01,-3.733529895544052124e-02,0.000000000000000000e+00,-1.035727858543395996e-01,-3.712145686149597168e-01,8.034857511520385742e-01,1.103662610054016113e+00,1.277933716773986816e-01,8.686762303113937378e-02,0.000000000000000000e+00
2.034836076200008392e-02,4.150006771087646484e-01,8.543037176132202148e-01,-2.481043711304664612e-02,4.044764861464500427e-02,6.829028725624084473e-01,7.289664149284362793e-01,-3.497154712677001953e-01,2.415462769567966461e-02,7.453731447458267212e-02,3.649161159992218018e-01,-1.076584905385971069e-01,-1.458290666341781616e-01,-3.747827410697937012e-01,-7.903829962015151978e-02,-8.399134874343872070e-02,4.084192812442779541e-01,-1.713888347148895264e-01,1.144813224673271179e-01,-6.332247983664274216e-03,1.625215169042348862e-03,-1.681987196207046509e-01,2.957141101360321045e-01,-9.857675433158874512e-01,1.148527264595031738e+00,1.279919594526290894e-01,-3.797498717904090881e-02,0.000000000000000000e+00,-1.042484045028686523e-01,-3.705501258373260498e-01,8.070608377456665039e-01,1.105646729469299316e+00,1.267953664064407349e-01,8.924961835145950317e-02,0.000000000000000000e+00
2.028290927410125732e-02,4.151920080184936523e-01,8.542951345443725586e-01,-2.401468344032764435e-02,3.983347117900848389e-02,6.827160716056823730e-01,7.292018532752990723e-01,-3.476144075393676758e-01,2.399989962577819824e-02,7.524540275335311890e-02,3.651808798313140869e-01,-1.067538186907768250e-01,-1.465208679437637329e-01,-3.729865252971649170e-01,-7.931678742170333862e-02,-8.330455422401428223e-02,4.090559184551239014e-01,-1.720646172761917114e-01,1.142264604568481445e-01,-6.576533429324626923e-03,1.356616965495049953e-03,-1.656636595726013184e-01,2.948341071605682373e-01,-9.873906373977661133e-01,1.151841402053833008e+00,1.282469928264617920e-01,-4.037928208708763123e-02,0.000000000000000000e+00,-1.051924377679824829e-01,-3.698618710041046143e-01,8.096990585327148438e-01,1.106217265129089355e+00,1.267616450786590576e-01,9.020822495222091675e-02,0.000000000000000000e+00
2.005616948008537292e-02,4.150187671184539795e-01,8.543021678924560547e-01,-2.330918796360492706e-02,3.938301652669906616e-02,6.824132204055786133e-01,7.295325994491577148e-01,-3.459764122962951660e-01,2.354456670582294464e-02,7.586322724819183350e-02,3.649033010005950928e-01,-1.058096811175346375e-01,-1.466200798749923706e-01,-3.718045651912689209e-01,-7.979564368724822998e-02,-8.254748582839965820e-02,4.091623425483703613e-01,-1.720003932714462280e-01,1.138828992843627930e-01,-6.942759733647108078e-03,9.389476617798209190e-04,-1.631521731615066528e-01,2.938603758811950684e-01,-9.885306954383850098e-01,1.155044674873352051e+00,1.294872164726257324e-01,-4.357738047838211060e-02,0.000000000000000000e+00,-1.065586060285568237e-01,-3.692585229873657227e-01,8.109062910079956055e-01,1.106059312820434570e+00,1.274775117635726929e-01,8.936252444982528687e-02,0.000000000000000000e+00
1.977082155644893646e-02,4.147811532020568848e-01,8.543239831924438477e-01,-2.274098433554172516e-02,3.905246779322624207e-02,6.821243762969970703e-01,7.298384308815002441e-01,-3.446327745914459229e-01,2.304353937506675720e-02,7.651589065790176392e-02,3.643652200698852539e-01,-1.050890013575553894e-01,-1.463561952114105225e-01,-3.708779513835906982e-01,-8.029574155807495117e-02,-8.194287866353988647e-02,4.089134633541107178e-01,-1.718628704547882080e-01,1.136196255683898926e-01,-7.504370994865894318e-03,4.629330651368945837e-04,-1.609965711832046509e-01,2.930079102516174316e-01,-9.890688061714172363e-01,1.157143712043762207e+00,1.317518502473831177e-01,-4.613505676388740540e-02,0.000000000000000000e+00,-1.080497428774833679e-01,-3.687678575515747070e-01,8.108640909194946289e-01,1.104591965675354004e+00,1.277034431695938110e-01,8.801335096359252930e-02,0.000000000000000000e+00
1.953352056443691254e-02,4.147196710109710693e-01,8.543488979339599609e-01,-2.229736372828483582e-02,3.881311416625976562e-02,6.818412542343139648e-01,7.301293611526489258e-01,-3.434394001960754395e-01,2.257829532027244568e-02,7.686707377433776855e-02,3.639531731605529785e-01,-1.046866402029991150e-01,-1.461906135082244873e-01,-3.700834810733795166e-01,-8.073662221431732178e-02,-8.151024580001831055e-02,4.087285101413726807e-01,-1.716831177473068237e-01,1.136201247572898865e-01,-8.135762996971607208e-03,1.002285061986185610e-04,-1.593228876590728760e-01,2.919859290122985840e-01,-9.888572096824645996e-01,1.159054756164550781e+00,1.340495496988296509e-01,-4.826920107007026672e-02,0.000000000000000000e+00,-1.097302734851837158e-01,-3.683138787746429443e-01,8.102594614028930664e-01,1.102836251258850098e+00,1.267149001359939575e-01,8.763710409402847290e-02,0.000000000000000000e+00
1.942055113613605499e-02,4.148518443107604980e-01,8.543706536293029785e-01,-2.193943969905376434e-02,3.860175609588623047e-02,6.816086769104003906e-01,7.303684949874877930e-01,-3.422717452049255371e-01,2.239538356661796570e-02,7.741174101829528809e-02,3.637650310993194580e-01,-1.047435104846954346e-01,-1.465529203414916992e-01,-3.692620694637298584e-01,-8.101099729537963867e-02,-8.119264990091323853e-02,4.087175726890563965e-01,-1.717413663864135742e-01,1.138086542487144470e-01,-8.809678256511688232e-03,-8.494814392179250717e-05,-1.581024825572967529e-01,2.908141016960144043e-01,-9.886031746864318848e-01,1.161380290985107422e+00,1.353803128004074097e-01,-5.032941699028015137e-02,0.000000000000000000e+00,-1.115008369088172913e-01,-3.679338097572326660e-01,8.105431199073791504e-01,1.101048469543457031e+00,1.247846037149429321e-01,8.872202038764953613e-02,0.000000000000000000e+00
1.931332424283027649e-02,4.150552153587341309e-01,8.544189333915710449e-01,-2.173242159187793732e-02,3.846713155508041382e-02,6.815205812454223633e-01,7.304639816284179688e-01,-3.412989974021911621e-01,2.240037359297275543e-02,7.835991680622100830e-02,3.633636832237243652e-01,-1.044110953807830811e-01,-1.470014899969100952e-01,-3.684212863445281982e-01,-8.124294131994247437e-02,-8.112280815839767456e-02,4.083466827869415283e-01,-1.714682579040527344e-01,1.139222532510757446e-01,-9.607044979929924011e-03,-1.589072053320705891e-04,-1.575547158718109131e-01,2.898277640342712402e-01,-9.888560771942138672e-01,1.163419127464294434e+00,1.350422501564025879e-01,-5.243487656116485596e-02,0.000000000000000000e+00,-1.133585944771766663e-01,-3.675754070281982422e-01,8.119935393333435059e-01,1.099788784980773926e+00,1.225177794694900513e-01,9.039348363876342773e-02,0.000000000000000000e+00
1.913910545408725739e-02,4.151761829853057861e-01,8.544939756393432617e-01,-2.168944850564002991e-02,3.845829144120216370e-02,6.815223097801208496e-01,7.304641604423522949e-01,-3.407095372676849365e-01,2.230240963399410248e-02,7.911428809165954590e-02,3.625399470329284668e-01,-1.033087670803070068e-01,-1.469806879758834839e-01,-3.677876293659210205e-01,-8.154977858066558838e-02,-8.128508925437927246e-02,4.075556397438049316e-01,-1.713578402996063232e-01,1.140758171677589417e-01,-1.070345379412174225e-02,-4.552886530291289091e-04,-1.576304435729980469e-01,2.894726693630218506e-01,-9.891911149024963379e-01,1.164654612541198730e+00,1.340392380952835083e-01,-5.397933349013328552e-02,0.000000000000000000e+00,-1.150840222835540771e-01,-3.667371571063995361e-01,8.135004043579101562e-01,1.099393844604492188e+00,1.220370158553123474e-01,9.120430797338485718e-02,0.000000000000000000e+00
1.887495070695877075e-02,4.151556789875030518e-01,8.545868992805480957e-01,-2.177805453538894653e-02,3.850803524255752563e-02,6.815607547760009766e-01,7.304229736328125000e-01,-3.405185341835021973e-01,2.208394557237625122e-02,7.946614176034927368e-02,3.615519404411315918e-01,-1.019251346588134766e-01,-1.465370804071426392e-01,-3.673288524150848389e-01,-8.183226734399795532e-02,-8.143770694732666016e-02,4.063937962055206299e-01,-1.716219931840896606e-01,1.144145950675010681e-01,-1.158084720373153687e-02,-9.127806406468153000e-04,-1.585068702697753906e-01,2.895813286304473877e-01,-9.896261096000671387e-01,1.165615797042846680e+00,1.340188086032867432e-01,-5.542751774191856384e-02,0.000000000000000000e+00,-1.162108182907104492e-01,-3.653526008129119873e-01,8.144380450248718262e-01,1.099920511245727539e+00,1.240777969360351562e-01,9.108195453882217407e-02,0.000000000000000000e+00
1.869342289865016937e-02,4.152155518531799316e-01,8.546385169029235840e-01,-2.192010730504989624e-02,3.856001794338226318e-02,6.816905140876770020e-01,7.302949428558349609e-01,-3.406560420989990234e-01,2.202992886304855347e-02,7.971511781215667725e-02,3.612004816532135010e-01,-1.009696796536445618e-01,-1.465544849634170532e-01,-3.670324683189392090e-01,-8.200402557849884033e-02,-8.174519240856170654e-02,4.057587087154388428e-01,-1.727537363767623901e-01,1.147799640893936157e-01,-1.226755138486623764e-02,-1.368916709907352924e-03,-1.599705964326858521e-01,2.903217375278472900e-01,-9.899388551712036133e-01,1.166459321975708008e+00,1.328299045562744141e-01,-5.646094679832458496e-02,0.000000000000000000e+00,-1.166921406984329224e-01,-3.638190031051635742e-01,8.152124881744384766e-01,1.100686430931091309e+00,1.267176568508148193e-01,9.076511114835739136e-02,0.000000000000000000e+00
1.859374716877937317e-02,4.154558181762695312e-01,8.546057343482971191e-01,-2.207810804247856140e-02,3.862839937210083008e-02,6.818333864212036133e-01,7.301531434059143066e-01,-3.411642611026763916e-01,2.214452438056468964e-02,7.998969405889511108e-02,3.620690405368804932e-01,-1.016728058457374573e-01,-1.470592319965362549e-01,-3.671683371067047119e-01,-8.209454268217086792e-02,-8.193963766098022461e-02,4.062670469284057617e-01,-1.743473410606384277e-01,1.151633262634277344e-01,-1.255996152758598328e-02,-1.815807539969682693e-03,-1.616190820932388306e-01,2.915543019771575928e-01,-9.893214702606201172e-01,1.166508555412292480e+00,1.302475631237030029e-01,-5.655719712376594543e-02,0.000000000000000000e+00,-1.167944744229316711e-01,-3.623760938644409180e-01,8.156229853630065918e-01,1.101427197456359863e+00,1.295910179615020752e-01,9.047172963619232178e-02,0.000000000000000000e+00
1.859582774341106415e-02,4.159220159053802490e-01,8.545752763748168945e-01,-2.224883250892162323e-02,3.874154761433601379e-02,6.818974018096923828e-01,7.300821542739868164e-01,-3.414679765701293945e-01,2.227204479277133942e-02,8.005281537771224976e-02,3.630398511886596680e-01,-1.031090766191482544e-01,-1.475531309843063354e-01,-3.673072159290313721e-01,-8.204817026853561401e-02,-8.190327137708663940e-02,4.069327712059020996e-01,-1.751313358545303345e-01,1.152512580156326294e-01,-1.247579138725996017e-02,-2.328727860003709793e-03,-1.634042263031005859e-01,2.929879724979400635e-01,-9.879354834556579590e-01,1.165772318840026855e+00,1.273495554924011230e-01,-5.549680441617965698e-02,0.000000000000000000e+00,-1.167324110865592957e-01,-3.610362410545349121e-01,8.157636523246765137e-01,1.102393388748168945e+00,1.316813081502914429e-01,9.017461538314819336e-02,0.000000000000000000e+00
1.858028396964073181e-02,4.164233505725860596e-01,8.545730710029602051e-01,-2.241558767855167389e-02,3.888599947094917297e-02,6.819499731063842773e-01,7.300203442573547363e-01,-3.415756821632385254e-01,2.228019572794437408e-02,7.999928295612335205e-02,3.636086583137512207e-01,-1.042431220412254333e-01,-1.479475349187850952e-01,-3.673419058322906494e-01,-8.207766711711883545e-02,-8.192925900220870972e-02,4.072473645210266113e-01,-1.748111397027969360e-01,1.152328178286552429e-01,-1.231820601969957352e-02,-2.997989300638437271e-03,-1.650047600269317627e-01,2.944213747978210449e-01,-9.856191873550415039e-01,1.164580345153808594e+00,1.247463375329971313e-01,-5.399971455335617065e-02,0.000000000000000000e+00,-1.164986416697502136e-01,-3.597990870475769043e-01,8.154243230819702148e-01,1.102764964103698730e+00,1.319997906684875488e-01,9.110964089632034302e-02,0.000000000000000000e+00
1.847220957279205322e-02,4.167336821556091309e-01,8.545673489570617676e-01,-2.256605587899684906e-02,3.898505493998527527e-02,6.819750070571899414e-01,7.299869656562805176e-01,-3.418008983135223389e-01,2.217747643589973450e-02,7.974871248006820679e-02,3.640727698802947998e-01,-1.047878637909889221e-01,-1.477621197700500488e-01,-3.674159646034240723e-01,-8.218028396368026733e-02,-8.202080428600311279e-02,4.073038101196289062e-01,-1.739761978387832642e-01,1.151272729039192200e-01,-1.201522536575794220e-02,-3.687847172841429710e-03,-1.663167625665664673e-01,2.955752611160278320e-01,-9.839302897453308105e-01,1.163677573204040527e+00,1.239456012845039368e-01,-5.225078016519546509e-02,0.000000000000000000e+00,-1.163733601570129395e-01,-3.587697148323059082e-01,8.164164423942565918e-01,1.102939486503601074e+00,1.312249153852462769e-01,9.299664944410324097e-02,0.000000000000000000e+00
1.831309311091899872e-02,4.167468249797821045e-01,8.545312881469726562e-01,-2.260133624076843262e-02,3.902323171496391296e-02,6.820076704025268555e-01,7.299533486366271973e-01,-3.421742022037506104e-01,2.206929773092269897e-02,7.987886667251586914e-02,3.646408617496490479e-01,-1.051943451166152954e-01,-1.476472020149230957e-01,-3.676484823226928711e-01,-8.241574466228485107e-02,-8.209796994924545288e-02,4.075464308261871338e-01,-1.736862510442733765e-01,1.147683411836624146e-01,-1.188453380018472672e-02,-4.401085432618856430e-03,-1.668845117092132568e-01,2.966262102127075195e-01,-9.822291731834411621e-01,1.163021802902221680e+00,1.236433908343315125e-01,-5.054616183042526245e-02,0.000000000000000000e+00,-1.166834309697151184e-01,-3.580750823020935059e-01,8.197547197341918945e-01,1.103037834167480469e+00,1.319834887981414795e-01,9.357819706201553345e-02,0.000000000000000000e+00
1.818882673978805542e-02,4.165252447128295898e-01,8.544991016387939453e-01,-2.252650633454322815e-02,3.898078575730323792e-02,6.821175217628479004e-01,7.298552989959716797e-01,-3.424377739429473877e-01,2.206177450716495514e-02,8.050806075334548950e-02,3.649664521217346191e-01,-1.055388897657394409e-01,-1.475620567798614502e-01,-3.677995502948760986e-01,-8.257982134819030762e-02,-8.210674673318862915e-02,4.077664017677307129e-01,-1.741250753402709961e-01,1.142504364252090454e-01,-1.206593587994575500e-02,-5.185847170650959015e-03,-1.670514792203903198e-01,2.975491583347320557e-01,-9.814344644546508789e-01,1.163229823112487793e+00,1.215975359082221985e-01,-4.854005575180053711e-02,0.000000000000000000e+00,-1.172720491886138916e-01,-3.575438261032104492e-01,8.237614631652832031e-01,1.103767991065979004e+00,1.341915428638458252e-01,9.282120317220687866e-02,0.000000000000000000e+00
1.820566877722740173e-02,4.161337614059448242e-01,8.544505238533020020e-01,-2.232984639704227448e-02,3.886405378580093384e-02,6.820964217185974121e-01,7.298873066902160645e-01,-3.426019549369812012e-01,2.212193049490451813e-02,8.115579187870025635e-02,3.652807772159576416e-01,-1.056343466043472290e-01,-1.475367099046707153e-01,-3.680499196052551270e-01,-8.244744688272476196e-02,-8.160722255706787109e-02,4.082461297512054443e-01,-1.751793920993804932e-01,1.135487183928489685e-01,-1.217774860560894012e-02,-5.984105635434389114e-03,-1.669176816940307617e-01,2.979865372180938721e-01,-9.815142750740051270e-01,1.164603948593139648e+00,1.181532144546508789e-01,-4.617729038000106812e-02,0.000000000000000000e+00,-1.179977506399154663e-01,-3.570303022861480713e-01,8.270831704139709473e-01,1.104898810386657715e+00,1.369646638631820679e-01,9.088654071092605591e-02,0.000000000000000000e+00
1.837979257106781006e-02,4.159003198146820068e-01,8.544486165046691895e-01,-2.208722755312919617e-02,3.879352286458015442e-02,6.819920539855957031e-01,7.299959659576416016e-01,-3.420823216438293457e-01,2.217407524585723877e-02,8.160188049077987671e-02,3.647586107254028320e-01,-1.057329699397087097e-01,-1.475819349288940430e-01,-3.680075109004974365e-01,-8.228409290313720703e-02,-8.117360621690750122e-02,4.084071815013885498e-01,-1.757632941007614136e-01,1.130271777510643005e-01,-1.225856970995664597e-02,-6.791814696043729782e-03,-1.663182824850082397e-01,2.978738546371459961e-01,-9.807132482528686523e-01,1.166942477226257324e+00,1.143823787569999695e-01,-4.371112212538719177e-02,0.000000000000000000e+00,-1.186451092362403870e-01,-3.564547598361968994e-01,8.277698159217834473e-01,1.105909824371337891e+00,1.379404962062835693e-01,8.850334584712982178e-02,0.000000000000000000e+00
1.857455074787139893e-02,4.159187078475952148e-01,8.544245958328247070e-01,-2.186891995370388031e-02,3.874557837843894958e-02,6.818645596504211426e-01,7.301241159439086914e-01,-3.415174186229705811e-01,2.208459563553333282e-02,8.120708912611007690e-02,3.646159470081329346e-01,-1.060963794589042664e-01,-1.476274728775024414e-01,-3.679384291172027588e-01,-8.225952088832855225e-02,-8.097285777330398560e-02,4.089564979076385498e-01,-1.763245463371276855e-01,1.127791702747344971e-01,-1.231504976749420166e-02,-7.409682031720876694e-03,-1.654122918844223022e-01,2.975161671638488770e-01,-9.788549542427062988e-01,1.169035077095031738e+00,1.111466661095619202e-01,-4.056882485747337341e-02,0.000000000000000000e+00,-1.190811768174171448e-01,-3.561706542968750000e-01,8.266771435737609863e-01,1.105867981910705566e+00,1.378771066665649414e-01,8.631744980812072754e-02,0.000000000000000000e+00
1.865564659237861633e-02,4.162420332431793213e-01,8.543721437454223633e-01,-2.165136113762855530e-02,3.870239108800888062e-02,6.817288398742675781e-01,7.302596569061279297e-01,-3.409320116043090820e-01,2.181076258420944214e-02,8.064009249210357666e-02,3.651295602321624756e-01,-1.071514487266540527e-01,-1.478214114904403687e-01,-3.676987886428833008e-01,-8.256655186414718628e-02,-8.103394508361816406e-02,4.099358022212982178e-01,-1.775596588850021362e-01,1.128001362085342407e-01,-1.248346827924251556e-02,-7.972993887960910797e-03,-1.641278117895126343e-01,2.971478998661041260e-01,-9.759709239006042480e-01,1.170367956161499023e+00,1.091356500983238220e-01,-3.769077360630035400e-02,0.000000000000000000e+00,-1.192374378442764282e-01,-3.562106192111968994e-01,8.254938721656799316e-01,1.104999780654907227e+00,1.361165940761566162e-01,8.590713143348693848e-02,0.000000000000000000e+00
1.860517449676990509e-02,4.166724383831024170e-01,8.543373942375183105e-01,-2.149162814021110535e-02,3.863053396344184875e-02,6.815621256828308105e-01,7.304237484931945801e-01,-3.403282761573791504e-01,2.155206352472305298e-02,8.039326220750808716e-02,3.657378852367401123e-01,-1.081437990069389343e-01,-1.480031013488769531e-01,-3.671971261501312256e-01,-8.300361037254333496e-02,-8.144038170576095581e-02,4.105840027332305908e-01,-1.789000481367111206e-01,1.133848056197166443e-01,-1.260904595255851746e-02,-8.321949280798435211e-03,-1.626728028059005737e-01,2.967904210090637207e-01,-9.729063510894775391e-01,1.170462131500244141e+00,1.083058640360832214e-01,-3.605186939239501953e-02,0.000000000000000000e+00,-1.191940531134605408e-01,-3.565149903297424316e-01,8.249352574348449707e-01,1.103954195976257324e+00,1.347476392984390259e-01,8.780825138092041016e-02,0.000000000000000000e+00
1.850168034434318542e-02,4.170247912406921387e-01,8.543214797973632812e-01,-2.141765132546424866e-02,3.846084699034690857e-02,6.815675497055053711e-01,7.304298281669616699e-01,-3.398414254188537598e-01,2.153411693871021271e-02,8.033099025487899780e-02,3.662905991077423096e-01,-1.087676435708999634e-01,-1.478767991065979004e-01,-3.664232790470123291e-01,-8.327132463455200195e-02,-8.211792260408401489e-02,4.107427597045898438e-01,-1.800659447908401489e-01,1.139704659581184387e-01,-1.263235975056886673e-02,-8.382413536310195923e-03,-1.613096147775650024e-01,2.966206371784210205e-01,-9.707906246185302734e-01,1.169412493705749512e+00,1.110105663537979126e-01,-3.625794872641563416e-02,0.000000000000000000e+00,-1.190524101257324219e-01,-3.569316267967224121e-01,8.254130482673645020e-01,1.103366851806640625e+00,1.363396793603897095e-01,9.089722484350204468e-02,0.000000000000000000e+00
1.836910471320152283e-02,4.172656834125518799e-01,8.543283939361572266e-01,-2.137950994074344635e-02,3.817284852266311646e-02,6.816529631614685059e-01,7.303663492202758789e-01,-3.393892049789428711e-01,2.166734449565410614e-02,8.009435236454010010e-02,3.667896687984466553e-01,-1.089228168129920959e-01,-1.478129327297210693e-01,-3.654080629348754883e-01,-8.322896808385848999e-02,-8.252771943807601929e-02,4.104197025299072266e-01,-1.805782914161682129e-01,1.145451068878173828e-01,-1.257512997835874557e-02,-8.172232657670974731e-03,-1.602541804313659668e-01,2.963166832923889160e-01,-9.698510169982910156e-01,1.168427586555480957e+00,1.155557781457901001e-01,-3.750660270452499390e-02,0.000000000000000000e+00,-1.188427507877349854e-01,-3.572573363780975342e-01,8.265370130538940430e-01,1.103724598884582520e+00,1.416153907775878906e-01,9.216916561126708984e-02,0.000000000000000000e+00
1.828302256762981415e-02,4.174690246582031250e-01,8.543367981910705566e-01,-2.132545970380306244e-02,3.791426867246627808e-02,6.817179918289184570e-01,7.303206920623779297e-01,-3.390141427516937256e-01,2.172975987195968628e-02,7.952304184436798096e-02,3.673173785209655762e-01,-1.089263111352920532e-01,-1.482423245906829834e-01,-3.645784556865692139e-01,-8.300995826721191406e-02,-8.237307518720626831e-02,4.102498292922973633e-01,-1.809652745723724365e-01,1.150638088583946228e-01,-1.248157490044832230e-02,-7.873745635151863098e-03,-1.594300866127014160e-01,2.959059774875640869e-01,-9.691122174263000488e-01,1.167291998863220215e+00,1.206946521997451782e-01,-3.866877406835556030e-02,0.000000000000000000e+00,-1.185897216200828552e-01,-3.575596213340759277e-01,8.274655938148498535e-01,1.104556441307067871e+00,1.486118435859680176e-01,9.114149212837219238e-02,0.000000000000000000e+00
1.831745170056819916e-02,4.177294969558715820e-01,8.543450832366943359e-01,-2.123516425490379333e-02,3.769383952021598816e-02,6.817559599876403809e-01,7.302992939949035645e-01,-3.384967744350433350e-01,2.177673578262329102e-02,7.886894047260284424e-02,3.677556812763214111e-01,-1.093001067638397217e-01,-1.489416956901550293e-01,-3.637784123420715332e-01,-8.270166069269180298e-02,-8.203381299972534180e-02,4.102889895439147949e-01,-1.818566471338272095e-01,1.153176054358482361e-01,-1.230501104146242142e-02,-7.621032185852527618e-03,-1.587154418230056763e-01,2.956534624099731445e-01,-9.689278602600097656e-01,1.165874481201171875e+00,1.243010833859443665e-01,-3.992854431271553040e-02,0.000000000000000000e+00,-1.179628297686576843e-01,-3.575797975063323975e-01,8.279402852058410645e-01,1.105534076690673828e+00,1.528923511505126953e-01,8.918872475624084473e-02,0.000000000000000000e+00
1.841746643185615540e-02,4.180031716823577881e-01,8.543381094932556152e-01,-2.112218178808689117e-02,3.751929476857185364e-02,6.817707419395446777e-01,7.302977442741394043e-01,-3.380162715911865234e-01,2.185857854783535004e-02,7.855857163667678833e-02,3.682210743427276611e-01,-1.095996424555778503e-01,-1.498059630393981934e-01,-3.631069362163543701e-01,-8.249617367982864380e-02,-8.195976912975311279e-02,4.104870557785034180e-01,-1.825027465820312500e-01,1.150213032960891724e-01,-1.197405811399221420e-02,-7.556544616818428040e-03,-1.580916792154312134e-01,2.956984043121337891e-01,-9.694744944572448730e-01,1.164494872093200684e+00,1.265337020158767700e-01,-4.145039618015289307e-02,0.000000000000000000e+00,-1.173842400312423706e-01,-3.570018708705902100e-01,8.284609913825988770e-01,1.106176018714904785e+00,1.533161401748657227e-01,8.853329718112945557e-02,0.000000000000000000e+00
1.847198233008384705e-02,4.180111289024353027e-01,8.542877435684204102e-01,-2.107139118015766144e-02,3.747158125042915344e-02,6.817530393600463867e-01,7.303181886672973633e-01,-3.382326662540435791e-01,2.190278656780719757e-02,7.838192582130432129e-02,3.689664304256439209e-01,-1.099793314933776855e-01,-1.504563391208648682e-01,-3.632865250110626221e-01,-8.245253562927246094e-02,-8.200334012508392334e-02,4.110401570796966553e-01,-1.822997331619262695e-01,1.144926548004150391e-01,-1.179012376815080643e-02,-7.722952868789434433e-03,-1.577636897563934326e-01,2.958576381206512451e-01,-9.700611829757690430e-01,1.163190364837646484e+00,1.277125626802444458e-01,-4.337373748421669006e-02,0.000000000000000000e+00,-1.176140904426574707e-01,-3.563247919082641602e-01,8.299135565757751465e-01,1.106290698051452637e+00,1.510804444551467896e-01,9.080650657415390015e-02,0.000000000000000000e+00
1.846930198371410370e-02,4.176699519157409668e-01,8.542337417602539062e-01,-2.110093459486961365e-02,3.750603273510932922e-02,6.816658973693847656e-01,7.303969264030456543e-01,-3.389800190925598145e-01,2.192627266049385071e-02,7.829237729310989380e-02,3.694661855697631836e-01,-1.096039265394210815e-01,-1.505862623453140259e-01,-3.640521764755249023e-01,-8.239120990037918091e-02,-8.198448270559310913e-02,4.113194346427917480e-01,-1.812513917684555054e-01,1.139678880572319031e-01,-1.193985994905233383e-02,-7.959457114338874817e-03,-1.578356325626373291e-01,2.961471676826477051e-01,-9.711291193962097168e-01,1.162385940551757812e+00,1.263522356748580933e-01,-4.466038942337036133e-02,0.000000000000000000e+00,-1.185483485460281372e-01,-3.554822504520416260e-01,8.329024910926818848e-01,1.106448888778686523e+00,1.496067047119140625e-01,9.401845932006835938e-02,0.000000000000000000e+00
1.845397241413593292e-02,4.173007309436798096e-01,8.542347550392150879e-01,-2.113642171025276184e-02,3.755470365285873413e-02,6.814402937889099121e-01,7.306038737297058105e-01,-3.394227623939514160e-01,2.192353829741477966e-02,7.831766456365585327e-02,3.692606389522552490e-01,-1.084264442324638367e-01,-1.508315205574035645e-01,-3.645608723163604736e-01,-8.221595734357833862e-02,-8.162516355514526367e-02,4.109029173851013184e-01,-1.803200244903564453e-01,1.137449592351913452e-01,-1.210622023791074753e-02,-8.151370100677013397e-03,-1.580878645181655884e-01,2.962403893470764160e-01,-9.728503823280334473e-01,1.162737369537353516e+00,1.226149424910545349e-01,-4.524268582463264465e-02,0.000000000000000000e+00,-1.196393147110939026e-01,-3.545639812946319580e-01,8.365780115127563477e-01,1.106372117996215820e+00,1.505677551031112671e-01,9.485663473606109619e-02,0.000000000000000000e+00
1.850440725684165955e-02,4.170073270797729492e-01,8.542366623878479004e-01,-2.116712927818298340e-02,3.760946542024612427e-02,6.811760067939758301e-01,7.308465838432312012e-01,-3.396294116973876953e-01,2.198785729706287384e-02,7.830771803855895996e-02,3.689975738525390625e-01,-1.085156574845314026e-01,-1.504582464694976807e-01,-3.649999797344207764e-01,-8.186224102973937988e-02,-8.081124722957611084e-02,4.105953574180603027e-01,-1.802331209182739258e-01,1.133302599191665649e-01,-1.201076991856098175e-02,-8.315423503518104553e-03,-1.583658754825592041e-01,2.959890067577362061e-01,-9.744335412979125977e-01,1.163534283638000488e+00,1.184628009796142578e-01,-4.519464075565338135e-02,0.000000000000000000e+00,-1.204792708158493042e-01,-3.534160852432250977e-01,8.389535546302795410e-01,1.105913400650024414e+00,1.524160802364349365e-01,9.387109428644180298e-02,0.000000000000000000e+00
1.864608936011791229e-02,4.167423248291015625e-01,8.542115092277526855e-01,-2.118011936545372009e-02,3.773843869566917419e-02,6.809729337692260742e-01,7.310287952423095703e-01,-3.398979008197784424e-01,2.207884937524795532e-02,7.837844640016555786e-02,3.687584698200225830e-01,-1.086279973387718201e-01,-1.500354111194610596e-01,-3.657334148883819580e-01,-8.154509216547012329e-02,-7.997785508632659912e-02,4.107954204082489014e-01,-1.802455186843872070e-01,1.128003448247909546e-01,-1.203926838934421539e-02,-8.442803286015987396e-03,-1.585874408483505249e-01,2.956301569938659668e-01,-9.752342700958251953e-01,1.164169430732727051e+00,1.143682971596717834e-01,-4.452117532491683960e-02,0.000000000000000000e+00,-1.210023686289787292e-01,-3.523570299148559570e-01,8.399115800857543945e-01,1.104354977607727051e+00,1.540441066026687622e-01,9.089393913745880127e-02,0.000000000000000000e+00
1.880716532468795776e-02,4.165399670600891113e-01,8.541715145111083984e-01,-2.126786299049854279e-02,3.794957324862480164e-02,6.808894276618957520e-01,7.310930490493774414e-01,-3.403577804565429688e-01,2.216978929936885834e-02,7.850819081068038940e-02,3.685191273689270020e-01,-1.089278608560562134e-01,-1.496096998453140259e-01,-3.666552901268005371e-01,-8.135177195072174072e-02,-7.956174761056900024e-02,4.111265242099761963e-01,-1.798731237649917603e-01,1.123629659414291382e-01,-1.235247030854225159e-02,-8.461665362119674683e-03,-1.589618176221847534e-01,2.952826619148254395e-01,-9.759577512741088867e-01,1.163898825645446777e+00,1.104693636298179626e-01,-4.364070296287536621e-02,0.000000000000000000e+00,-1.213408559560775757e-01,-3.512404859066009521e-01,8.400014042854309082e-01,1.102733731269836426e+00,1.549822092056274414e-01,8.813805133104324341e-02,0.000000000000000000e+00
1.898709870874881744e-02,4.163620471954345703e-01,8.541427254676818848e-01,-2.149322070181369781e-02,3.819380328059196472e-02,6.808810234069824219e-01,7.310816049575805664e-01,-3.410242795944213867e-01,2.240954898297786713e-02,7.858595252037048340e-02,3.682921528816223145e-01,-1.098364815115928650e-01,-1.495568007230758667e-01,-3.675541877746582031e-01,-8.111304044723510742e-02,-7.962693274021148682e-02,4.111018180847167969e-01,-1.793128252029418945e-01,1.120699197053909302e-01,-1.270414609462022781e-02,-8.169472217559814453e-03,-1.593288332223892212e-01,2.948304116725921631e-01,-9.755560755729675293e-01,1.163009524345397949e+00,1.072255074977874756e-01,-4.326703026890754700e-02,0.000000000000000000e+00,-1.214169487357139587e-01,-3.500948846340179443e-01,8.390367627143859863e-01,1.101745367050170898e+00,1.547290086746215820e-01,8.616212755441665649e-02,0.000000000000000000e+00
1.900549419224262238e-02,4.160184264183044434e-01,8.541458249092102051e-01,-2.180844545364379883e-02,3.846322372555732727e-02,6.808305978775024414e-01,7.311050891876220703e-01,-3.419475257396697998e-01,2.254150062799453735e-02,7.861252874135971069e-02,3.678480982780456543e-01,-1.104389280080795288e-01,-1.496654599905014038e-01,-3.684381544589996338e-01,-8.095878362655639648e-02,-7.979787886142730713e-02,4.103912413120269775e-01,-1.789577007293701172e-01,1.119939237833023071e-01,-1.310872100293636322e-02,-7.710434496402740479e-03,-1.596152037382125854e-01,2.944863438606262207e-01,-9.740199446678161621e-01,1.161849141120910645e+00,1.040734127163887024e-01,-4.311541840434074402e-02,0.000000000000000000e+00,-1.212754249572753906e-01,-3.490047454833984375e-01,8.376877903938293457e-01,1.102348566055297852e+00,1.540106832981109619e-01,8.537744730710983276e-02,0.000000000000000000e+00
1.878908649086952209e-02,4.156095385551452637e-01,8.541790246963500977e-01,-2.217374928295612335e-02,3.876269981265068054e-02,6.807122230529785156e-01,7.311885356903076172e-01,-3.430308401584625244e-01,2.238795533776283264e-02,7.841462641954421997e-02,3.673052489757537842e-01,-1.105698421597480774e-01,-1.497941762208938599e-01,-3.692952394485473633e-01,-8.092939853668212891e-02,-7.963643223047256470e-02,4.091992676258087158e-01,-1.786776036024093628e-01,1.123416945338249207e-01,-1.347132492810487747e-02,-7.277610246092081070e-03,-1.599656939506530762e-01,2.942282855510711670e-01,-9.719574451446533203e-01,1.160943746566772461e+00,1.011716350913047791e-01,-4.328404739499092102e-02,0.000000000000000000e+00,-1.211873069405555725e-01,-3.480219841003417969e-01,8.371688723564147949e-01,1.104620933532714844e+00,1.541288942098617554e-01,8.524069190025329590e-02,0.000000000000000000e+00
1.843267492949962616e-02,4.151391685009002686e-01,8.542283773422241211e-01,-2.254691720008850098e-02,3.902529552578926086e-02,6.806170344352722168e-01,7.312517166137695312e-01,-3.441761732101440430e-01,2.207736484706401825e-02,7.813382893800735474e-02,3.666737079620361328e-01,-1.100305989384651184e-01,-1.496540158987045288e-01,-3.700656890869140625e-01,-8.098894357681274414e-02,-7.943936437368392944e-02,4.077543318271636963e-01,-1.779745221138000488e-01,1.131757572293281555e-01,-1.362314447760581970e-02,-6.889012176543474197e-03,-1.604297906160354614e-01,2.938787937164306641e-01,-9.703399538993835449e-01,1.160359978675842285e+00,9.943767637014389038e-02,-4.310999438166618347e-02,0.000000000000000000e+00,-1.208974868059158325e-01,-3.470121324062347412e-01,8.369427919387817383e-01,1.107811808586120605e+00,1.543540805578231812e-01,8.485637605190277100e-02,0.000000000000000000e+00
1.805344037711620331e-02,4.146741628646850586e-01,8.542286753654479980e-01,-2.295480482280254364e-02,3.917955607175827026e-02,6.806607842445373535e-01,7.311900854110717773e-01,-3.456147313117980957e-01,2.196902781724929810e-02,7.800236344337463379e-02,3.666634559631347656e-01,-1.093436479568481445e-01,-1.491833329200744629e-01,-3.708033859729766846e-01,-8.103328943252563477e-02,-7.971715182065963745e-02,4.066371321678161621e-01,-1.775433272123336792e-01,1.142695918679237366e-01,-1.371853798627853394e-02,-6.277242675423622131e-03,-1.611834764480590820e-01,2.932977974414825439e-01,-9.696772694587707520e-01,1.160288572311401367e+00,9.823104739189147949e-02,-4.269624128937721252e-02,0.000000000000000000e+00,-1.201328411698341370e-01,-3.461223840713500977e-01,8.370974063873291016e-01,1.110543489456176758e+00,1.536663174629211426e-01,8.500004559755325317e-02,0.000000000000000000e+00
1.793494448065757751e-02,4.142962694168090820e-01,8.541965484619140625e-01,-2.334186621010303497e-02,3.921801224350929260e-02,6.807703971862792969e-01,7.310736775398254395e-01,-3.469461500644683838e-01,2.228116616606712341e-02,7.775172591209411621e-02,3.670971393585205078e-01,-1.093161329627037048e-01,-1.485173255205154419e-01,-3.714546561241149902e-01,-8.082711696624755859e-02,-8.048036694526672363e-02,4.060286879539489746e-01,-1.770019978284835815e-01,1.150652170181274414e-01,-1.381144672632217407e-02,-5.411039572209119797e-03,-1.619817912578582764e-01,2.925069928169250488e-01,-9.692800641059875488e-01,1.160229444503784180e+00,9.672148525714874268e-02,-4.193624854087829590e-02,0.000000000000000000e+00,-1.189737319946289062e-01,-3.454841673374176025e-01,8.369182348251342773e-01,1.112817525863647461e+00,1.523624807596206665e-01,8.592462539672851562e-02,0.000000000000000000e+00
1.822033338248729706e-02,4.140710234642028809e-01,8.541529774665832520e-01,-2.367418445646762848e-02,3.923200070858001709e-02,6.809391975402832031e-01,7.309050559997558594e-01,-3.479879796504974365e-01,2.299209497869014740e-02,7.727842777967453003e-02,3.676590323448181152e-01,-1.098981350660324097e-01,-1.482976824045181274e-01,-3.720549345016479492e-01,-8.024121075868606567e-02,-8.128663897514343262e-02,4.059689640998840332e-01,-1.764756739139556885e-01,1.148262172937393188e-01,-1.418240182101726532e-02,-4.519775509834289551e-03,-1.626707464456558228e-01,2.916170656681060791e-01,-9.689160585403442383e-01,1.160630822181701660e+00,9.576088190078735352e-02,-4.139821231365203857e-02,0.000000000000000000e+00,-1.177588328719139099e-01,-3.449910581111907959e-01,8.358153104782104492e-01,1.114168524742126465e+00,1.499223858118057251e-01,8.666343986988067627e-02,0.000000000000000000e+00
1.871033199131488800e-02,4.138811528682708740e-01,8.540930151939392090e-01,-2.392329834401607513e-02,3.920152410864830017e-02,6.811831593513488770e-01,7.306712269783020020e-01,-3.489266335964202881e-01,2.383215911686420441e-02,7.652118802070617676e-02,3.683512508869171143e-01,-1.099599376320838928e-01,-1.488328129053115845e-01,-3.725518882274627686e-01,-7.942227274179458618e-02,-8.172425627708435059e-02,4.062442779541015625e-01,-1.761501282453536987e-01,1.138114705681800842e-01,-1.446781959384679794e-02,-3.817630233243107796e-03,-1.633813083171844482e-01,2.906289100646972656e-01,-9.690833091735839844e-01,1.161878108978271484e+00,9.617996215820312500e-02,-4.219226539134979248e-02,0.000000000000000000e+00,-1.164695471525192261e-01,-3.443210721015930176e-01,8.338688015937805176e-01,1.115474224090576172e+00,1.471889168024063110e-01,8.545766025781631470e-02,0.000000000000000000e+00
1.911079883575439453e-02,4.135541319847106934e-01,8.540160655975341797e-01,-2.413128130137920380e-02,3.914095461368560791e-02,6.814705133438110352e-01,7.303996682167053223e-01,-3.500961065292358398e-01,2.459157817065715790e-02,7.591451704502105713e-02,3.692080974578857422e-01,-1.092590987682342529e-01,-1.498548686504364014e-01,-3.731486797332763672e-01,-7.866608351469039917e-02,-8.192437887191772461e-02,4.065554440021514893e-01,-1.754249036312103271e-01,1.126051917672157288e-01,-1.454951800405979156e-02,-3.343965159729123116e-03,-1.643207222223281860e-01,2.898745834827423096e-01,-9.700154066085815430e-01,1.162782907485961914e+00,9.679275006055831909e-02,-4.422200098633766174e-02,0.000000000000000000e+00,-1.152977421879768372e-01,-3.435558974742889404e-01,8.315525650978088379e-01,1.116532802581787109e+00,1.447046995162963867e-01,8.270816504955291748e-02,0.000000000000000000e+00
1.924778707325458527e-02,4.129175543785095215e-01,8.539493680000305176e-01,-2.433570101857185364e-02,3.907604888081550598e-02,6.816200017929077148e-01,7.302567958831787109e-01,-3.515158891677856445e-01,2.503298781812191010e-02,7.520949840545654297e-02,3.699202835559844971e-01,-1.084777489304542542e-01,-1.504476219415664673e-01,-3.739726841449737549e-01,-7.802454382181167603e-02,-8.182483166456222534e-02,4.063653945922851562e-01,-1.740780770778656006e-01,1.113774552941322327e-01,-1.451222319155931473e-02,-2.907526213675737381e-03,-1.654262244701385498e-01,2.895566225051879883e-01,-9.712968468666076660e-01,1.162331342697143555e+00,9.741838276386260986e-02,-4.659399762749671936e-02,0.000000000000000000e+00,-1.144652068614959717e-01,-3.429733216762542725e-01,8.290200829505920410e-01,1.117128849029541016e+00,1.435235440731048584e-01,8.020845800638198853e-02,0.000000000000000000e+00
1.912351697683334351e-02,4.120096564292907715e-01,8.538935184478759766e-01,-2.459573373198509216e-02,3.904161602258682251e-02,6.816281676292419434e-01,7.302423119544982910e-01,-3.531884253025054932e-01,2.531107328832149506e-02,7.482426613569259644e-02,3.704340159893035889e-01,-1.081771105527877808e-01,-1.501653492450714111e-01,-3.750745356082916260e-01,-7.750439643859863281e-02,-8.154958486557006836e-02,4.056227803230285645e-01,-1.720447838306427002e-01,1.101873442530632019e-01,-1.425267104059457779e-02,-2.413559006527066231e-03,-1.665603220462799072e-01,2.894687354564666748e-01,-9.725371599197387695e-01,1.160632014274597168e+00,9.809225052595138550e-02,-4.767362028360366821e-02,0.000000000000000000e+00,-1.140799894928932190e-01,-3.424765169620513916e-01,8.268966674804687500e-01,1.117260456085205078e+00,1.442188322544097900e-01,7.796128094196319580e-02,0.000000000000000000e+00
1.897264085710048676e-02,4.110290110111236572e-01,8.538513183593750000e-01,-2.480999566614627838e-02,3.904084116220474243e-02,6.814796328544616699e-01,7.303737401962280273e-01,-3.546451330184936523e-01,2.557452395558357239e-02,7.498592883348464966e-02,3.705692589282989502e-01,-1.081220060586929321e-01,-1.492125838994979858e-01,-3.762718737125396729e-01,-7.709918916225433350e-02,-8.129215240478515625e-02,4.047424495220184326e-01,-1.696348488330841064e-01,1.090326532721519470e-01,-1.389606483280658722e-02,-2.147523686289787292e-03,-1.676634997129440308e-01,2.894825041294097900e-01,-9.735447764396667480e-01,1.159009575843811035e+00,9.855587035417556763e-02,-4.730263724923133850e-02,0.000000000000000000e+00,-1.143196746706962585e-01,-3.418672382831573486e-01,8.266835808753967285e-01,1.117478847503662109e+00,1.465179175138473511e-01,7.582084834575653076e-02,0.000000000000000000e+00
1.896381005644798279e-02,4.101369082927703857e-01,8.538123369216918945e-01,-2.489504218101501465e-02,3.910216316580772400e-02,6.812039613723754883e-01,7.306246757507324219e-01,-3.556795418262481689e-01,2.575499750673770905e-02,7.517581433057785034e-02,3.703393340110778809e-01,-1.075779721140861511e-01,-1.483176052570343018e-01,-3.775201737880706787e-01,-7.684798538684844971e-02,-8.112593740224838257e-02,4.043176770210266113e-01,-1.680631488561630249e-01,1.083101108670234680e-01,-1.377624180167913437e-02,-2.326248679310083389e-03,-1.685446649789810181e-01,2.895192503929138184e-01,-9.733088612556457520e-01,1.157492756843566895e+00,9.744710475206375122e-02,-4.686419293284416199e-02,0.000000000000000000e+00,-1.152564287185668945e-01,-3.409655690193176270e-01,8.280839323997497559e-01,1.117692470550537109e+00,1.490397155284881592e-01,7.484252005815505981e-02,0.000000000000000000e+00
1.910212635993957520e-02,4.094920754432678223e-01,8.537769317626953125e-01,-2.484178356826305389e-02,3.911847993731498718e-02,6.809234619140625000e-01,7.308870553970336914e-01,-3.561051189899444580e-01,2.588439546525478363e-02,7.494062185287475586e-02,3.700720667839050293e-01,-1.073613762855529785e-01,-1.476811617612838745e-01,-3.784553110599517822e-01,-7.651646435260772705e-02,-8.066586405038833618e-02,4.044317901134490967e-01,-1.675704717636108398e-01,1.083698645234107971e-01,-1.390996295958757401e-02,-2.801998285576701164e-03,-1.689895391464233398e-01,2.896823883056640625e-01,-9.720105528831481934e-01,1.155509233474731445e+00,9.578773379325866699e-02,-4.737990722060203552e-02,0.000000000000000000e+00,-1.163587272167205811e-01,-3.399106264114379883e-01,8.291372656822204590e-01,1.117810368537902832e+00,1.517509222030639648e-01,7.464822381734848022e-02,0.000000000000000000e+00
1.932310126721858978e-02,4.091856181621551514e-01,8.537352681159973145e-01,-2.468969486653804779e-02,3.902503103017807007e-02,6.808109283447265625e-01,7.310019731521606445e-01,-3.560690581798553467e-01,2.596548013389110565e-02,7.415039837360382080e-02,3.703601360321044922e-01,-1.090315431356430054e-01,-1.476133763790130615e-01,-3.788601756095886230e-01,-7.611679285764694214e-02,-7.999886572360992432e-02,4.051061570644378662e-01,-1.680323630571365356e-01,1.085657104849815369e-01,-1.412316225469112396e-02,-3.421197645366191864e-03,-1.689269989728927612e-01,2.899649739265441895e-01,-9.694798588752746582e-01,1.154040217399597168e+00,9.512416273355484009e-02,-4.799239337444305420e-02,0.000000000000000000e+00,-1.173557415604591370e-01,-3.390205800533294678e-01,8.282088041305541992e-01,1.116920590400695801e+00,1.540535688400268555e-01,7.475402206182479858e-02,0.000000000000000000e+00
1.959598995745182037e-02,4.092518389225006104e-01,8.537032604217529297e-01,-2.450508251786231995e-02,3.885013610124588013e-02,6.808690428733825684e-01,7.309634089469909668e-01,-3.555834591388702393e-01,2.585463412106037140e-02,7.223390787839889526e-02,3.710425496101379395e-01,-1.127615496516227722e-01,-1.481508165597915649e-01,-3.785955011844635010e-01,-7.560957223176956177e-02,-7.908199727535247803e-02,4.059580862522125244e-01,-1.696854978799819946e-01,1.084923744201660156e-01,-1.419210806488990784e-02,-3.779017133638262749e-03,-1.684021353721618652e-01,2.900566756725311279e-01,-9.667252302169799805e-01,1.152591586112976074e+00,9.583286195993423462e-02,-4.792821407318115234e-02,0.000000000000000000e+00,-1.180693060159683228e-01,-3.391708731651306152e-01,8.261733651161193848e-01,1.114111542701721191e+00,1.569578349590301514e-01,7.484322786331176758e-02,0.000000000000000000e+00
