9.199022315442562103e-03,3.238464891910552979e-02,5.094156265258789062e-01,1.812916435301303864e-02,-4.634165391325950623e-02,6.631538867950439453e-01,7.468271255493164062e-01,-1.416032314300537109e+00,1.557025313377380371e-01,-1.358253695070743561e-02,1.445584893226623535e+00,7.468393445014953613e-02,-1.782270669937133789e-01,-1.382829427719116211e+00,9.571032971143722534e-02,1.072229370474815369e-01,1.337663292884826660e+00,7.951284199953079224e-02,2.496004998683929443e-01,-1.101675815880298615e-02,4.620492830872535706e-02,4.805304408073425293e-01,3.635812103748321533e-01,-3.602159917354583740e-01,4.972876608371734619e-02,9.684078693389892578e-01,-1.794320195913314819e-01,6.062578558921813965e-01,3.604277968406677246e-01,-3.845738768577575684e-01,4.224556982517242432e-01,-3.186886385083198547e-02,-1.009225606918334961e+00,-8.664832264184951782e-02,-3.211458921432495117e-01
1.367002446204423904e-02,3.757515549659729004e-02,5.024619698524475098e-01,4.641136899590492249e-02,-8.158289641141891479e-02,6.774995923042297363e-01,7.295097708702087402e-01,-1.356001615524291992e+00,1.227960884571075439e-01,6.525805802084505558e-04,1.486419558525085449e+00,6.651998311281204224e-02,-1.489669382572174072e-01,-1.330860733985900879e+00,4.937450960278511047e-02,3.717553988099098206e-02,1.403542995452880859e+00,5.403847247362136841e-02,1.996707469224929810e-01,-3.384405001997947693e-02,3.786674514412879944e-02,5.771753191947937012e-01,3.869183659553527832e-01,-3.726101219654083252e-01,5.087707191705703735e-02,9.740874767303466797e-01,-1.689176559448242188e-01,6.324181556701660156e-01,4.682137072086334229e-01,-4.058370590209960938e-01,4.130229055881500244e-01,-7.262783497571945190e-02,-1.012011647224426270e+00,-8.190621435642242432e-02,-3.145005702972412109e-01
1.378463115543127060e-02,3.740468621253967285e-02,5.018751025199890137e-01,4.678260535001754761e-02,-8.072897791862487793e-02,6.804910302162170410e-01,7.267916798591613770e-01,-1.357036709785461426e+00,1.151761710643768311e-01,6.822899449616670609e-04,1.484459280967712402e+00,7.325569540262222290e-02,-1.507076919078826904e-01,-1.332275032997131348e+00,3.789744153618812561e-02,3.576869890093803406e-02,1.406192660331726074e+00,5.288961902260780334e-02,2.042762786149978638e-01,-4.102633148431777954e-02,3.832087665796279907e-02,6.005400419235229492e-01,3.877107501029968262e-01,-3.718464970588684082e-01,3.464503958821296692e-02,9.766047000885009766e-01,-1.630730479955673218e-01,6.456464529037475586e-01,4.936932921409606934e-01,-4.169237017631530762e-01,4.108282625675201416e-01,-9.786558896303176880e-02,-1.026872992515563965e+00,-8.216212689876556396e-02,-3.271775245666503906e-01
1.353214029222726822e-02,3.671117126941680908e-02,5.011132359504699707e-01,4.299462586641311646e-02,-7.623074948787689209e-02,6.819114685058593750e-01,7.261798381805419922e-01,-1.370094895362854004e+00,1.123221665620803833e-01,9.893717942759394646e-04,1.483464241027832031e+00,7.862224429845809937e-02,-1.516168564558029175e-01,-1.345161199569702148e+00,3.085315041244029999e-02,3.416264057159423828e-02,1.406471133232116699e+00,5.454654991626739502e-02,2.086146771907806396e-01,-4.332870244979858398e-02,4.091900214552879333e-02,6.150436997413635254e-01,3.880942165851593018e-01,-3.728156387805938721e-01,1.716315373778343201e-02,9.765397310256958008e-01,-1.570298820734024048e-01,6.586356163024902344e-01,5.073991417884826660e-01,-4.258310496807098389e-01,4.118726551532745361e-01,-1.184765696525573730e-01,-1.044158935546875000e+00,-7.773984968662261963e-02,-3.450930416584014893e-01
1.340873818844556808e-02,3.682702034711837769e-02,5.003882646560668945e-01,3.733712062239646912e-02,-6.990462541580200195e-02,6.827381253242492676e-01,7.263525128364562988e-01,-1.388478994369506836e+00,1.106056272983551025e-01,3.220084472559392452e-04,1.484707832336425781e+00,8.119911700487136841e-02,-1.533284783363342285e-01,-1.363452196121215820e+00,2.516173385083675385e-02,3.236274048686027527e-02,1.408335804939270020e+00,5.503339692950248718e-02,2.118765711784362793e-01,-4.292193427681922913e-02,4.423541575670242310e-02,6.282201409339904785e-01,3.897159099578857422e-01,-3.763277232646942139e-01,-2.188763348385691643e-03,9.735988378524780273e-01,-1.539305895566940308e-01,6.718395948410034180e-01,5.197898149490356445e-01,-4.335026443004608154e-01,4.140767455101013184e-01,-1.384948939085006714e-01,-1.063154339790344238e+00,-7.085096091032028198e-02,-3.644055128097534180e-01
1.333827059715986252e-02,3.748465701937675476e-02,4.998637735843658447e-01,3.037938848137855530e-02,-6.222571432590484619e-02,6.834320425987243652e-01,7.267225384712219238e-01,-1.410224676132202148e+00,1.084953770041465759e-01,-1.221770071424543858e-03,1.486704707145690918e+00,8.186430484056472778e-02,-1.547418683767318726e-01,-1.385159611701965332e+00,1.993777230381965637e-02,3.073521144688129425e-02,1.411167979240417480e+00,5.299859866499900818e-02,2.148040831089019775e-01,-4.099407419562339783e-02,4.776888340711593628e-02,6.417272090911865234e-01,3.931502699851989746e-01,-3.828493654727935791e-01,-2.328418754041194916e-02,9.680382013320922852e-01,-1.557757556438446045e-01,6.868207454681396484e-01,5.340374112129211426e-01,-4.416848719120025635e-01,4.165636003017425537e-01,-1.589551120996475220e-01,-1.081240653991699219e+00,-6.076138839125633240e-02,-3.855464756488800049e-01
1.353300269693136215e-02,3.835681825876235962e-02,4.992825984954833984e-01,2.266141399741172791e-02,-5.352519080042839050e-02,6.841015815734863281e-01,7.270671129226684570e-01,-1.434577584266662598e+00,1.056813597679138184e-01,-3.613917855545878410e-03,1.489022612571716309e+00,8.114901930093765259e-02,-1.556794494390487671e-01,-1.409722566604614258e+00,1.509526651352643967e-02,2.925235405564308167e-02,1.414938926696777344e+00,4.916982352733612061e-02,2.167833298444747925e-01,-3.821104019880294800e-02,5.117826163768768311e-02,6.558771729469299316e-01,3.982456028461456299e-01,-3.922451734542846680e-01,-4.521955549716949463e-02,9.610901474952697754e-01,-1.632794290781021118e-01,7.034983634948730469e-01,5.508580207824707031e-01,-4.518063664436340332e-01,4.186591506004333496e-01,-1.800469011068344116e-01,-1.097377657890319824e+00,-4.606816917657852173e-02,-4.093617796897888184e-01
1.365002430975437164e-02,3.934744000434875488e-02,4.986839294433593750e-01,1.414815243333578110e-02,-4.402333870530128479e-02,6.849495172500610352e-01,7.271217107772827148e-01,-1.461287498474121094e+00,1.012461036443710327e-01,-6.422790233045816422e-03,1.491411805152893066e+00,8.048413693904876709e-02,-1.556805074214935303e-01,-1.436630129814147949e+00,1.008932571858167648e-02,2.777441218495368958e-02,1.419185400009155273e+00,4.693189263343811035e-02,2.188160568475723267e-01,-3.506530448794364929e-02,5.458221212029457092e-02,6.695152521133422852e-01,4.056145548820495605e-01,-4.047511219978332520e-01,-6.662099063396453857e-02,9.535107612609863281e-01,-1.741103082895278931e-01,7.209610342979431152e-01,5.696768760681152344e-01,-4.637067317962646484e-01,4.199464917182922363e-01,-2.013527899980545044e-01,-1.108766913414001465e+00,-2.464209310710430145e-02,-4.369871020317077637e-01
1.378009188920259476e-02,4.043652862310409546e-02,4.982469677925109863e-01,4.692186135798692703e-03,-3.362499177455902100e-02,6.860403418540954590e-01,7.267709374427795410e-01,-1.490202426910400391e+00,9.507571905851364136e-02,-9.639470838010311127e-03,1.493247151374816895e+00,8.056417107582092285e-02,-1.560450494289398193e-01,-1.465780973434448242e+00,4.996416158974170685e-03,2.639186754822731018e-02,1.423356175422668457e+00,4.505287855863571167e-02,2.202643156051635742e-01,-3.192305192351341248e-02,5.798537284135818481e-02,6.816852092742919922e-01,4.153618812561035156e-01,-4.203881025314331055e-01,-8.792567998170852661e-02,9.473783969879150391e-01,-1.856650263071060181e-01,7.407779693603515625e-01,5.899976491928100586e-01,-4.773940443992614746e-01,4.204743206501007080e-01,-2.233998328447341919e-01,-1.114659309387207031e+00,2.137247240170836449e-03,-4.700153768062591553e-01
1.394991297274827957e-02,4.183521121740341187e-02,4.980442821979522705e-01,-5.753771401941776276e-03,-2.220138907432556152e-02,6.870757937431335449e-01,7.262237071990966797e-01,-1.521293878555297852e+00,8.755413442850112915e-02,-1.341637037694454193e-02,1.494829893112182617e+00,8.082219213247299194e-02,-1.579861044883728027e-01,-1.497269511222839355e+00,-2.782908268272876740e-05,2.528210543096065521e-02,1.427794098854064941e+00,4.234531521797180176e-02,2.213172763586044312e-01,-2.877172827720642090e-02,6.139888241887092590e-02,6.921820640563964844e-01,4.275621175765991211e-01,-4.386374652385711670e-01,-1.090220361948013306e-01,9.460660815238952637e-01,-1.963166743516921997e-01,7.631383538246154785e-01,6.108742356300354004e-01,-4.923873841762542725e-01,4.197750985622406006e-01,-2.458445727825164795e-01,-1.115949511528015137e+00,3.412425890564918518e-02,-5.063697099685668945e-01
1.428777165710926056e-02,4.395060613751411438e-02,4.981586039066314697e-01,-1.732773892581462860e-02,-9.367135353386402130e-03,6.879310607910156250e-01,7.255086898803710938e-01,-1.555077791213989258e+00,7.976026087999343872e-02,-1.733961142599582672e-02,1.497174263000488281e+00,7.880988717079162598e-02,-1.602150201797485352e-01,-1.531807661056518555e+00,-5.115545820444822311e-03,2.424975857138633728e-02,1.433374285697937012e+00,3.762175142765045166e-02,2.217912226915359497e-01,-2.572308108210563660e-02,6.469809263944625854e-02,7.014660239219665527e-01,4.418055415153503418e-01,-4.586749374866485596e-01,-1.293068677186965942e-01,9.499997496604919434e-01,-2.056969255208969116e-01,7.897042036056518555e-01,6.316203474998474121e-01,-5.093230009078979492e-01,4.184342920780181885e-01,-2.689945697784423828e-01,-1.114261865615844727e+00,6.672225892543792725e-02,-5.449057817459106445e-01
1.486155577003955841e-02,4.720282927155494690e-02,4.987631738185882568e-01,-3.041208535432815552e-02,5.029617343097925186e-03,6.886549592018127441e-01,7.244336605072021484e-01,-1.591991901397705078e+00,7.280150800943374634e-02,-2.091275900602340698e-02,1.501030325889587402e+00,7.309082150459289551e-02,-1.626065522432327271e-01,-1.569649577140808105e+00,-1.060732454061508179e-02,2.304269000887870789e-02,1.440661787986755371e+00,3.023469820618629456e-02,2.213678658008575439e-01,-2.236838452517986298e-02,6.833850592374801636e-02,7.093657851219177246e-01,4.586868584156036377e-01,-4.800461530685424805e-01,-1.481829881668090820e-01,9.613125920295715332e-01,-2.121856957674026489e-01,8.207614421844482422e-01,6.525345444679260254e-01,-5.282055139541625977e-01,4.178015887737274170e-01,-2.923199832439422607e-01,-1.110755324363708496e+00,9.758879244327545166e-02,-5.838160514831542969e-01
1.567007973790168762e-02,5.162651091814041138e-02,4.996167719364166260e-01,-4.499770328402519226e-02,2.085747383534908295e-02,6.891397833824157715e-01,7.229291200637817383e-01,-1.632506489753723145e+00,6.615104526281356812e-02,-2.445698343217372894e-02,1.507092475891113281e+00,6.437499076128005981e-02,-1.646007001399993896e-01,-1.611138701438903809e+00,-1.637875661253929138e-02,2.146739326417446136e-02,1.450239062309265137e+00,2.052282541990280151e-02,2.199254035949707031e-01,-1.821875944733619690e-02,7.239806652069091797e-02,7.157627940177917480e-01,4.783976972103118896e-01,-5.024095177650451660e-01,-1.648995727300643921e-01,9.818195104598999023e-01,-2.130647748708724976e-01,8.558923602104187012e-01,6.737830042839050293e-01,-5.484569668769836426e-01,4.190062284469604492e-01,-3.151047229766845703e-01,-1.107940435409545898e+00,1.261884868144989014e-01,-6.228074431419372559e-01
1.668338291347026825e-02,5.691786482930183411e-02,5.005086660385131836e-01,-6.115753576159477234e-02,3.792895004153251648e-02,6.896588206291198730e-01,7.205497026443481445e-01,-1.677212834358215332e+00,5.798259377479553223e-02,-2.769379876554012299e-02,1.515222907066345215e+00,5.314411967992782593e-02,-1.650224328041076660e-01,-1.656754255294799805e+00,-2.290894649922847748e-02,1.837017387151718140e-02,1.462008833885192871e+00,1.117979735136032104e-02,2.158952355384826660e-01,-1.315612252801656723e-02,7.725872099399566650e-02,7.215564250946044922e-01,5.012612342834472656e-01,-5.272418856620788574e-01,-1.796702444553375244e-01,1.012663125991821289e+00,-2.090767323970794678e-01,8.981519341468811035e-01,6.975625753402709961e-01,-5.700747966766357422e-01,4.204892516136169434e-01,-3.388052880764007568e-01,-1.107666611671447754e+00,1.526938825845718384e-01,-6.589231491088867188e-01
1.766620576381683350e-02,6.287095695734024048e-02,5.018118023872375488e-01,-7.908844947814941406e-02,5.643725767731666565e-02,6.896649003028869629e-01,7.175807952880859375e-01,-1.725476741790771484e+00,4.925535246729850769e-02,-3.130118176341056824e-02,1.523617506027221680e+00,3.879993036389350891e-02,-1.647637039422988892e-01,-1.705661296844482422e+00,-2.806707285344600677e-02,1.668978482484817505e-02,1.473741531372070312e+00,1.547031453810632229e-03,2.120765149593353271e-01,-7.718706037849187851e-03,8.176603168249130249e-02,7.267076969146728516e-01,5.263164639472961426e-01,-5.535594820976257324e-01,-1.906932145357131958e-01,1.049845814704895020e+00,-2.021022737026214600e-01,9.442396759986877441e-01,7.204429507255554199e-01,-5.911785364151000977e-01,4.258889257907867432e-01,-3.601025938987731934e-01,-1.111881494522094727e+00,1.729019731283187866e-01,-6.888087391853332520e-01
1.857320591807365417e-02,6.952503323554992676e-02,5.035628080368041992e-01,-9.877084940671920776e-02,7.620640099048614502e-02,6.891941428184509277e-01,7.137565016746520996e-01,-1.777118325233459473e+00,4.028375819325447083e-02,-3.404086083173751831e-02,1.532568812370300293e+00,2.179406955838203430e-02,-1.633389741182327271e-01,-1.757640719413757324e+00,-3.186655417084693909e-02,1.550449337810277939e-02,1.485517144203186035e+00,-8.758178912103176117e-03,2.081259936094284058e-01,-2.644459251314401627e-03,8.587703108787536621e-02,7.324625253677368164e-01,5.539637804031372070e-01,-5.825496315956115723e-01,-1.978672444820404053e-01,1.094012975692749023e+00,-1.904800385236740112e-01,9.962646961212158203e-01,7.437262535095214844e-01,-6.133764982223510742e-01,4.371161162853240967e-01,-3.798530697822570801e-01,-1.122780203819274902e+00,1.881438493728637695e-01,-7.176920771598815918e-01
1.915697194635868073e-02,7.697990536689758301e-02,5.056715011596679688e-01,-1.199790909886360168e-01,9.721317142248153687e-02,6.878330111503601074e-01,7.092533707618713379e-01,-1.831806302070617676e+00,3.221789002418518066e-02,-3.549036756157875061e-02,1.542322516441345215e+00,3.220132784917950630e-03,-1.614232510328292847e-01,-1.812387228012084961e+00,-3.528872877359390259e-02,1.461271476000547409e-02,1.497496366500854492e+00,-2.134712040424346924e-02,2.059228122234344482e-01,1.745466259308159351e-03,8.949825167655944824e-02,7.383600473403930664e-01,5.850806236267089844e-01,-6.147363781929016113e-01,-2.006282359361648560e-01,1.143790245056152344e+00,-1.743536293506622314e-01,1.052042245864868164e+00,7.665699124336242676e-01,-6.394509077072143555e-01,4.561192393302917480e-01,-3.966500461101531982e-01,-1.139967203140258789e+00,1.931153088808059692e-01,-7.459062337875366211e-01
1.934205926954746246e-02,8.527977019548416138e-02,5.078355669975280762e-01,-1.419764757156372070e-01,1.192208826541900635e-01,6.853333115577697754e-01,7.042352557182312012e-01,-1.888708949089050293e+00,2.517679333686828613e-02,-3.577632829546928406e-02,1.553531050682067871e+00,-1.579231582581996918e-02,-1.580202877521514893e-01,-1.869279503822326660e+00,-3.943125531077384949e-02,1.368603762239217758e-02,1.510428428649902344e+00,-3.694736585021018982e-02,2.075481563806533813e-01,5.402513779699802399e-03,9.223038703203201294e-02,7.439404726028442383e-01,6.177082061767578125e-01,-6.476923823356628418e-01,-1.989402472972869873e-01,1.199441313743591309e+00,-1.556087583303451538e-01,1.109264731407165527e+00,7.872315049171447754e-01,-6.698395013809204102e-01,4.808167815208435059e-01,-4.084452092647552490e-01,-1.161247968673706055e+00,1.844507455825805664e-01,-7.763478755950927734e-01
1.924415491521358490e-02,9.439910948276519775e-02,5.101070404052734375e-01,-1.637531816959381104e-01,1.416711360216140747e-01,6.815969347953796387e-01,6.989562511444091797e-01,-1.945277690887451172e+00,1.818273961544036865e-02,-3.589437156915664673e-02,1.565723419189453125e+00,-3.540305420756340027e-02,-1.538831889629364014e-01,-1.926181435585021973e+00,-4.403262585401535034e-02,1.318394206464290619e-02,1.524202227592468262e+00,-5.480870231986045837e-02,2.112287878990173340e-01,9.015521965920925140e-03,9.371700882911682129e-02,7.468495965003967285e-01,6.473528146743774414e-01,-6.748706698417663574e-01,-2.034998536109924316e-01,1.252001643180847168e+00,-1.342696398496627808e-01,1.134400010108947754e+00,8.040847778320312500e-01,-7.019600868225097656e-01,5.067441463470458984e-01,-4.137546718120574951e-01,-1.183970212936401367e+00,1.656370609998703003e-01,-8.063988089561462402e-01
1.910512708127498627e-02,1.040692105889320374e-01,5.130783319473266602e-01,-1.838653385639190674e-01,1.635771691799163818e-01,6.765963435173034668e-01,6.940125226974487305e-01,-1.996428847312927246e+00,1.224191859364509583e-02,-3.645490109920501709e-02,1.577067375183105469e+00,-5.667252838611602783e-02,-1.490805596113204956e-01,-1.978436827659606934e+00,-4.679653048515319824e-02,1.386793516576290131e-02,1.536474347114562988e+00,-7.290560752153396606e-02,2.153064310550689697e-01,1.207445096224546432e-02,9.402591735124588013e-02,7.484309077262878418e-01,6.724594831466674805e-01,-6.923643946647644043e-01,-2.176567465066909790e-01,1.293196916580200195e+00,-1.112847775220870972e-01,1.134400010108947754e+00,8.138828277587890625e-01,-7.335959076881408691e-01,5.300886034965515137e-01,-4.137635827064514160e-01,-1.204627633094787598e+00,1.445572972297668457e-01,-8.338266611099243164e-01
1.899927295744419098e-02,1.144933477044105530e-01,5.170459151268005371e-01,-2.007534652948379517e-01,1.833138465881347656e-01,6.708627939224243164e-01,6.899545192718505859e-01,-2.036683320999145508e+00,9.017431177198886871e-03,-3.699888288974761963e-02,1.587303996086120605e+00,-8.011109381914138794e-02,-1.430675983428955078e-01,-2.020585298538208008e+00,-4.667619243264198303e-02,1.576786115765571594e-02,1.546606183052062988e+00,-9.040908515453338623e-02,2.189707010984420776e-01,1.363794412463903427e-02,9.242460131645202637e-02,7.485361099243164062e-01,6.904176473617553711e-01,-6.985891461372375488e-01,-2.280712127685546875e-01,1.322133064270019531e+00,-9.102699905633926392e-02,1.134400010108947754e+00,8.146112561225891113e-01,-7.626911997795104980e-01,5.498009920120239258e-01,-4.099924266338348389e-01,-1.217767119407653809e+00,1.259136348962783813e-01,-8.566632270812988281e-01
1.873956806957721710e-02,1.255186498165130615e-01,5.231307744979858398e-01,-2.143286317586898804e-01,2.000111192464828491e-01,6.647298336029052734e-01,6.871629953384399414e-01,-2.061804771423339844e+00,9.224468842148780823e-03,-3.833041712641716003e-02,1.592951655387878418e+00,-1.032424718141555786e-01,-1.371025443077087402e-01,-2.047719717025756836e+00,-4.293924197554588318e-02,1.974711567163467407e-02,1.550929665565490723e+00,-1.087168529629707336e-01,2.228206694126129150e-01,1.470358576625585556e-02,8.993258327245712280e-02,7.434877157211303711e-01,6.988636851310729980e-01,-6.965593695640563965e-01,-2.321402877569198608e-01,1.337469458580017090e+00,-7.814101874828338623e-02,1.134400010108947754e+00,8.072232604026794434e-01,-7.862715125083923340e-01,5.662792325019836426e-01,-4.035836458206176758e-01,-1.221345067024230957e+00,1.086131557822227478e-01,-8.720801472663879395e-01
1.844374276697635651e-02,1.369679868221282959e-01,5.318899154663085938e-01,-2.251028120517730713e-01,2.144655138254165649e-01,6.587383151054382324e-01,6.851255893707275391e-01,-2.072329998016357422e+00,1.189200859516859055e-02,-3.807384893298149109e-02,1.591797351837158203e+00,-1.242366358637809753e-01,-1.307483315467834473e-01,-2.060904026031494141e+00,-3.785736858844757080e-02,2.391918189823627472e-02,1.547965407371520996e+00,-1.264384984970092773e-01,2.237898856401443481e-01,1.334377750754356384e-02,8.554525673389434814e-02,7.322021722793579102e-01,6.970160603523254395e-01,-6.882494688034057617e-01,-2.316560447216033936e-01,1.342776179313659668e+00,-7.253488898277282715e-02,1.134400010108947754e+00,7.895586490631103516e-01,-8.032822608947753906e-01,5.812312960624694824e-01,-3.929124176502227783e-01,-1.211091756820678711e+00,8.514185249805450439e-02,-8.822370767593383789e-01
1.828021369874477386e-02,1.490237265825271606e-01,5.431284904479980469e-01,-2.334581166505813599e-01,2.263316810131072998e-01,6.530784964561462402e-01,6.839296221733093262e-01,-2.068628072738647461e+00,1.660814695060253143e-02,-3.762873634696006775e-02,1.583771228790283203e+00,-1.427405178546905518e-01,-1.260715723037719727e-01,-2.059957981109619141e+00,-3.111182339489459991e-02,2.877991646528244019e-02,1.537942647933959961e+00,-1.441482454538345337e-01,2.221949249505996704e-01,1.008375920355319977e-02,7.938920706510543823e-02,7.156555652618408203e-01,6.880606412887573242e-01,-6.764588952064514160e-01,-2.244590520858764648e-01,1.339389324188232422e+00,-7.401049137115478516e-02,1.134400010108947754e+00,7.628397345542907715e-01,-8.132380843162536621e-01,5.960391759872436523e-01,-3.759333193302154541e-01,-1.185309767723083496e+00,5.179191380739212036e-02,-8.858187794685363770e-01
1.832631602883338928e-02,1.615437567234039307e-01,5.562593936920166016e-01,-2.395648807287216187e-01,2.355733066797256470e-01,6.479890942573547363e-01,6.835379004478454590e-01,-2.052235126495361328e+00,2.253610081970691681e-02,-3.726702556014060974e-02,1.569456815719604492e+00,-1.596662998199462891e-01,-1.239607557654380798e-01,-2.046216726303100586e+00,-2.345452830195426941e-02,3.427509590983390808e-02,1.521724343299865723e+00,-1.617922484874725342e-01,2.193276435136795044e-01,5.715089384466409683e-03,7.147333025932312012e-02,6.947689056396484375e-01,6.777230501174926758e-01,-6.654047369956970215e-01,-2.092617452144622803e-01,1.326634287834167480e+00,-8.294142037630081177e-02,1.134400010108947754e+00,7.283481359481811523e-01,-8.183692693710327148e-01,6.118016242980957031e-01,-3.517462611198425293e-01,-1.146232485771179199e+00,1.243039965629577637e-02,-8.814076185226440430e-01
1.837676204741001129e-02,1.743605136871337891e-01,5.708128213882446289e-01,-2.443290352821350098e-01,2.425737679004669189e-01,6.436029076576232910e-01,6.835470199584960938e-01,-2.026264905929565430e+00,2.850748412311077118e-02,-3.798509389162063599e-02,1.549139857292175293e+00,-1.757727861404418945e-01,-1.249694228172302246e-01,-2.022212743759155273e+00,-1.642464660108089447e-02,4.091624543070793152e-02,1.499888300895690918e+00,-1.797650605440139771e-01,2.182630300521850586e-01,2.374908421188592911e-03,6.437011063098907471e-02,6.701477766036987305e-01,6.703034639358520508e-01,-6.596987247467041016e-01,-1.901599764823913574e-01,1.310313344001770020e+00,-9.413615614175796509e-02,1.134400010108947754e+00,6.931800246238708496e-01,-8.209478259086608887e-01,6.253023743629455566e-01,-3.239023387432098389e-01,-1.103512287139892578e+00,-2.159761078655719757e-02,-8.685838580131530762e-01
1.870036125183105469e-02,1.868193745613098145e-01,5.868117213249206543e-01,-2.465284913778305054e-01,2.474445402622222900e-01,6.401438117027282715e-01,6.842592954635620117e-01,-1.989191174507141113e+00,3.400309383869171143e-02,-3.669897839426994324e-02,1.521226763725280762e+00,-1.889562904834747314e-01,-1.268291026353836060e-01,-1.987770676612854004e+00,-1.016269996762275696e-02,4.657923057675361633e-02,1.471042037010192871e+00,-1.944863200187683105e-01,2.141430079936981201e-01,-1.437798840925097466e-03,5.598795413970947266e-02,6.402771472930908203e-01,6.638748049736022949e-01,-6.595492959022521973e-01,-1.614561527967453003e-01,1.288654923439025879e+00,-1.081271022558212280e-01,1.134400010108947754e+00,6.497228145599365234e-01,-8.205928802490234375e-01,6.434096693992614746e-01,-2.842005789279937744e-01,-1.051869153976440430e+00,-5.282076448202133179e-02,-8.474862575531005859e-01
1.894843764603137970e-02,1.987223923206329346e-01,6.042873859405517578e-01,-2.471073865890502930e-01,2.506923675537109375e-01,6.375575661659240723e-01,6.852821111679077148e-01,-1.943460702896118164e+00,3.815818205475807190e-02,-3.430387750267982483e-02,1.484737277030944824e+00,-1.977233290672302246e-01,-1.277665793895721436e-01,-1.944596648216247559e+00,-6.140338722616434097e-03,5.197098478674888611e-02,1.434116601943969727e+00,-2.051544636487960815e-01,2.093212306499481201e-01,-4.903814289718866348e-03,4.805951192975044250e-02,6.043896079063415527e-01,6.588222980499267578e-01,-6.640924215316772461e-01,-1.245649456977844238e-01,1.261916279792785645e+00,-1.270581632852554321e-01,1.134400010108947754e+00,5.983625054359436035e-01,-8.149625062942504883e-01,6.657474040985107422e-01,-2.333118617534637451e-01,-9.970983862876892090e-01,-7.806461304426193237e-02,-8.184936642646789551e-01
1.909073069691658020e-02,2.103906422853469849e-01,6.235083341598510742e-01,-2.464791685342788696e-01,2.526536583900451660e-01,6.358768343925476074e-01,6.863489151000976562e-01,-1.889454007148742676e+00,4.041013494133949280e-02,-3.102775290608406067e-02,1.438695669174194336e+00,-2.023428976535797119e-01,-1.285563260316848755e-01,-1.892921209335327148e+00,-4.674003925174474716e-03,5.687783658504486084e-02,1.388495564460754395e+00,-2.103400975465774536e-01,2.052688598632812500e-01,-7.850761525332927704e-03,4.054067656397819519e-02,5.623234510421752930e-01,6.551099419593811035e-01,-6.737273931503295898e-01,-7.888541370630264282e-02,1.229262709617614746e+00,-1.506809592247009277e-01,1.134400010108947754e+00,5.404123067855834961e-01,-8.014715313911437988e-01,6.907595396041870117e-01,-1.715714484453201294e-01,-9.405803084373474121e-01,-9.625775367021560669e-02,-7.821615338325500488e-01
1.914224959909915924e-02,2.218860089778900146e-01,6.437581181526184082e-01,-2.446503043174743652e-01,2.531966865062713623e-01,6.350607275962829590e-01,6.875576376914978027e-01,-1.828587055206298828e+00,4.196396842598915100e-02,-2.661326341331005096e-02,1.384929895401000977e+00,-2.042864263057708740e-01,-1.292811483144760132e-01,-1.834041357040405273e+00,-5.691037978976964951e-03,6.056606024503707886e-02,1.335730195045471191e+00,-2.110303491353988647e-01,2.030881047248840332e-01,-1.019249763339757919e-02,3.342785686254501343e-02,5.153567790985107422e-01,6.517170071601867676e-01,-6.884074211120605469e-01,-2.430328354239463806e-02,1.189961552619934082e+00,-1.789776384830474854e-01,1.134400010108947754e+00,4.781530797481536865e-01,-7.811765670776367188e-01,7.167630195617675781e-01,-1.008516848087310791e-01,-8.851608633995056152e-01,-1.034644618630409241e-01,-7.416144609451293945e-01
1.912465691566467285e-02,2.333738803863525391e-01,6.648796200752258301e-01,-2.416896969079971313e-01,2.522072196006774902e-01,6.350332498550415039e-01,6.889922618865966797e-01,-1.760849475860595703e+00,4.391735419631004333e-02,-2.056777849793434143e-02,1.323975682258605957e+00,-2.029331326484680176e-01,-1.297591626644134521e-01,-1.767990231513977051e+00,-8.436120115220546722e-03,6.294395029544830322e-02,1.275743007659912109e+00,-2.095486372709274292e-01,2.017417997121810913e-01,-1.200537662953138351e-02,2.693320065736770630e-02,4.641226828098297119e-01,6.470987200736999512e-01,-7.067488431930541992e-01,3.724073618650436401e-02,1.144624233245849609e+00,-2.114740461111068726e-01,1.134400010108947754e+00,4.138173758983612061e-01,-7.565581202507019043e-01,7.439972758293151855e-01,-2.430677227675914764e-02,-8.356487751007080078e-01,-9.806281328201293945e-02,-6.978765726089477539e-01
1.895281858742237091e-02,2.450112402439117432e-01,6.865161657333374023e-01,-2.375766783952713013e-01,2.496608793735504150e-01,6.355778574943542480e-01,6.908455491065979004e-01,-1.686665296554565430e+00,4.645490273833274841e-02,-1.270406693220138550e-02,1.256601572036743164e+00,-1.966437101364135742e-01,-1.302103102207183838e-01,-1.695151329040527344e+00,-1.261836476624011993e-02,6.380083411931991577e-02,1.209060430526733398e+00,-2.050708681344985962e-01,2.012304961681365967e-01,-1.336979959160089493e-02,2.122662775218486786e-02,4.097855091094970703e-01,6.398512125015258789e-01,-7.264398336410522461e-01,1.017818823456764221e-01,1.090932965278625488e+00,-2.455427050590515137e-01,1.126674056053161621e+00,3.496019244194030762e-01,-7.285272479057312012e-01,7.721375823020935059e-01,5.528395995497703552e-02,-7.935944199562072754e-01,-8.461961895227432251e-02,-6.518841385841369629e-01
1.861844025552272797e-02,2.564318478107452393e-01,7.081072330474853516e-01,-2.324454039335250854e-01,2.455436736345291138e-01,6.364728212356567383e-01,6.932386159896850586e-01,-1.607535958290100098e+00,4.967401921749114990e-02,-3.469638526439666748e-03,1.183856606483459473e+00,-1.875395774841308594e-01,-1.303598433732986450e-01,-1.616811990737915039e+00,-1.736230589449405670e-02,6.340365856885910034e-02,1.136306405067443848e+00,-1.973275989294052124e-01,2.010188102722167969e-01,-1.404106896370649338e-02,1.652076467871665955e-02,3.520127534866333008e-01,6.297836303710937500e-01,-7.457869052886962891e-01,1.610594689846038818e-01,1.026760339736938477e+00,-2.788198888301849365e-01,1.089370608329772949e+00,2.865303158760070801e-01,-6.974480152130126953e-01,8.013062477111816406e-01,1.362525224685668945e-01,-7.578728199005126953e-01,-6.576237827539443970e-02,-6.033091545104980469e-01
1.820478588342666626e-02,2.678434848785400391e-01,7.293094992637634277e-01,-2.265656143426895142e-01,2.402153313159942627e-01,6.376227140426635742e-01,6.959899067878723145e-01,-1.524789214134216309e+00,5.241278186440467834e-02,6.057794671505689621e-03,1.106623053550720215e+00,-1.757109761238098145e-01,-1.306317448616027832e-01,-1.534330010414123535e+00,-2.270599827170372009e-02,6.154527142643928528e-02,1.058510184288024902e+00,-1.862863898277282715e-01,2.003393620252609253e-01,-1.436337083578109741e-02,1.288727112114429474e-02,2.937428057193756104e-01,6.186915636062622070e-01,-7.662947177886962891e-01,2.183949202299118042e-01,9.548135399818420410e-01,-3.088981211185455322e-01,1.041970610618591309e+00,2.251094728708267212e-01,-6.635414361953735352e-01,8.309968113899230957e-01,2.179315239191055298e-01,-7.258083820343017578e-01,-4.691461846232414246e-02,-5.531963109970092773e-01
1.787544600665569305e-02,2.790891826152801514e-01,7.492369413375854492e-01,-2.222192585468292236e-01,2.359318733215332031e-01,6.383887529373168945e-01,6.981508135795593262e-01,-1.447847247123718262e+00,5.420257896184921265e-02,1.393868587911128998e-02,1.029206037521362305e+00,-1.637192666530609131e-01,-1.320434361696243286e-01,-1.456929445266723633e+00,-2.773452550172805786e-02,5.916864797472953796e-02,9.802255630493164062e-01,-1.732732057571411133e-01,2.004353851079940796e-01,-1.419310830533504486e-02,1.198004931211471558e-02,2.438456416130065918e-01,6.079192757606506348e-01,-7.831692695617675781e-01,2.627252340316772461e-01,8.923402428627014160e-01,-3.297656178474426270e-01,9.959512352943420410e-01,1.746448427438735962e-01,-6.366479992866516113e-01,8.525273799896240234e-01,2.836719453334808350e-01,-7.023460268974304199e-01,-3.316333144903182983e-02,-5.106344223022460938e-01
1.791805960237979889e-02,2.895651459693908691e-01,7.685612440109252930e-01,-2.133865803480148315e-01,2.273031175136566162e-01,6.411877274513244629e-01,7.011973857879638672e-01,-1.356333136558532715e+00,5.298876762390136719e-02,2.161632291972637177e-02,9.431369900703430176e-01,-1.457114666700363159e-01,-1.328998804092407227e-01,-1.365235090255737305e+00,-3.324022516608238220e-02,5.516794696450233459e-02,8.938795328140258789e-01,-1.526653021574020386e-01,1.988235712051391602e-01,-1.526765897870063782e-02,7.994913496077060699e-03,1.834845691919326782e-01,5.910608172416687012e-01,-8.109708428382873535e-01,3.260908424854278564e-01,8.038505315780639648e-01,-3.527218103408813477e-01,9.253705143928527832e-01,1.164730936288833618e-01,-5.947738885879516602e-01,8.869332075119018555e-01,3.702068626880645752e-01,-6.663323044776916504e-01,-3.141190111637115479e-02,-4.622859358787536621e-01
1.780512370169162750e-02,3.000715076923370361e-01,7.856108546257019043e-01,-2.078894674777984619e-01,2.217999249696731567e-01,6.431529521942138672e-01,7.028093934059143066e-01,-1.279185771942138672e+00,5.098168551921844482e-02,2.745167352259159088e-02,8.628717064857482910e-01,-1.292022615671157837e-01,-1.350948512554168701e-01,-1.287428379058837891e+00,-3.847901523113250732e-02,5.187184736132621765e-02,8.137349486351013184e-01,-1.336952745914459229e-01,1.981346458196640015e-01,-1.573931239545345306e-02,6.833640392869710922e-03,1.372467577457427979e-01,5.742075443267822266e-01,-8.272442221641540527e-01,3.727632761001586914e-01,7.380137443542480469e-01,-3.628966212272644043e-01,8.664962649345397949e-01,7.374230027198791504e-02,-5.660396814346313477e-01,9.067566990852355957e-01,4.295328259468078613e-01,-6.338524818420410156e-01,-3.606280684471130371e-02,-4.268605113029479980e-01
1.786874793469905853e-02,3.100874125957489014e-01,8.014413118362426758e-01,-1.982929557561874390e-01,2.125038355588912964e-01,6.471780538558959961e-01,7.047570943832397461e-01,-1.190019607543945312e+00,4.624232277274131775e-02,3.335087746381759644e-02,7.769976258277893066e-01,-1.072450131177902222e-01,-1.384280174970626831e-01,-1.198326468467712402e+00,-4.504165053367614746e-02,4.716236144304275513e-02,7.301146984100341797e-01,-1.089857444167137146e-01,1.951583325862884521e-01,-1.810853555798530579e-02,3.091917373239994049e-03,8.646941930055618286e-02,5.487240552902221680e-01,-8.478213548660278320e-01,4.378266930580139160e-01,6.470373272895812988e-01,-3.738684654235839844e-01,7.837842106819152832e-01,3.003544360399246216e-02,-5.275613069534301758e-01,9.312883019447326660e-01,5.047548413276672363e-01,-5.816624164581298828e-01,-5.372379347681999207e-02,-3.859157860279083252e-01
1.774931326508522034e-02,3.197742402553558350e-01,8.146440386772155762e-01,-1.915381252765655518e-01,2.059378027915954590e-01,6.500799655914306641e-01,7.059028148651123047e-01,-1.115749955177307129e+00,4.234147444367408752e-02,3.879329934716224670e-02,7.005430459976196289e-01,-8.792932331562042236e-02,-1.429436504840850830e-01,-1.124065041542053223e+00,-5.088546872138977051e-02,4.256053641438484192e-02,6.562960147857666016e-01,-8.640993386507034302e-02,1.923229545354843140e-01,-2.006183564662933350e-02,1.424291520379483700e-03,5.262105911970138550e-02,5.240619778633117676e-01,-8.546556234359741211e-01,4.869591891765594482e-01,5.808107852935791016e-01,-3.784070909023284912e-01,7.178307771682739258e-01,4.741685988847166300e-04,-5.002992153167724609e-01,9.403837323188781738e-01,5.535054206848144531e-01,-5.337110161781311035e-01,-7.023172080516815186e-02,-3.516622185707092285e-01
1.755492016673088074e-02,3.289872705936431885e-01,8.260040283203125000e-01,-1.807898581027984619e-01,1.956771016120910645e-01,6.546270251274108887e-01,7.074524760246276855e-01,-1.032447695732116699e+00,3.660620376467704773e-02,4.424340650439262390e-02,6.243790388107299805e-01,-6.459882855415344238e-02,-1.481673121452331543e-01,-1.041505098342895508e+00,-5.807990580797195435e-02,3.638754785060882568e-02,5.847773551940917969e-01,-6.188138574361801147e-02,1.896390914916992188e-01,-2.450375072658061981e-02,-2.187559148296713829e-03,1.880829595029354095e-02,4.945129454135894775e-01,-8.590467572212219238e-01,5.487214922904968262e-01,4.963852763175964355e-01,-3.841321766376495361e-01,6.246713399887084961e-01,-2.685556747019290924e-02,-4.688304364681243896e-01,9.485644102096557617e-01,6.125268340110778809e-01,-4.675789177417755127e-01,-9.746474772691726685e-02,-3.062117695808410645e-01
1.720234565436840057e-02,3.381288647651672363e-01,8.351038694381713867e-01,-1.713666319847106934e-01,1.863079369068145752e-01,6.585851907730102539e-01,7.086524963378906250e-01,-9.587854743003845215e-01,3.199490159749984741e-02,4.913322255015373230e-02,5.586031675338745117e-01,-4.310195520520210266e-02,-1.540299803018569946e-01,-9.682543873786926270e-01,-6.412942707538604736e-02,3.008408658206462860e-02,5.231612920761108398e-01,-4.120524972677230835e-02,1.884678304195404053e-01,-2.906318008899688721e-02,-4.324384965002536774e-03,-6.375688128173351288e-03,4.686629176139831543e-01,-8.554078340530395508e-01,5.985899567604064941e-01,4.249066412448883057e-01,-3.853282332420349121e-01,5.345601439476013184e-01,-4.782903566956520081e-02,-4.430354833602905273e-01,9.457760453224182129e-01,6.594071388244628906e-01,-4.012816250324249268e-01,-1.241352930665016174e-01,-2.604722678661346436e-01
1.693940721452236176e-02,3.471633791923522949e-01,8.422878980636596680e-01,-1.622020900249481201e-01,1.766308248043060303e-01,6.622766852378845215e-01,7.098461985588073730e-01,-8.908973932266235352e-01,2.878544107079505920e-02,5.354220047593116760e-02,5.026350021362304688e-01,-2.384349890053272247e-02,-1.595460027456283569e-01,-9.001988768577575684e-01,-6.890415400266647339e-02,2.336581610143184662e-02,4.701538383960723877e-01,-2.382555790245532990e-02,1.873504370450973511e-01,-3.336653113365173340e-02,-5.477070808410644531e-03,-2.728240378201007843e-02,4.474998116493225098e-01,-8.499112129211425781e-01,6.409664750099182129e-01,3.560462296009063721e-01,-3.832944631576538086e-01,4.411348104476928711e-01,-6.465462595224380493e-02,-4.201375246047973633e-01,9.353944659233093262e-01,7.004629373550415039e-01,-3.351030051708221436e-01,-1.463482230901718140e-01,-2.111367136240005493e-01
1.671808771789073944e-02,3.558243811130523682e-01,8.479963541030883789e-01,-1.530420333147048950e-01,1.669069826602935791e-01,6.653923988342285156e-01,7.113178968429565430e-01,-8.279079198837280273e-01,2.652101591229438782e-02,5.777286738157272339e-02,4.547393023967742920e-01,-6.273589096963405609e-03,-1.642388850450515747e-01,-8.369097113609313965e-01,-7.303097844123840332e-02,1.612928695976734161e-02,4.242172837257385254e-01,-7.470139302313327789e-03,1.858446896076202393e-01,-3.690604120492935181e-02,-6.463645957410335541e-03,-4.577785730361938477e-02,4.317157864570617676e-01,-8.434565663337707520e-01,6.764445900917053223e-01,2.928294837474822998e-01,-3.776405155658721924e-01,3.495129942893981934e-01,-7.868784666061401367e-02,-3.995435237884521484e-01,9.186769127845764160e-01,7.364165186882019043e-01,-2.754591107368469238e-01,-1.596355140209197998e-01,-1.608145236968994141e-01
1.660734787583351135e-02,3.639652132987976074e-01,8.524588346481323242e-01,-1.438090801239013672e-01,1.574286818504333496e-01,6.678068637847900391e-01,7.131403088569641113e-01,-7.697904706001281738e-01,2.497554384171962738e-02,6.227827444672584534e-02,4.142508208751678467e-01,8.944053202867507935e-03,-1.681907922029495239e-01,-7.789438962936401367e-01,-7.658749073743820190e-02,9.072910994291305542e-03,3.854305446147918701e-01,8.023129776120185852e-03,1.853989511728286743e-01,-3.939007595181465149e-02,-7.977484725415706635e-03,-6.215668842196464539e-02,4.199602305889129639e-01,-8.334168195724487305e-01,7.072564959526062012e-01,2.404667139053344727e-01,-3.718474209308624268e-01,2.651762664318084717e-01,-8.995481580495834351e-02,-3.808584809303283691e-01,8.958590030670166016e-01,7.671993970870971680e-01,-2.271343618631362915e-01,-1.659483164548873901e-01,-1.109155938029289246e-01
1.679272763431072235e-02,3.718333542346954346e-01,8.559219837188720703e-01,-1.343557387590408325e-01,1.480125635862350464e-01,6.695704460144042969e-01,7.153434753417968750e-01,-7.156355381011962891e-01,2.401575632393360138e-02,6.646480411291122437e-02,3.809809386730194092e-01,2.063293941318988800e-02,-1.714161783456802368e-01,-7.254823446273803711e-01,-7.946944236755371094e-02,2.488469704985618591e-03,3.539936244487762451e-01,2.024777792394161224e-02,1.855156123638153076e-01,-4.042426869273185730e-02,-1.014211587607860565e-02,-7.695300132036209106e-02,4.100236296653747559e-01,-8.163729906082153320e-01,7.380172014236450195e-01,1.969655156135559082e-01,-3.666742742061614990e-01,1.867376863956451416e-01,-9.876845031976699829e-02,-3.635356724262237549e-01,8.670376539230346680e-01,7.932577133178710938e-01,-1.885652691125869751e-01,-1.679189950227737427e-01,-6.225984543561935425e-02
1.718420349061489105e-02,3.794876635074615479e-01,8.585264682769775391e-01,-1.247255131602287292e-01,1.383975893259048462e-01,6.710075139999389648e-01,7.176618576049804688e-01,-6.652326583862304688e-01,2.364739030599594116e-02,7.052752375602722168e-02,3.550202250480651855e-01,2.976822666823863983e-02,-1.744667738676071167e-01,-6.759493947029113770e-01,-8.160921186208724976e-02,-3.082979936152696609e-03,3.298569321632385254e-01,2.798615023493766785e-02,1.862942725419998169e-01,-4.027331992983818054e-02,-1.258985884487628937e-02,-8.945348858833312988e-02,4.008806347846984863e-01,-7.897617220878601074e-01,7.696141600608825684e-01,1.594848185777664185e-01,-3.605533540248870850e-01,1.112236157059669495e-01,-1.051621362566947937e-01,-3.476862907409667969e-01,8.320913314819335938e-01,8.148620724678039551e-01,-1.582409292459487915e-01,-1.675195246934890747e-01,-1.601538620889186859e-02
1.759581454098224640e-02,3.869659006595611572e-01,8.604577779769897461e-01,-1.152949631214141846e-01,1.287421286106109619e-01,6.720683574676513672e-01,7.200393676757812500e-01,-6.189180016517639160e-01,2.365379035472869873e-02,7.371885329484939575e-02,3.357957601547241211e-01,3.519509360194206238e-02,-1.781743913888931274e-01,-6.301316618919372559e-01,-8.324004709720611572e-02,-8.067382499575614929e-03,3.113604485988616943e-01,3.194928914308547974e-02,1.874101907014846802e-01,-3.892093524336814880e-02,-1.455285027623176575e-02,-9.868643432855606079e-02,3.916832506656646729e-01,-7.535012960433959961e-01,7.999474406242370605e-01,1.262051165103912354e-01,-3.539571762084960938e-01,4.091233387589454651e-02,-1.086666882038116455e-01,-3.343293964862823486e-01,7.908487915992736816e-01,8.304885625839233398e-01,-1.357833445072174072e-01,-1.649278700351715088e-01,2.528058737516403198e-02
1.814524084329605103e-02,3.939947187900543213e-01,8.618751168251037598e-01,-1.061618253588676453e-01,1.190412044525146484e-01,6.728278398513793945e-01,7.223998308181762695e-01,-5.763928890228271484e-01,2.438559196889400482e-02,7.643250375986099243e-02,3.221539556980133057e-01,3.694888204336166382e-02,-1.831984221935272217e-01,-5.875985622406005859e-01,-8.417937904596328735e-02,-1.289324648678302765e-02,2.970569133758544922e-01,3.281046822667121887e-02,1.886977851390838623e-01,-3.614939004182815552e-02,-1.569708809256553650e-02,-1.043856889009475708e-01,3.823002576828002930e-01,-7.092887163162231445e-01,8.274284005165100098e-01,9.823019057512283325e-02,-3.467807173728942871e-01,-2.044904977083206177e-02,-1.100752502679824829e-01,-3.239879906177520752e-01,7.451794147491455078e-01,8.401003479957580566e-01,-1.187916770577430725e-01,-1.624668538570404053e-01,5.803406983613967896e-02
1.900018192827701569e-02,4.003917574882507324e-01,8.628916144371032715e-01,-9.728583693504333496e-02,1.092817336320877075e-01,6.732895374298095703e-01,7.247580289840698242e-01,-5.373238325119018555e-01,2.617228403687477112e-02,7.891152799129486084e-02,3.133669793605804443e-01,3.617274388670921326e-02,-1.889826208353042603e-01,-5.481651425361633301e-01,-8.401067554950714111e-02,-1.657714508473873138e-02,2.862947583198547363e-01,3.143553435802459717e-02,1.900671124458312988e-01,-3.151517733931541443e-02,-1.585841551423072815e-02,-1.071505099534988403e-01,3.730170428752899170e-01,-6.610181331634521484e-01,8.517416715621948242e-01,7.476311922073364258e-02,-3.379039466381072998e-01,-7.358447462320327759e-02,-1.105031520128250122e-01,-3.164990544319152832e-01,6.992658376693725586e-01,8.462591171264648438e-01,-1.064340323209762573e-01,-1.602312326431274414e-01,8.331281691789627075e-02
2.016362175345420837e-02,4.061304330825805664e-01,8.635882735252380371e-01,-8.882179111242294312e-02,9.941434115171432495e-02,6.734504103660583496e-01,7.271121144294738770e-01,-5.016365647315979004e-01,2.941354364156723022e-02,8.180094510316848755e-02,3.090053200721740723e-01,3.419521450996398926e-02,-1.962820738554000854e-01,-5.115700364112854004e-01,-8.237089216709136963e-02,-1.872954890131950378e-02,2.782710790634155273e-01,2.859991416335105896e-02,1.907784342765808105e-01,-2.554845064878463745e-02,-1.459942385554313660e-02,-1.070985347032546997e-01,3.644362390041351318e-01,-6.121375560760498047e-01,8.717762827873229980e-01,5.478364229202270508e-02,-3.271372318267822266e-01,-1.192579492926597595e-01,-1.109380349516868591e-01,-3.112030029296875000e-01,6.559005379676818848e-01,8.523334860801696777e-01,-9.578673541545867920e-02,-1.556135416030883789e-01,1.033480018377304077e-01
2.129850722849369049e-02,4.111367762088775635e-01,8.640131354331970215e-01,-8.100528270006179810e-02,8.986144512891769409e-02,6.733772754669189453e-01,7.293326258659362793e-01,-4.699253737926483154e-01,3.319932147860527039e-02,8.422107249498367310e-02,3.079431951045989990e-01,3.177291154861450195e-02,-2.040517926216125488e-01,-4.781631529331207275e-01,-8.028623461723327637e-02,-2.066895365715026855e-02,2.719721496105194092e-01,2.413217164576053619e-02,1.917996406555175781e-01,-1.887120492756366730e-02,-1.245619822293519974e-02,-1.036631911993026733e-01,3.568460941314697266e-01,-5.664883255958557129e-01,8.869301080703735352e-01,3.877297043800354004e-02,-3.145063519477844238e-01,-1.557238101959228516e-01,-1.104820519685745239e-01,-3.071070313453674316e-01,6.156114339828491211e-01,8.601279258728027344e-01,-8.756227791309356689e-02,-1.477010995149612427e-01,1.155340820550918579e-01
2.237817272543907166e-02,4.156632125377655029e-01,8.642706871032714844e-01,-7.369908690452575684e-02,8.074774593114852905e-02,6.732602715492248535e-01,7.312789559364318848e-01,-4.412366151809692383e-01,3.690571337938308716e-02,8.576612919569015503e-02,3.088105022907257080e-01,2.936916239559650421e-02,-2.117098867893218994e-01,-4.477583765983581543e-01,-7.814153283834457397e-02,-2.214126847684383392e-02,2.679099142551422119e-01,1.846285164356231689e-02,1.923565864562988281e-01,-1.196329016238451004e-02,-1.011395175009965897e-02,-9.735465049743652344e-02,3.504432141780853271e-01,-5.279146432876586914e-01,8.986527323722839355e-01,2.821024134755134583e-02,-3.008330464363098145e-01,-1.845842599868774414e-01,-1.084187775850296021e-01,-3.032180070877075195e-01,5.774327516555786133e-01,8.721792101860046387e-01,-8.459823578596115112e-02,-1.381982564926147461e-01,1.205371618270874023e-01
2.342718839645385742e-02,4.201086163520812988e-01,8.644713163375854492e-01,-6.663735955953598022e-02,7.224252820014953613e-02,6.731886267662048340e-01,7.329103350639343262e-01,-4.141252934932708740e-01,3.986700996756553650e-02,8.684115111827850342e-02,3.101213872432708740e-01,2.637490257620811462e-02,-2.190354466438293457e-01,-4.200254380702972412e-01,-7.651567459106445312e-02,-2.285693958401679993e-02,2.666778266429901123e-01,1.199850067496299744e-02,1.921004354953765869e-01,-5.903213284909725189e-03,-8.216739632189273834e-03,-8.846211433410644531e-02,3.453702926635742188e-01,-4.978755414485931396e-01,9.079151749610900879e-01,2.462954632937908173e-02,-2.886572480201721191e-01,-2.066202759742736816e-01,-1.041268110275268555e-01,-2.996150255203247070e-01,5.430138111114501953e-01,8.885300755500793457e-01,-8.747059851884841919e-02,-1.294967234134674072e-01,1.179881542921066284e-01
2.451923117041587830e-02,4.246107041835784912e-01,8.646396398544311523e-01,-5.978264287114143372e-02,6.478329747915267944e-02,6.731651425361633301e-01,7.342191934585571289e-01,-3.884352743625640869e-01,4.160889238119125366e-02,8.801776915788650513e-02,3.107583224773406982e-01,2.389458753168582916e-02,-2.256926447153091431e-01,-3.957265317440032959e-01,-7.603778690099716187e-02,-2.321699261665344238e-02,2.688381969928741455e-01,4.858755506575107574e-03,1.912541240453720093e-01,-1.080487156286835670e-03,-7.529016584157943726e-03,-7.791962474584579468e-02,3.416360020637512207e-01,-4.758595228195190430e-01,9.163555502891540527e-01,2.721329405903816223e-02,-2.798837721347808838e-01,-2.225052118301391602e-01,-9.808238595724105835e-02,-2.966066896915435791e-01,5.138372182846069336e-01,9.082571864128112793e-01,-9.275888651609420776e-02,-1.223510652780532837e-01,1.126760020852088928e-01
2.548152580857276917e-02,4.288742840290069580e-01,8.647033572196960449e-01,-5.312823131680488586e-02,5.835479497909545898e-02,6.730976700782775879e-01,7.353309988975524902e-01,-3.646356165409088135e-01,4.234506562352180481e-02,9.027930349111557007e-02,3.110072910785675049e-01,2.245090156793594360e-02,-2.314326763153076172e-01,-3.751899600028991699e-01,-7.678104937076568604e-02,-2.310582250356674194e-02,2.742045819759368896e-01,-3.299966687336564064e-03,1.897516250610351562e-01,2.920642495155334473e-03,-8.099067956209182739e-03,-6.647932529449462891e-02,3.386957347393035889e-01,-4.588909149169921875e-01,9.263770580291748047e-01,3.391780704259872437e-02,-2.728148698806762695e-01,-2.311979979276657104e-01,-9.118846058845520020e-02,-2.942622900009155273e-01,4.908632934093475342e-01,9.316427111625671387e-01,-9.998068213462829590e-02,-1.142406016588211060e-01,1.065590307116508484e-01
2.626137062907218933e-02,4.327252507209777832e-01,8.646352291107177734e-01,-4.675668478012084961e-02,5.296935513615608215e-02,6.729418039321899414e-01,7.363134026527404785e-01,-3.432350754737854004e-01,4.206021130084991455e-02,9.325678646564483643e-02,3.110718727111816406e-01,2.254169434309005737e-02,-2.369128018617630005e-01,-3.585281968116760254e-01,-7.859876751899719238e-02,-2.224116027355194092e-02,2.821947336196899414e-01,-1.235610991716384888e-02,1.876541227102279663e-01,6.288595031946897507e-03,-1.000270526856184006e-02,-5.505740642547607422e-02,3.364858031272888184e-01,-4.447040855884552002e-01,9.399366974830627441e-01,4.346872493624687195e-02,-2.658627033233642578e-01,-2.319965660572052002e-01,-8.418133854866027832e-02,-2.921594083309173584e-01,4.742663800716400146e-01,9.582376480102539062e-01,-1.073830649256706238e-01,-1.055419966578483582e-01,1.011698395013809204e-01
2.697801217436790466e-02,4.362955391407012939e-01,8.645596504211425781e-01,-4.114634171128273010e-02,4.856832325458526611e-02,6.727265715599060059e-01,7.371479272842407227e-01,-3.245459198951721191e-01,4.132810607552528381e-02,9.618929028511047363e-02,3.107435405254364014e-01,2.303402498364448547e-02,-2.408999651670455933e-01,-3.444582223892211914e-01,-8.063387870788574219e-02,-2.107809297740459442e-02,2.898078858852386475e-01,-2.171839028596878052e-02,1.855643689632415771e-01,8.570295758545398712e-03,-1.242728717625141144e-02,-4.407310858368873596e-02,3.348292410373687744e-01,-4.301427602767944336e-01,9.578578472137451172e-01,5.488868057727813721e-02,-2.586469650268554688e-01,-2.289904654026031494e-01,-7.652573287487030029e-02,-2.897504866123199463e-01,4.628439843654632568e-01,9.846026301383972168e-01,-1.151484474539756775e-01,-9.720709174871444702e-02,9.966497868299484253e-02
2.762746997177600861e-02,4.397288262844085693e-01,8.646546602249145508e-01,-3.661203011870384216e-02,4.487130418419837952e-02,6.723071932792663574e-01,7.380034923553466797e-01,-3.079552054405212402e-01,4.069721326231956482e-02,9.815640747547149658e-02,3.094812035560607910e-01,2.279819548130035400e-02,-2.429200559854507446e-01,-3.310402333736419678e-01,-8.210251480340957642e-02,-2.014626935124397278e-02,2.935639917850494385e-01,-2.763036452233791351e-02,1.849554628133773804e-01,9.590478613972663879e-03,-1.418677624315023422e-02,-3.383893892168998718e-02,3.333898186683654785e-01,-4.139665067195892334e-01,9.802876710891723633e-01,6.807104498147964478e-02,-2.519688606262207031e-01,-2.264421135187149048e-01,-6.814879179000854492e-02,-2.863726317882537842e-01,4.529539048671722412e-01,1.007847547531127930e+00,-1.200837939977645874e-01,-8.929827064275741577e-02,1.036063581705093384e-01
2.799089439213275909e-02,4.429788589477539062e-01,8.648400902748107910e-01,-3.306294605135917664e-02,4.166214540600776672e-02,6.717147827148437500e-01,7.388980984687805176e-01,-2.935485243797302246e-01,4.035099595785140991e-02,9.973497688770294189e-02,3.081929981708526611e-01,2.159974165260791779e-02,-2.433493584394454956e-01,-3.182637095451354980e-01,-8.307753503322601318e-02,-1.963807083666324615e-02,2.941842675209045410e-01,-3.187887743115425110e-02,1.854022890329360962e-01,9.712290018796920776e-03,-1.510633155703544617e-02,-2.331749536097049713e-02,3.319236636161804199e-01,-3.955159783363342285e-01,1.005250334739685059e+00,8.067664504051208496e-02,-2.470566779375076294e-01,-2.258953452110290527e-01,-5.848607048392295837e-02,-2.823991775512695312e-01,4.441553950309753418e-01,1.025937318801879883e+00,-1.213922649621963501e-01,-8.235643059015274048e-02,1.102910861372947693e-01
2.805167995393276215e-02,4.459041953086853027e-01,8.650422692298889160e-01,-3.033695928752422333e-02,3.896920010447502136e-02,6.707611680030822754e-01,7.400273680686950684e-01,-2.809478044509887695e-01,4.044087976217269897e-02,1.024222001433372498e-01,3.063527047634124756e-01,2.009136974811553955e-02,-2.431530207395553589e-01,-3.068494200706481934e-01,-8.367013186216354370e-02,-1.878655143082141876e-02,2.926760911941528320e-01,-3.469238802790641785e-02,1.859970390796661377e-01,1.019735168665647507e-02,-1.502954680472612381e-02,-1.131542772054672241e-02,3.298413157463073730e-01,-3.761250674724578857e-01,1.028330564498901367e+00,8.836191892623901367e-02,-2.433598190546035767e-01,-2.255952060222625732e-01,-4.772351309657096863e-02,-2.789719700813293457e-01,4.388589859008789062e-01,1.037577152252197266e+00,-1.223900541663169861e-01,-7.666634768247604370e-02,1.158112511038780212e-01
2.818366140127182007e-02,4.484533369541168213e-01,8.650928139686584473e-01,-2.780960313975811005e-02,3.677688539028167725e-02,6.698037385940551758e-01,7.411052584648132324e-01,-2.705739140510559082e-01,4.046369716525077820e-02,1.055079773068428040e-01,3.061056733131408691e-01,1.753368228673934937e-02,-2.424273192882537842e-01,-2.982579469680786133e-01,-8.446643501520156860e-02,-1.752322539687156677e-02,2.936978936195373535e-01,-3.879611939191818237e-02,1.856555342674255371e-01,1.033130940049886703e-02,-1.541815791279077530e-02,1.087466604076325893e-03,3.278172314167022705e-01,-3.551392853260040283e-01,1.050154089927673340e+00,9.173797070980072021e-02,-2.389899939298629761e-01,-2.255458980798721313e-01,-3.813628107309341431e-02,-2.762239575386047363e-01,4.374434947967529297e-01,1.045665740966796875e+00,-1.247835457324981689e-01,-7.209702581167221069e-02,1.208843961358070374e-01
2.861141785979270935e-02,4.504895508289337158e-01,8.650592565536499023e-01,-2.564094774425029755e-02,3.500995784997940063e-02,6.689530014991760254e-01,7.420368790626525879e-01,-2.620560228824615479e-01,4.104816168546676636e-02,1.093582808971405029e-01,3.062441647052764893e-01,1.436677761375904083e-02,-2.423229962587356567e-01,-2.918661832809448242e-01,-8.487404137849807739e-02,-1.589569635689258575e-02,2.956930398941040039e-01,-4.313445836305618286e-02,1.849021017551422119e-01,1.009997352957725525e-02,-1.567109674215316772e-02,1.443790271878242493e-02,3.255805075168609619e-01,-3.336944282054901123e-01,1.067306041717529297e+00,8.975199609994888306e-02,-2.346375137567520142e-01,-2.252137213945388794e-01,-3.028790093958377838e-02,-2.738899886608123779e-01,4.380730092525482178e-01,1.051892995834350586e+00,-1.311369836330413818e-01,-6.725420057773590088e-02,1.255023032426834106e-01
2.924234978854656219e-02,4.519936442375183105e-01,8.650060892105102539e-01,-2.365466393530368805e-02,3.349063545465469360e-02,6.682181358337402344e-01,7.428346872329711914e-01,-2.546126544475555420e-01,4.180051013827323914e-02,1.131319627165794373e-01,3.059428930282592773e-01,1.204688195139169693e-02,-2.434464991092681885e-01,-2.867992222309112549e-01,-8.511285483837127686e-02,-1.434001326560974121e-02,2.980200350284576416e-01,-4.712731391191482544e-02,1.841474920511245728e-01,9.434904903173446655e-03,-1.593698002398014069e-02,2.842305041849613190e-02,3.233125209808349609e-01,-3.133062720298767090e-01,1.079447984695434570e+00,8.370684087276458740e-02,-2.308378070592880249e-01,-2.245654016733169556e-01,-2.425968833267688751e-02,-2.714077234268188477e-01,4.381625056266784668e-01,1.057436108589172363e+00,-1.406809240579605103e-01,-6.058877706527709961e-02,1.301759034395217896e-01
2.974772453308105469e-02,4.531502723693847656e-01,8.650101423263549805e-01,-2.192528359591960907e-02,3.219289705157279968e-02,6.676285266876220703e-01,7.434750199317932129e-01,-2.478953599929809570e-01,4.231386259198188782e-02,1.164858490228652954e-01,3.047121167182922363e-01,1.083405874669551849e-02,-2.449921369552612305e-01,-2.821707427501678467e-01,-8.546841144561767578e-02,-1.344136893749237061e-02,2.992781102657318115e-01,-4.980736225843429565e-02,1.837506890296936035e-01,8.369796909391880035e-03,-1.610571146011352539e-02,4.147824645042419434e-02,3.213746845722198486e-01,-2.964188754558563232e-01,1.086906552314758301e+00,7.534118741750717163e-02,-2.289226055145263672e-01,-2.258430123329162598e-01,-1.973888091742992401e-02,-2.689613103866577148e-01,4.372638463973999023e-01,1.061160087585449219e+00,-1.528207957744598389e-01,-5.475297197699546814e-02,1.336516290903091431e-01
3.017197176814079285e-02,4.538750052452087402e-01,8.651061058044433594e-01,-2.076219953596591949e-02,3.119738213717937469e-02,6.672195792198181152e-01,7.439177632331848145e-01,-2.427240312099456787e-01,4.284808039665222168e-02,1.188644766807556152e-01,3.029518127441406250e-01,1.039956789463758469e-02,-2.464359849691390991e-01,-2.782076299190521240e-01,-8.548329025506973267e-02,-1.322765182703733444e-02,2.987661361694335938e-01,-5.027388036251068115e-02,1.836912035942077637e-01,6.853049620985984802e-03,-1.600695401430130005e-02,5.189898237586021423e-02,3.195692002773284912e-01,-2.842749953269958496e-01,1.091865062713623047e+00,6.670499593019485474e-02,-2.286258935928344727e-01,-2.293751090764999390e-01,-1.628041826188564301e-02,-2.663182616233825684e-01,4.350062310695648193e-01,1.062310099601745605e+00,-1.649397313594818115e-01,-5.075824260711669922e-02,1.356890946626663208e-01
3.067884035408496857e-02,4.539737701416015625e-01,8.652042150497436523e-01,-2.027303539216518402e-02,3.055678121745586395e-02,6.668690443038940430e-01,7.442721128463745117e-01,-2.401142269372940063e-01,4.379852116107940674e-02,1.200642809271812439e-01,3.016934692859649658e-01,1.065745856612920761e-02,-2.472498416900634766e-01,-2.758147716522216797e-01,-8.486898988485336304e-02,-1.362513564527034760e-02,2.972380518913269043e-01,-4.977302253246307373e-02,1.835501343011856079e-01,5.241930019110441208e-03,-1.565823517739772797e-02,5.925564467906951904e-02,3.179344236850738525e-01,-2.764943540096282959e-01,1.095283865928649902e+00,5.735801532864570618e-02,-2.288314253091812134e-01,-2.338933795690536499e-01,-1.339888013899326324e-02,-2.638409137725830078e-01,4.320631027221679688e-01,1.060304284095764160e+00,-1.754306256771087646e-01,-5.064991489052772522e-02,1.350452452898025513e-01
3.132618963718414307e-02,4.535681009292602539e-01,8.652482628822326660e-01,-2.038706466555595398e-02,3.019974194467067719e-02,6.665859818458557129e-01,7.445371150970458984e-01,-2.398424595594406128e-01,4.549198970198631287e-02,1.208330541849136353e-01,3.013651669025421143e-01,1.044419687241315842e-02,-2.475209236145019531e-01,-2.750315666198730469e-01,-8.353850245475769043e-02,-1.421902608126401901e-02,2.955296039581298828e-01,-5.000494793057441711e-02,1.830006688833236694e-01,3.803736297413706779e-03,-1.532851532101631165e-02,6.358878314495086670e-02,3.169600963592529297e-01,-2.742502689361572266e-01,1.096723079681396484e+00,4.843616113066673279e-02,-2.291006892919540405e-01,-2.376447468996047974e-01,-1.130813080817461014e-02,-2.618616819381713867e-01,4.314467906951904297e-01,1.056416392326354980e+00,-1.807310879230499268e-01,-5.483422428369522095e-02,1.304948925971984863e-01
3.219524398446083069e-02,4.529266059398651123e-01,8.652564287185668945e-01,-2.105646021664142609e-02,3.013627603650093079e-02,6.662575006484985352e-01,7.448149919509887695e-01,-2.414868175983428955e-01,4.791390523314476013e-02,1.211601197719573975e-01,3.019787967205047607e-01,1.047402434051036835e-02,-2.473461776971817017e-01,-2.756786644458770752e-01,-8.150780200958251953e-02,-1.480309385806322098e-02,2.937788963317871094e-01,-4.968642815947532654e-02,1.820186674594879150e-01,2.802241593599319458e-03,-1.489652041345834732e-02,6.574624776840209961e-02,3.161949813365936279e-01,-2.739869952201843262e-01,1.094784140586853027e+00,4.200711846351623535e-02,-2.298115342855453491e-01,-2.402680516242980957e-01,-9.998807683587074280e-03,-2.602893114089965820e-01,4.327272176742553711e-01,1.052515149116516113e+00,-1.836170852184295654e-01,-6.111460179090499878e-02,1.231701448559761047e-01
3.321054205298423767e-02,4.522929191589355469e-01,8.652859926223754883e-01,-2.204277552664279938e-02,3.038593940436840057e-02,6.660095453262329102e-01,7.449980974197387695e-01,-2.440523058176040649e-01,5.042323470115661621e-02,1.209120079874992371e-01,3.026677966117858887e-01,1.098167430609464645e-02,-2.469744682312011719e-01,-2.771901190280914307e-01,-7.918179035186767578e-02,-1.521114446222782135e-02,2.920293807983398438e-01,-4.845192283391952515e-02,1.809424161911010742e-01,2.304207999259233475e-03,-1.439955458045005798e-02,6.643331795930862427e-02,3.152057230472564697e-01,-2.743025124073028564e-01,1.088611006736755371e+00,3.961563110351562500e-02,-2.312630861997604370e-01,-2.415013760328292847e-01,-9.428242221474647522e-03,-2.590902149677276611e-01,4.344178438186645508e-01,1.050206899642944336e+00,-1.879627406597137451e-01,-6.769610941410064697e-02,1.175371482968330383e-01
3.416710719466209412e-02,4.516900181770324707e-01,8.653283119201660156e-01,-2.306360751390457153e-02,3.089606948196887970e-02,6.658565402030944824e-01,7.450829148292541504e-01,-2.469291388988494873e-01,5.238622426986694336e-02,1.202332153916358948e-01,3.031431138515472412e-01,1.119327358901500702e-02,-2.467700093984603882e-01,-2.794160842895507812e-01,-7.706925272941589355e-02,-1.521693728864192963e-02,2.908933758735656738e-01,-4.704105854034423828e-02,1.797154247760772705e-01,2.541582332924008369e-03,-1.412563584744930267e-02,6.639493256807327271e-02,3.138834834098815918e-01,-2.739385664463043213e-01,1.078898310661315918e+00,3.965402022004127502e-02,-2.326958626508712769e-01,-2.420150786638259888e-01,-9.133735671639442444e-03,-2.585248649120330811e-01,4.361893832683563232e-01,1.049316525459289551e+00,-1.930461227893829346e-01,-7.389039546251296997e-02,1.140683591365814209e-01
3.491314128041267395e-02,4.511570632457733154e-01,8.654117584228515625e-01,-2.393000945448875427e-02,3.158954530954360962e-02,6.656831502914428711e-01,7.451814413070678711e-01,-2.493410557508468628e-01,5.356384441256523132e-02,1.198962628841400146e-01,3.027114868164062500e-01,1.255267206579446793e-02,-2.472099065780639648e-01,-2.817352116107940674e-01,-7.568328827619552612e-02,-1.525999046862125397e-02,2.899537980556488037e-01,-4.526279121637344360e-02,1.789724826812744141e-01,3.520111786201596260e-03,-1.419424451887607574e-02,6.615251302719116211e-02,3.122314214706420898e-01,-2.736488580703735352e-01,1.067088723182678223e+00,3.968500345945358276e-02,-2.339731603860855103e-01,-2.428986728191375732e-01,-8.385357446968555450e-03,-2.583221495151519775e-01,4.375419914722442627e-01,1.049077272415161133e+00,-1.960813403129577637e-01,-7.943286001682281494e-02,1.115785762667655945e-01
3.535556793212890625e-02,4.508500099182128906e-01,8.655135631561279297e-01,-2.462499961256980896e-02,3.232412040233612061e-02,6.655280590057373047e-01,7.452658414840698242e-01,-2.509949207305908203e-01,5.413471162319183350e-02,1.202933415770530701e-01,3.015878796577453613e-01,1.403224561363458633e-02,-2.472245991230010986e-01,-2.825522720813751221e-01,-7.528716325759887695e-02,-1.521161291748285294e-02,2.892097830772399902e-01,-4.452233016490936279e-02,1.792069971561431885e-01,4.667176399379968643e-03,-1.436237338930368423e-02,6.584424525499343872e-02,3.104415535926818848e-01,-2.742129862308502197e-01,1.055380940437316895e+00,3.862605243921279907e-02,-2.352664619684219360e-01,-2.436342388391494751e-01,-7.601684425026178360e-03,-2.583929002285003662e-01,4.385570585727691650e-01,1.049407005310058594e+00,-1.959742307662963867e-01,-8.494038879871368408e-02,1.085812151432037354e-01
3.558038547635078430e-02,4.506089091300964355e-01,8.655843734741210938e-01,-2.509146369993686676e-02,3.310814872384071350e-02,6.655728816986083984e-01,7.451757788658142090e-01,-2.518125772476196289e-01,5.372290313243865967e-02,1.204289868474006653e-01,3.003663718700408936e-01,1.465613022446632385e-02,-2.468501776456832886e-01,-2.848338782787322998e-01,-7.518695294857025146e-02,-1.562329754233360291e-02,2.885343432426452637e-01,-4.372823983430862427e-02,1.788310855627059937e-01,5.531530361622571945e-03,-1.482108235359191895e-02,6.524699181318283081e-02,3.085801899433135986e-01,-2.758172154426574707e-01,1.045312166213989258e+00,3.708537667989730835e-02,-2.371142059564590454e-01,-2.443629950284957886e-01,-6.866116542369127274e-03,-2.585543096065521240e-01,4.395145177841186523e-01,1.049659729003906250e+00,-1.952401101589202881e-01,-8.971896022558212280e-02,1.072663515806198120e-01
3.580453991889953613e-02,4.501494765281677246e-01,8.655932545661926270e-01,-2.554386295378208160e-02,3.382091969251632690e-02,6.657752394676208496e-01,7.449476718902587891e-01,-2.539092898368835449e-01,5.393149703741073608e-02,1.201808452606201172e-01,2.992531359195709229e-01,1.602549664676189423e-02,-2.469894737005233765e-01,-2.871342003345489502e-01,-7.516216486692428589e-02,-1.666469871997833252e-02,2.883483767509460449e-01,-4.358136281371116638e-02,1.788922697305679321e-01,6.104375701397657394e-03,-1.516172662377357483e-02,6.357832998037338257e-02,3.066386878490447998e-01,-2.788304686546325684e-01,1.038326263427734375e+00,3.484709560871124268e-02,-2.391993850469589233e-01,-2.448477745056152344e-01,-6.528869271278381348e-03,-2.586755752563476562e-01,4.399724304676055908e-01,1.050210118293762207e+00,-1.955543458461761475e-01,-9.237918257713317871e-02,1.076813712716102600e-01
3.628391399979591370e-02,4.495565593242645264e-01,8.655509352684020996e-01,-2.594332769513130188e-02,3.440606221556663513e-02,6.660987138748168945e-01,7.446178197860717773e-01,-2.560191750526428223e-01,5.428803339600563049e-02,1.196095645427703857e-01,2.987572252750396729e-01,1.704472489655017853e-02,-2.474562972784042358e-01,-2.893518209457397461e-01,-7.511877268552780151e-02,-1.788464374840259552e-02,2.887707650661468506e-01,-4.325803741812705994e-02,1.793469488620758057e-01,6.687322165817022324e-03,-1.517860963940620422e-02,6.115849316120147705e-02,3.045491278171539307e-01,-2.820774316787719727e-01,1.034186601638793945e+00,3.180255740880966187e-02,-2.408473789691925049e-01,-2.468060702085494995e-01,-6.815211381763219833e-03,-2.589854300022125244e-01,4.400237798690795898e-01,1.051470756530761719e+00,-1.971880346536636353e-01,-9.348370879888534546e-02,1.091712936758995056e-01
3.701986372470855713e-02,4.488759338855743408e-01,8.654918074607849121e-01,-2.624035067856311798e-02,3.478512912988662720e-02,6.665390133857727051e-01,7.441956400871276855e-01,-2.577884793281555176e-01,5.478195101022720337e-02,1.187209263443946838e-01,2.987334430217742920e-01,1.776776649057865143e-02,-2.481589317321777344e-01,-2.910511791706085205e-01,-7.497442513704299927e-02,-1.918210648000240326e-02,2.894386649131774902e-01,-4.208347201347351074e-02,1.801909059286117554e-01,7.427690550684928894e-03,-1.505744922906160355e-02,5.848120525479316711e-02,3.030539751052856445e-01,-2.866537570953369141e-01,1.031862258911132812e+00,2.926793694496154785e-02,-2.410831600427627563e-01,-2.488686293363571167e-01,-7.470318581908941269e-03,-2.592528164386749268e-01,4.397988319396972656e-01,1.053324460983276367e+00,-1.983382850885391235e-01,-9.257432818412780762e-02,1.108452454209327698e-01
3.788845241069793701e-02,4.482764601707458496e-01,8.654461503028869629e-01,-2.648501098155975342e-02,3.491374105215072632e-02,6.671577095985412598e-01,7.436263561248779297e-01,-2.590832412242889404e-01,5.551104992628097534e-02,1.173405796289443970e-01,2.988379597663879395e-01,1.761020161211490631e-02,-2.487847059965133667e-01,-2.918517291545867920e-01,-7.461288571357727051e-02,-2.096061967313289642e-02,2.896212637424468994e-01,-4.033159464597702026e-02,1.809404194355010986e-01,8.200502954423427582e-03,-1.477667596191167831e-02,5.584934726357460022e-02,3.023391067981719971e-01,-2.917185425758361816e-01,1.030593514442443848e+00,2.797503024339675903e-02,-2.404529452323913574e-01,-2.501393258571624756e-01,-8.019494824111461639e-03,-2.594881653785705566e-01,4.391367733478546143e-01,1.055235743522644043e+00,-2.007246017456054688e-01,-8.883415907621383667e-02,1.115173846483230591e-01
3.875560313463211060e-02,4.475662410259246826e-01,8.654289841651916504e-01,-2.685466222465038300e-02,3.493101522326469421e-02,6.679211854934692383e-01,7.429265975952148438e-01,-2.601948082447052002e-01,5.661613121628761292e-02,1.157206967473030090e-01,2.988608181476593018e-01,1.682979613542556763e-02,-2.491464912891387939e-01,-2.928029000759124756e-01,-7.281048595905303955e-02,-2.346503920853137970e-02,2.893038392066955566e-01,-3.968358784914016724e-02,1.796958148479461670e-01,8.980923332273960114e-03,-1.448400411754846573e-02,5.369128286838531494e-02,3.024542331695556641e-01,-2.956357300281524658e-01,1.029805064201354980e+00,2.929021790623664856e-02,-2.386639416217803955e-01,-2.509925663471221924e-01,-8.054198697209358215e-03,-2.594051361083984375e-01,4.376392960548400879e-01,1.056637763977050781e+00,-2.030777633190155029e-01,-8.364233374595642090e-02,1.101563870906829834e-01
3.959072753787040710e-02,4.467208087444305420e-01,8.654093742370605469e-01,-2.729376964271068573e-02,3.499171510338783264e-02,6.685960888862609863e-01,7.423004508018493652e-01,-2.624128162860870361e-01,5.852021276950836182e-02,1.141225099563598633e-01,2.984282970428466797e-01,1.730462163686752319e-02,-2.499746680259704590e-01,-2.936860322952270508e-01,-7.167634367942810059e-02,-2.548272907733917236e-02,2.887218594551086426e-01,-3.864727914333343506e-02,1.792158037424087524e-01,9.638742543756961823e-03,-1.435442361980676651e-02,5.220787972211837769e-02,3.029802441596984863e-01,-2.973099648952484131e-01,1.029849529266357422e+00,3.376243636012077332e-02,-2.363040596246719360e-01,-2.518665790557861328e-01,-7.734358310699462891e-03,-2.588602900505065918e-01,4.354285895824432373e-01,1.057895183563232422e+00,-2.056396007537841797e-01,-7.878551632165908813e-02,1.093728318810462952e-01
4.051519185304641724e-02,4.460274577140808105e-01,8.654118776321411133e-01,-2.770197577774524689e-02,3.515740483999252319e-02,6.691473722457885742e-01,7.417805194854736328e-01,-2.637558877468109131e-01,5.976831912994384766e-02,1.131290942430496216e-01,2.977435290813446045e-01,1.741216890513896942e-02,-2.507469356060028076e-01,-2.945978343486785889e-01,-7.041496038436889648e-02,-2.672945521771907806e-02,2.881897389888763428e-01,-3.822098672389984131e-02,1.787492036819458008e-01,1.013652421534061432e-02,-1.450737379491329193e-02,5.115309357643127441e-02,3.037444353103637695e-01,-2.978505790233612061e-01,1.031141042709350586e+00,3.836465999484062195e-02,-2.335917502641677856e-01,-2.524137794971466064e-01,-7.546590175479650497e-03,-2.581767439842224121e-01,4.340001046657562256e-01,1.059451103210449219e+00,-2.077095806598663330e-01,-7.560544461011886597e-02,1.091994047164916992e-01
4.148766025900840759e-02,4.457375407218933105e-01,8.654240965843200684e-01,-2.808662876486778259e-02,3.538743779063224792e-02,6.694337129592895508e-01,7.414966821670532227e-01,-2.645426094532012939e-01,6.086506322026252747e-02,1.121866479516029358e-01,2.968669533729553223e-01,1.769160293042659760e-02,-2.517569065093994141e-01,-2.953656613826751709e-01,-6.909160315990447998e-02,-2.731072716414928436e-02,2.879097759723663330e-01,-3.817013278603553772e-02,1.783230900764465332e-01,1.074605155736207962e-02,-1.489202678203582764e-02,5.055577680468559265e-02,3.049294352531433105e-01,-2.979686260223388672e-01,1.033124446868896484e+00,4.091231897473335266e-02,-2.307742238044738770e-01,-2.535067796707153320e-01,-7.825331762433052063e-03,-2.573366165161132812e-01,4.338262379169464111e-01,1.061509132385253906e+00,-2.089578509330749512e-01,-7.452329248189926147e-02,1.102330759167671204e-01
4.251699149608612061e-02,4.456737041473388672e-01,8.654325008392333984e-01,-2.850619517266750336e-02,3.568890318274497986e-02,6.696158647537231445e-01,7.413017749786376953e-01,-2.651806175708770752e-01,6.197866797447204590e-02,1.113454326987266541e-01,2.960266470909118652e-01,1.739809289574623108e-02,-2.526411712169647217e-01,-2.963246405124664307e-01,-6.776125729084014893e-02,-2.783762291073799133e-02,2.880551517009735107e-01,-3.771208971738815308e-02,1.771759986877441406e-01,1.108266972005367279e-02,-1.539779361337423325e-02,5.011596903204917908e-02,3.065452873706817627e-01,-2.989591062068939209e-01,1.035679578781127930e+00,4.227378964424133301e-02,-2.293413132429122925e-01,-2.538368999958038330e-01,-8.891056291759014130e-03,-2.562403082847595215e-01,4.348034560680389404e-01,1.064090251922607422e+00,-2.088260352611541748e-01,-7.464484125375747681e-02,1.117829680442810059e-01
4.350284487009048462e-02,4.455080926418304443e-01,8.654313683509826660e-01,-2.892866358160972595e-02,3.602046519517898560e-02,6.696503162384033203e-01,7.412382364273071289e-01,-2.660720944404602051e-01,6.305225938558578491e-02,1.106158271431922913e-01,2.953895330429077148e-01,1.803605072200298309e-02,-2.538313269615173340e-01,-2.975618541240692139e-01,-6.655254215002059937e-02,-2.846868708729743958e-02,2.882844209671020508e-01,-3.671474754810333252e-02,1.760933995246887207e-01,1.134913321584463120e-02,-1.603860966861248016e-02,4.967492818832397461e-02,3.080985546112060547e-01,-2.993324995040893555e-01,1.039053440093994141e+00,4.388897493481636047e-02,-2.283935993909835815e-01,-2.546190023422241211e-01,-1.054906006902456284e-02,-2.549027502536773682e-01,4.359124004840850830e-01,1.067001461982727051e+00,-2.068692445755004883e-01,-7.403846085071563721e-02,1.133194640278816223e-01
4.445749148726463318e-02,4.453821778297424316e-01,8.654476404190063477e-01,-2.938083373010158539e-02,3.633846342563629150e-02,6.696690320968627930e-01,7.411879897117614746e-01,-2.670029699802398682e-01,6.415388733148574829e-02,1.099008172750473022e-01,2.948964834213256836e-01,1.982907578349113464e-02,-2.554768621921539307e-01,-2.986638247966766357e-01,-6.533360481262207031e-02,-2.917915396392345428e-02,2.882861196994781494e-01,-3.491103276610374451e-02,1.756200790405273438e-01,1.133236568421125412e-02,-1.656669005751609802e-02,4.882588982582092285e-02,3.094438612461090088e-01,-2.992250323295593262e-01,1.043180346488952637e+00,4.464776813983917236e-02,-2.270788401365280151e-01,-2.556882500648498535e-01,-1.243685930967330933e-02,-2.535647749900817871e-01,4.364472031593322754e-01,1.069235086441040039e+00,-2.047822177410125732e-01,-7.301624864339828491e-02,1.145488098263740540e-01
4.541998729109764099e-02,4.452547430992126465e-01,8.654450774192810059e-01,-2.982684224843978882e-02,3.669438138604164124e-02,6.697329282760620117e-01,7.410949468612670898e-01,-2.671427130699157715e-01,6.483532488346099854e-02,1.092783436179161072e-01,2.950155138969421387e-01,1.984289102256298065e-02,-2.567711770534515381e-01,-2.998731136322021484e-01,-6.417166441679000854e-02,-2.990760840475559235e-02,2.884400784969329834e-01,-3.355687856674194336e-02,1.755528301000595093e-01,1.110599841922521591e-02,-1.704129017889499664e-02,4.779923334717750549e-02,3.105155527591705322e-01,-2.984408438205718994e-01,1.047292113304138184e+00,4.432468116283416748e-02,-2.253979146480560303e-01,-2.564771771430969238e-01,-1.415745913982391357e-02,-2.525567114353179932e-01,4.367669820785522461e-01,1.069915294647216797e+00,-2.021018117666244507e-01,-7.341766357421875000e-02,1.155954599380493164e-01
4.634461551904678345e-02,4.450147449970245361e-01,8.654021024703979492e-01,-3.040154092013835907e-02,3.690264001488685608e-02,6.698374748229980469e-01,7.409667372703552246e-01,-2.688391804695129395e-01,6.645075231790542603e-02,1.084253415465354919e-01,2.957110106945037842e-01,1.960985548794269562e-02,-2.575828731060028076e-01,-3.011139333248138428e-01,-6.261461973190307617e-02,-3.037323616445064545e-02,2.885141372680664062e-01,-3.276530653238296509e-02,1.747863590717315674e-01,1.085722446441650391e-02,-1.723092980682849884e-02,4.667120426893234253e-02,3.116676509380340576e-01,-2.983897924423217773e-01,1.050954461097717285e+00,4.375737532973289490e-02,-2.245725244283676147e-01,-2.565132677555084229e-01,-1.550703216344118118e-02,-2.519946992397308350e-01,4.383383691310882568e-01,1.068972229957580566e+00,-1.985152661800384521e-01,-7.480134814977645874e-02,1.167148426175117493e-01
4.717278108000755310e-02,4.446625113487243652e-01,8.653398752212524414e-01,-3.103884682059288025e-02,3.708365187048912048e-02,6.699421405792236328e-01,7.408366203308105469e-01,-2.709839046001434326e-01,6.808024644851684570e-02,1.073244288563728333e-01,2.969136536121368408e-01,1.835343427956104279e-02,-2.571468353271484375e-01,-3.024376630783081055e-01,-6.106513738632202148e-02,-3.080690465867519379e-02,2.883748114109039307e-01,-3.230680525302886963e-02,1.734804213047027588e-01,1.066350936889648438e-02,-1.730969361960887909e-02,4.525513201951980591e-02,3.127819895744323730e-01,-2.992394864559173584e-01,1.053987026214599609e+00,4.425728693604469299e-02,-2.246877104043960571e-01,-2.555881142616271973e-01,-1.671683415770530701e-02,-2.519188225269317627e-01,4.410570263862609863e-01,1.066797852516174316e+00,-1.941473782062530518e-01,-7.705459743738174438e-02,1.178834289312362671e-01
4.787482693791389465e-02,4.442596733570098877e-01,8.652695417404174805e-01,-3.168649598956108093e-02,3.732284530997276306e-02,6.699964404106140137e-01,7.407481074333190918e-01,-2.732985317707061768e-01,6.957570463418960571e-02,1.064985543489456177e-01,2.980451881885528564e-01,1.674708910286426544e-02,-2.560735344886779785e-01,-3.038257360458374023e-01,-5.981689319014549255e-02,-3.144990652799606323e-02,2.879772484302520752e-01,-3.199440985918045044e-02,1.720543652772903442e-01,1.050239801406860352e-02,-1.725766807794570923e-02,4.400511458516120911e-02,3.135072588920593262e-01,-2.995689213275909424e-01,1.055738687515258789e+00,4.496998712420463562e-02,-2.254705876111984253e-01,-2.534952163696289062e-01,-1.810553111135959625e-02,-2.522286474704742432e-01,4.440327286720275879e-01,1.064773559570312500e+00,-1.913219541311264038e-01,-7.942201942205429077e-02,1.195907890796661377e-01
4.828084260225296021e-02,4.437260627746582031e-01,8.652466535568237305e-01,-3.235721215605735779e-02,3.762758150696754456e-02,6.699624061584472656e-01,7.407344579696655273e-01,-2.755271196365356445e-01,7.086209952831268311e-02,1.057588756084442139e-01,2.985151708126068115e-01,1.651141420006752014e-02,-2.557326257228851318e-01,-3.050848841667175293e-01,-5.905793234705924988e-02,-3.245519474148750305e-02,2.867607772350311279e-01,-3.088243305683135986e-02,1.711580753326416016e-01,1.061426196247339249e-02,-1.704750582575798035e-02,4.309123754501342773e-02,3.139151632785797119e-01,-2.992701530456542969e-01,1.055850148200988770e+00,4.614542052149772644e-02,-2.258571237325668335e-01,-2.514316737651824951e-01,-1.987495645880699158e-02,-2.526736855506896973e-01,4.470559954643249512e-01,1.063485026359558105e+00,-1.917183250188827515e-01,-8.063714206218719482e-02,1.217501312494277954e-01
4.834296926856040955e-02,4.430147707462310791e-01,8.652591109275817871e-01,-3.295522183179855347e-02,3.790268301963806152e-02,6.699589490890502930e-01,7.406972050666809082e-01,-2.773834764957427979e-01,7.186828553676605225e-02,1.049215644598007202e-01,2.983953058719635010e-01,1.769059710204601288e-02,-2.567458748817443848e-01,-3.060829341411590576e-01,-5.878456681966781616e-02,-3.389007225632667542e-02,2.849031388759613037e-01,-2.872416749596595764e-02,1.714892089366912842e-01,1.093269605189561844e-02,-1.669289916753768921e-02,4.267613962292671204e-02,3.141840994358062744e-01,-2.993806302547454834e-01,1.054274439811706543e+00,4.757752642035484314e-02,-2.257855236530303955e-01,-2.504499256610870361e-01,-2.169670909643173218e-02,-2.530747354030609131e-01,4.496590495109558105e-01,1.063104867935180664e+00,-1.935183703899383545e-01,-8.003512024879455566e-02,1.227007955312728882e-01
4.832629486918449402e-02,4.420636296272277832e-01,8.652986884117126465e-01,-3.349745646119117737e-02,3.818974271416664124e-02,6.701022386550903320e-01,7.405284643173217773e-01,-2.802438735961914062e-01,7.177864015102386475e-02,1.048720106482505798e-01,2.980280220508575439e-01,1.884643919765949249e-02,-2.566132843494415283e-01,-3.071744441986083984e-01,-5.858453363180160522e-02,-3.520466759800910950e-02,2.829331755638122559e-01,-2.651928551495075226e-02,1.722696423530578613e-01,1.139110792428255081e-02,-1.601140759885311127e-02,4.271269589662551880e-02,3.143694102764129639e-01,-3.000828623771667480e-01,1.050961971282958984e+00,4.787782207131385803e-02,-2.250926494598388672e-01,-2.497485280036926270e-01,-2.326307073235511780e-02,-2.536204159259796143e-01,4.511999785900115967e-01,1.062958717346191406e+00,-1.966252923011779785e-01,-8.052990585565567017e-02,1.222179979085922241e-01
4.833601787686347961e-02,4.410899281501770020e-01,8.653348088264465332e-01,-3.401209414005279541e-02,3.844369202852249146e-02,6.703436970710754395e-01,7.402733564376831055e-01,-2.823367416858673096e-01,7.230846583843231201e-02,1.051466315984725952e-01,2.977779507637023926e-01,1.992561109364032745e-02,-2.571780085563659668e-01,-3.082907199859619141e-01,-5.830840766429901123e-02,-3.656328842043876648e-02,2.812604010105133057e-01,-2.490200288593769073e-02,1.730651408433914185e-01,1.193447783589363098e-02,-1.485428959131240845e-02,4.285400733351707458e-02,3.143355250358581543e-01,-3.012438118457794189e-01,1.046792864799499512e+00,4.644920676946640015e-02,-2.235290557146072388e-01,-2.484597265720367432e-01,-2.453724667429924011e-02,-2.543068826198577881e-01,4.507822096347808838e-01,1.063260555267333984e+00,-1.993287354707717896e-01,-8.208951354026794434e-02,1.200916022062301636e-01
4.841680824756622314e-02,4.401107430458068848e-01,8.653398156166076660e-01,-3.448707982897758484e-02,3.874069079756736755e-02,6.705965399742126465e-01,7.400068044662475586e-01,-2.844981551170349121e-01,7.285301387310028076e-02,1.055999174714088440e-01,2.975418865680694580e-01,2.110215276479721069e-02,-2.571501433849334717e-01,-3.097268640995025635e-01,-5.810477212071418762e-02,-3.813699632883071899e-02,2.801470458507537842e-01,-2.360833808779716492e-02,1.734782606363296509e-01,1.224683411419391632e-02,-1.345276087522506714e-02,4.312013089656829834e-02,3.138877749443054199e-01,-3.022856712341308594e-01,1.042412638664245605e+00,4.352258145809173584e-02,-2.223968058824539185e-01,-2.466595768928527832e-01,-2.549321018159389496e-02,-2.550258040428161621e-01,4.490018486976623535e-01,1.064035296440124512e+00,-2.003585249185562134e-01,-8.354829251766204834e-02,1.184477731585502625e-01
4.856010526418685913e-02,4.391659498214721680e-01,8.653139472007751465e-01,-3.491117805242538452e-02,3.908533975481987000e-02,6.708657741546630859e-01,7.397247552871704102e-01,-2.866833209991455078e-01,7.323773205280303955e-02,1.056693419814109802e-01,2.972522675991058350e-01,2.216682024300098419e-02,-2.569043040275573730e-01,-3.114773631095886230e-01,-5.797418579459190369e-02,-3.956712409853935242e-02,2.795687615871429443e-01,-2.166916057467460632e-02,1.739248633384704590e-01,1.231602299958467484e-02,-1.207900885492563248e-02,4.317019507288932800e-02,3.132362961769104004e-01,-3.045499026775360107e-01,1.038965702056884766e+00,3.909640386700630188e-02,-2.226258665323257446e-01,-2.454015165567398071e-01,-2.647456526756286621e-02,-2.556677758693695068e-01,4.471386969089508057e-01,1.065041065216064453e+00,-2.005682587623596191e-01,-8.464048057794570923e-02,1.175450384616851807e-01
4.874706268310546875e-02,4.383440017700195312e-01,8.652798533439636230e-01,-3.516464307904243469e-02,3.936697542667388916e-02,6.711205244064331055e-01,7.394666671752929688e-01,-2.882270216941833496e-01,7.343886792659759521e-02,1.054718345403671265e-01,2.965619862079620361e-01,2.288889512419700623e-02,-2.568868100643157959e-01,-3.129590451717376709e-01,-5.797861889004707336e-02,-4.070562869310379028e-02,2.793436944484710693e-01,-2.014495991170406342e-02,1.743102967739105225e-01,1.270351652055978775e-02,-1.078522577881813049e-02,4.322875663638114929e-02,3.120387494564056396e-01,-3.069728314876556396e-01,1.036857128143310547e+00,3.484580293297767639e-02,-2.241224348545074463e-01,-2.468307763338088989e-01,-2.739838324487209320e-02,-2.563819885253906250e-01,4.460082948207855225e-01,1.065980434417724609e+00,-1.999744474887847900e-01,-8.423881232738494873e-02,1.184170171618461609e-01
4.882600158452987671e-02,4.377453625202178955e-01,8.652297854423522949e-01,-3.517351672053337097e-02,3.953037783503532410e-02,6.712779402732849121e-01,7.393146157264709473e-01,-2.888265550136566162e-01,7.343225181102752686e-02,1.056768596172332764e-01,2.956694066524505615e-01,2.251681499183177948e-02,-2.566560208797454834e-01,-3.139162361621856689e-01,-5.829494073987007141e-02,-4.161863029003143311e-02,2.795024216175079346e-01,-2.001750469207763672e-02,1.742518544197082520e-01,1.322829537093639374e-02,-9.517891332507133484e-03,4.384136572480201721e-02,3.103578984737396240e-01,-3.085190653800964355e-01,1.035664081573486328e+00,3.057117201387882233e-02,-2.253856807947158813e-01,-2.492870241403579712e-01,-2.799644693732261658e-02,-2.575572729110717773e-01,4.459507465362548828e-01,1.065856814384460449e+00,-2.002751827239990234e-01,-8.411818742752075195e-02,1.202756166458129883e-01
4.877800866961479187e-02,4.373317062854766846e-01,8.651629686355590820e-01,-3.497983515262603760e-02,3.959253057837486267e-02,6.713209748268127441e-01,7.392814159393310547e-01,-2.886994183063507080e-01,7.329228520393371582e-02,1.065118238329887390e-01,2.948213815689086914e-01,2.112385071814060211e-02,-2.565293312072753906e-01,-3.144919276237487793e-01,-5.874402448534965515e-02,-4.176782444119453430e-02,2.800033092498779297e-01,-2.129995636641979218e-02,1.738933771848678589e-01,1.358037255704402924e-02,-8.269605226814746857e-03,4.512403905391693115e-02,3.081557452678680420e-01,-3.090885579586029053e-01,1.035429239273071289e+00,2.528349496424198151e-02,-2.248749881982803345e-01,-2.518099844455718994e-01,-2.837242744863033295e-02,-2.589471638202667236e-01,4.463449716567993164e-01,1.065052747726440430e+00,-2.000382542610168457e-01,-8.420269936323165894e-02,1.218239217996597290e-01
4.859436675906181335e-02,4.370756149291992188e-01,8.651204109191894531e-01,-3.469263389706611633e-02,3.950540348887443542e-02,6.712731122970581055e-01,7.393430471420288086e-01,-2.881553173065185547e-01,7.302071154117584229e-02,1.072216704487800598e-01,2.942620813846588135e-01,1.997131854295730591e-02,-2.561821341514587402e-01,-3.144928514957427979e-01,-5.923631787300109863e-02,-4.174476489424705505e-02,2.803055346012115479e-01,-2.233538031578063965e-02,1.732109040021896362e-01,1.360190473496913910e-02,-7.131407037377357483e-03,4.724276810884475708e-02,3.056509494781494141e-01,-3.086217343807220459e-01,1.035724520683288574e+00,1.905563473701477051e-02,-2.232081443071365356e-01,-2.544248104095458984e-01,-2.860477939248085022e-02,-2.598443925380706787e-01,4.458535313606262207e-01,1.064467310905456543e+00,-1.992564499378204346e-01,-8.434843271970748901e-02,1.228096336126327515e-01
4.834797978401184082e-02,4.369352757930755615e-01,8.651206493377685547e-01,-3.441505506634712219e-02,3.928234055638313293e-02,6.712245941162109375e-01,7.394119501113891602e-01,-2.874367833137512207e-01,7.277876883745193481e-02,1.076356545090675354e-01,2.939286231994628906e-01,1.990409195423126221e-02,-2.556678354740142822e-01,-3.138806223869323730e-01,-5.958202853798866272e-02,-4.159355163574218750e-02,2.800462245941162109e-01,-2.256614156067371368e-02,1.726161688566207886e-01,1.353684067726135254e-02,-6.191657390445470810e-03,4.983699694275856018e-02,3.036468029022216797e-01,-3.076017498970031738e-01,1.035949349403381348e+00,1.499765645712614059e-02,-2.210356146097183228e-01,-2.565948069095611572e-01,-2.873108722269535065e-02,-2.599392831325531006e-01,4.439958035945892334e-01,1.064425706863403320e+00,-1.999045759439468384e-01,-8.394120633602142334e-02,1.228142976760864258e-01
4.824369028210639954e-02,4.370278418064117432e-01,8.651570081710815430e-01,-3.419509530067443848e-02,3.900594264268875122e-02,6.712352037429809570e-01,7.394272089004516602e-01,-2.864660322666168213e-01,7.274414598941802979e-02,1.077935844659805298e-01,2.936581671237945557e-01,2.009680680930614471e-02,-2.550832331180572510e-01,-3.127774596214294434e-01,-5.963893979787826538e-02,-4.149791598320007324e-02,2.795024812221527100e-01,-2.280049212276935577e-02,1.721120476722717285e-01,1.348250079900026321e-02,-5.310097243636846542e-03,5.228837206959724426e-02,3.022740483283996582e-01,-3.070565760135650635e-01,1.035986661911010742e+00,1.287329755723476410e-02,-2.194504588842391968e-01,-2.576777040958404541e-01,-2.892029099166393280e-02,-2.595077455043792725e-01,4.418119490146636963e-01,1.065201997756958008e+00,-2.022462338209152222e-01,-8.343008160591125488e-02,1.218408718705177307e-01
4.829804971814155579e-02,4.373003244400024414e-01,8.651864528656005859e-01,-3.396971896290779114e-02,3.870254755020141602e-02,6.712924242019653320e-01,7.394015192985534668e-01,-2.852675318717956543e-01,7.287190109491348267e-02,1.078908294439315796e-01,2.934085130691528320e-01,2.002542838454246521e-02,-2.548085153102874756e-01,-3.114957511425018311e-01,-5.946413427591323853e-02,-4.125818237662315369e-02,2.791959643363952637e-01,-2.393066138029098511e-02,1.718008518218994141e-01,1.348809711635112762e-02,-4.619650542736053467e-03,5.446560680866241455e-02,3.013763427734375000e-01,-3.067520856857299805e-01,1.036065220832824707e+00,9.668646380305290222e-03,-2.190361469984054565e-01,-2.580105364322662354e-01,-2.880642376840114594e-02,-2.586134374141693115e-01,4.401418566703796387e-01,1.066226363182067871e+00,-2.039009183645248413e-01,-8.378768712282180786e-02,1.218765154480934143e-01
4.836489260196685791e-02,4.376448988914489746e-01,8.652158379554748535e-01,-3.373234719038009644e-02,3.840747848153114319e-02,6.712791919708251953e-01,7.394397854804992676e-01,-2.829908132553100586e-01,7.357360422611236572e-02,1.081790402531623840e-01,2.927569448947906494e-01,2.015974372625350952e-02,-2.557058632373809814e-01,-3.100344836711883545e-01,-5.939131230115890503e-02,-4.129427298903465271e-02,2.786522507667541504e-01,-2.482816949486732483e-02,1.715455949306488037e-01,1.379936002194881439e-02,-4.193974193185567856e-03,5.626704916357994080e-02,3.007443845272064209e-01,-3.063907921314239502e-01,1.036750435829162598e+00,5.401016212999820709e-03,-2.185027003288269043e-01,-2.578078210353851318e-01,-2.835339680314064026e-02,-2.574246823787689209e-01,4.390922784805297852e-01,1.067096471786499023e+00,-2.036694735288619995e-01,-8.466592431068420410e-02,1.226890906691551208e-01
4.830251634120941162e-02,4.377819001674652100e-01,8.652569651603698730e-01,-3.347511962056159973e-02,3.815704584121704102e-02,6.712511181831359863e-01,7.394899725914001465e-01,-2.818778157234191895e-01,7.354502379894256592e-02,1.087918356060981750e-01,2.916521430015563965e-01,2.119910717010498047e-02,-2.554956078529357910e-01,-3.087003231048583984e-01,-5.958701297640800476e-02,-4.144493862986564636e-02,2.777954638004302979e-01,-2.524565160274505615e-02,1.712502837181091309e-01,1.423641107976436615e-02,-3.998865373432636261e-03,5.777698382735252380e-02,3.003580570220947266e-01,-3.062211573123931885e-01,1.038135409355163574e+00,3.183640073984861374e-03,-2.168851941823959351e-01,-2.576499879360198975e-01,-2.779820933938026428e-02,-2.559861242771148682e-01,4.382023811340332031e-01,1.068205952644348145e+00,-2.018055617809295654e-01,-8.621126413345336914e-02,1.228357106447219849e-01
4.806017130613327026e-02,4.376286268234252930e-01,8.652929663658142090e-01,-3.323241695761680603e-02,3.801451623439788818e-02,6.712064743041992188e-01,7.395487427711486816e-01,-2.809830009937286377e-01,7.341226935386657715e-02,1.092600002884864807e-01,2.907629609107971191e-01,2.234261855483055115e-02,-2.556565105915069580e-01,-3.080123960971832275e-01,-6.009494885802268982e-02,-4.147789999842643738e-02,2.771354913711547852e-01,-2.488070726394653320e-02,1.711153835058212280e-01,1.443424914032220840e-02,-3.969072364270687103e-03,5.880246683955192566e-02,3.005260229110717773e-01,-3.065369427204132080e-01,1.038987517356872559e+00,1.873239874839782715e-03,-2.151582837104797363e-01,-2.583196163177490234e-01,-2.744479477405548096e-02,-2.546873390674591064e-01,4.373373091220855713e-01,1.069337606430053711e+00,-1.998892277479171753e-01,-8.778063207864761353e-02,1.217821016907691956e-01
4.785820096731185913e-02,4.374205768108367920e-01,8.653333187103271484e-01,-3.302300348877906799e-02,3.796587139368057251e-02,6.711356639862060547e-01,7.396249175071716309e-01,-2.811959683895111084e-01,7.232343405485153198e-02,1.101728901267051697e-01,2.902591824531555176e-01,2.305186167359352112e-02,-2.543048560619354248e-01,-3.076840043067932129e-01,-6.057658791542053223e-02,-4.147831723093986511e-02,2.766805589199066162e-01,-2.459828741848468781e-02,1.710397452116012573e-01,1.423052698373794556e-02,-4.086459986865520477e-03,5.975890159606933594e-02,3.013307452201843262e-01,-3.064352571964263916e-01,1.038406133651733398e+00,8.277381421066820621e-04,-2.151151597499847412e-01,-2.598244845867156982e-01,-2.685915306210517883e-02,-2.536564469337463379e-01,4.362875521183013916e-01,1.069646239280700684e+00,-2.002244591712951660e-01,-8.893313258886337280e-02,1.201010718941688538e-01
4.776064306497573853e-02,4.373089075088500977e-01,8.653513193130493164e-01,-3.290583938360214233e-02,3.791643306612968445e-02,6.710282564163208008e-01,7.397301197052001953e-01,-2.808756530284881592e-01,7.230562716722488403e-02,1.109063550829887390e-01,2.900210618972778320e-01,2.286972664296627045e-02,-2.537126243114471436e-01,-3.073768317699432373e-01,-6.088022887706756592e-02,-4.172217100858688354e-02,2.762585580348968506e-01,-2.459714375436306000e-02,1.710876375436782837e-01,1.380984485149383545e-02,-4.050583578646183014e-03,6.044564768671989441e-02,3.026061058044433594e-01,-3.064640164375305176e-01,1.037262439727783203e+00,-3.872154338750988245e-04,-2.158755958080291748e-01,-2.616028487682342529e-01,-2.595330961048603058e-02,-2.528248131275177002e-01,4.351307153701782227e-01,1.069326162338256836e+00,-2.031448185443878174e-01,-9.001287072896957397e-02,1.185166910290718079e-01
4.783059656620025635e-02,4.373350143432617188e-01,8.653638362884521484e-01,-3.278019279241561890e-02,3.780633211135864258e-02,6.709383726119995117e-01,7.398228645324707031e-01,-2.802084088325500488e-01,7.260633260011672974e-02,1.117864772677421570e-01,2.897409796714782715e-01,2.196402847766876221e-02,-2.531698644161224365e-01,-3.069108128547668457e-01,-6.095498800277709961e-02,-4.207563772797584534e-02,2.760528028011322021e-01,-2.466700598597526550e-02,1.709104031324386597e-01,1.341918110847473145e-02,-3.787161782383918762e-03,6.066000834107398987e-02,3.038598299026489258e-01,-3.073985278606414795e-01,1.036301732063293457e+00,-2.120921853929758072e-03,-2.169292867183685303e-01,-2.630774676799774170e-01,-2.492517977952957153e-02,-2.522609531879425049e-01,4.345964789390563965e-01,1.068891167640686035e+00,-2.087364643812179565e-01,-9.066364914178848267e-02,1.184615716338157654e-01
4.797970876097679138e-02,4.374255239963531494e-01,8.653831481933593750e-01,-3.272682055830955505e-02,3.760872781276702881e-02,6.709311008453369141e-01,7.398418784141540527e-01,-2.794795632362365723e-01,7.327657938003540039e-02,1.128956228494644165e-01,2.895019054412841797e-01,2.156388759613037109e-02,-2.527125775814056396e-01,-3.061566948890686035e-01,-6.075457111001014709e-02,-4.269066080451011658e-02,2.756117284297943115e-01,-2.487530000507831573e-02,1.704056859016418457e-01,1.282698102295398712e-02,-3.317299531772732735e-03,6.044227257370948792e-02,3.051268458366394043e-01,-3.093194961547851562e-01,1.035334587097167969e+00,-5.579322110861539841e-03,-2.175243049860000610e-01,-2.643366158008575439e-01,-2.396154031157493591e-02,-2.517151534557342529e-01,4.348432421684265137e-01,1.068369269371032715e+00,-2.153336703777313232e-01,-9.050178527832031250e-02,1.195298880338668823e-01
4.811859130859375000e-02,4.374188780784606934e-01,8.654054403305053711e-01,-3.277349472045898438e-02,3.739462047815322876e-02,6.709051132202148438e-01,7.398742437362670898e-01,-2.790312170982360840e-01,7.409912347793579102e-02,1.138778403401374817e-01,2.892998456954956055e-01,2.173358388245105743e-02,-2.521096467971801758e-01,-3.053826391696929932e-01,-6.038374081254005432e-02,-4.333887621760368347e-02,2.747133672237396240e-01,-2.480597980320453644e-02,1.699901223182678223e-01,1.223903242498636246e-02,-2.821070142090320587e-03,5.976396054029464722e-02,3.060277700424194336e-01,-3.112738430500030518e-01,1.034551143646240234e+00,-9.382561780512332916e-03,-2.179940789937973022e-01,-2.651818096637725830e-01,-2.322728186845779419e-02,-2.509616315364837646e-01,4.354794025421142578e-01,1.068188071250915527e+00,-2.192104160785675049e-01,-8.933950960636138916e-02,1.204020157456398010e-01
4.824978858232498169e-02,4.373752772808074951e-01,8.654542565345764160e-01,-3.283968195319175720e-02,3.716563433408737183e-02,6.708628535270690918e-01,7.399211525917053223e-01,-2.786033153533935547e-01,7.482737302780151367e-02,1.143754050135612488e-01,2.889664173126220703e-01,2.227984555065631866e-02,-2.514227926731109619e-01,-3.044101297855377197e-01,-5.993422493338584900e-02,-4.391043633222579956e-02,2.734099626541137695e-01,-2.480922266840934753e-02,1.700697094202041626e-01,1.177397649735212326e-02,-2.427825005725026131e-03,5.872905626893043518e-02,3.063779771327972412e-01,-3.124125301837921143e-01,1.034474015235900879e+00,-1.118226815015077591e-02,-2.183969318866729736e-01,-2.660614252090454102e-01,-2.264857478439807892e-02,-2.500882148742675781e-01,4.362250864505767822e-01,1.068588256835937500e+00,-2.200319916009902954e-01,-8.588404208421707153e-02,1.208106055855751038e-01
4.846639558672904968e-02,4.373419880867004395e-01,8.654886484146118164e-01,-3.297260403633117676e-02,3.684373944997787476e-02,6.709340810775756836e-01,7.398667335510253906e-01,-2.782047390937805176e-01,7.584728300571441650e-02,1.147430315613746643e-01,2.886324226856231689e-01,2.269828319549560547e-02,-2.511836886405944824e-01,-3.031790256500244141e-01,-5.918641388416290283e-02,-4.458022490143775940e-02,2.718209624290466309e-01,-2.525109797716140747e-02,1.699899286031723022e-01,1.116270758211612701e-02,-1.872531720437109470e-03,5.741749331355094910e-02,3.064522743225097656e-01,-3.132532536983489990e-01,1.035041213035583496e+00,-1.173774059861898422e-02,-2.176214307546615601e-01,-2.672156393527984619e-01,-2.201910130679607391e-02,-2.492690533399581909e-01,4.367465078830718994e-01,1.069062829017639160e+00,-2.198296338319778442e-01,-8.209437131881713867e-02,1.207012310624122620e-01
4.881803318858146667e-02,4.374306201934814453e-01,8.655003905296325684e-01,-3.310393542051315308e-02,3.650063276290893555e-02,6.710014343261718750e-01,7.398168444633483887e-01,-2.776756882667541504e-01,7.705648243427276611e-02,1.151280552148818970e-01,2.885701358318328857e-01,2.142150886356830597e-02,-2.514950335025787354e-01,-3.020186424255371094e-01,-5.821373686194419861e-02,-4.504848271608352661e-02,2.706526219844818115e-01,-2.603484876453876495e-02,1.697401404380798340e-01,1.061894278973340988e-02,-1.164619112387299538e-03,5.629461258649826050e-02,3.061349689960479736e-01,-3.136100471019744873e-01,1.035331368446350098e+00,-1.249718386679887772e-02,-2.161592394113540649e-01,-2.687565684318542480e-01,-2.146630361676216125e-02,-2.489552944898605347e-01,4.374714195728302002e-01,1.069333553314208984e+00,-2.201204001903533936e-01,-7.884469628334045410e-02,1.202076599001884460e-01
4.928418621420860291e-02,4.376006126403808594e-01,8.654888868331909180e-01,-3.326117992401123047e-02,3.617177531123161316e-02,6.710325479507446289e-01,7.397976517677307129e-01,-2.772389948368072510e-01,7.841200381517410278e-02,1.153725087642669678e-01,2.888506352901458740e-01,1.951055414974689484e-02,-2.519145905971527100e-01,-3.011036515235900879e-01,-5.707553774118423462e-02,-4.535603523254394531e-02,2.698718011379241943e-01,-2.602216228842735291e-02,1.692425310611724854e-01,1.019561011344194412e-02,-4.455529560800641775e-04,5.551946163177490234e-02,3.056527376174926758e-01,-3.135900497436523438e-01,1.034894943237304688e+00,-1.321579981595277786e-02,-2.155770957469940186e-01,-2.703955471515655518e-01,-2.104437723755836487e-02,-2.490708082914352417e-01,4.382546842098236084e-01,1.068981051445007324e+00,-2.212542295455932617e-01,-7.710936665534973145e-02,1.185393333435058594e-01
4.970018938183784485e-02,4.377504587173461914e-01,8.654913306236267090e-01,-3.345632553100585938e-02,3.587336838245391846e-02,6.710722446441650391e-01,7.397674322128295898e-01,-2.769438326358795166e-01,7.970537245273590088e-02,1.155785694718360901e-01,2.891698777675628662e-01,1.774414069950580597e-02,-2.521345913410186768e-01,-3.002690076828002930e-01,-5.596715956926345825e-02,-4.571706429123878479e-02,2.689160704612731934e-01,-2.480013109743595123e-02,1.686797440052032471e-01,9.978814050555229187e-03,1.710296492092311382e-04,5.501279979944229126e-02,3.051254749298095703e-01,-3.135014176368713379e-01,1.033895373344421387e+00,-1.362942811101675034e-02,-2.168410569429397583e-01,-2.722828686237335205e-01,-2.079537138342857361e-02,-2.492960244417190552e-01,4.390302598476409912e-01,1.068107962608337402e+00,-2.231663316488265991e-01,-7.663531601428985596e-02,1.172725409269332886e-01
4.995072260499000549e-02,4.376636445522308350e-01,8.654747605323791504e-01,-3.358832001686096191e-02,3.555515781044960022e-02,6.710394024848937988e-01,7.398065924644470215e-01,-2.770497500896453857e-01,8.077048510313034058e-02,1.156151816248893738e-01,2.898739278316497803e-01,1.682300679385662079e-02,-2.518475651741027832e-01,-2.997494041919708252e-01,-5.505513027310371399e-02,-4.589753970503807068e-02,2.681395113468170166e-01,-2.307563461363315582e-02,1.680976748466491699e-01,1.007529068738222122e-02,6.236717454157769680e-04,5.518421903252601624e-02,3.043031990528106689e-01,-3.123053312301635742e-01,1.032877802848815918e+00,-1.300892792642116547e-02,-2.183191180229187012e-01,-2.745351791381835938e-01,-2.088991552591323853e-02,-2.496520429849624634e-01,4.398539364337921143e-01,1.067070960998535156e+00,-2.260386943817138672e-01,-7.699260860681533813e-02,1.172682195901870728e-01
5.006361007690429688e-02,4.374541342258453369e-01,8.654483556747436523e-01,-3.363665565848350525e-02,3.519690036773681641e-02,6.709856986999511719e-01,7.398701906204223633e-01,-2.772367298603057861e-01,8.168017119169235229e-02,1.157496646046638489e-01,2.908315062522888184e-01,1.615804433822631836e-02,-2.515519857406616211e-01,-2.992951273918151855e-01,-5.429476872086524963e-02,-4.581172764301300049e-02,2.676221728324890137e-01,-2.244832552969455719e-02,1.673591732978820801e-01,1.024548523128032684e-02,8.707119850441813469e-04,5.616207793354988098e-02,3.033755421638488770e-01,-3.102748394012451172e-01,1.031653881072998047e+00,-1.286840345710515976e-02,-2.197623401880264282e-01,-2.764398753643035889e-01,-2.144903875887393951e-02,-2.501438558101654053e-01,4.413180649280548096e-01,1.066150426864624023e+00,-2.284682691097259521e-01,-7.715457677841186523e-02,1.166026070713996887e-01
5.014264583587646484e-02,4.371578693389892578e-01,8.654380440711975098e-01,-3.363365307450294495e-02,3.482322394847869873e-02,6.709421277046203613e-01,7.399275302886962891e-01,-2.773897051811218262e-01,8.255223184823989868e-02,1.162825673818588257e-01,2.917838990688323975e-01,1.576305367052555084e-02,-2.510345578193664551e-01,-2.988257110118865967e-01,-5.353196710348129272e-02,-4.555987566709518433e-02,2.671692669391632080e-01,-2.260399609804153442e-02,1.665291935205459595e-01,1.021528802812099457e-02,8.784311939962208271e-04,5.748695507645606995e-02,3.025355935096740723e-01,-3.087207078933715820e-01,1.030734300613403320e+00,-1.591320894658565521e-02,-2.207552194595336914e-01,-2.776429057121276855e-01,-2.241251803934574127e-02,-2.504697442054748535e-01,4.431719481945037842e-01,1.065338253974914551e+00,-2.299717664718627930e-01,-7.663442939519882202e-02,1.150549352169036865e-01
5.025911331176757812e-02,4.368801712989807129e-01,8.654407858848571777e-01,-3.360738605260848999e-02,3.449602797627449036e-02,6.707751750946044922e-01,7.400953769683837891e-01,-2.774789035320281982e-01,8.329417556524276733e-02,1.167015433311462402e-01,2.926413416862487793e-01,1.572067104279994965e-02,-2.505571544170379639e-01,-2.984724044799804688e-01,-5.266864225268363953e-02,-4.480599239468574524e-02,2.668376564979553223e-01,-2.317132242023944855e-02,1.656385064125061035e-01,1.026803720742464066e-02,6.506380159407854080e-04,5.877055600285530090e-02,3.017409741878509521e-01,-3.076663315296173096e-01,1.030547738075256348e+00,-2.128851599991321564e-02,-2.207783907651901245e-01,-2.777548432350158691e-01,-2.369776554405689240e-02,-2.503627240657806396e-01,4.441623389720916748e-01,1.064949870109558105e+00,-2.308662831783294678e-01,-7.564643025398254395e-02,1.127443015575408936e-01
5.048633739352226257e-02,4.367254674434661865e-01,8.654712438583374023e-01,-3.366575390100479126e-02,3.426925465464591980e-02,6.705740094184875488e-01,7.402855753898620605e-01,-2.774562239646911621e-01,8.403962105512619019e-02,1.168757006525993347e-01,2.930968403816223145e-01,1.591186039149761200e-02,-2.505018711090087891e-01,-2.981256842613220215e-01,-5.169028788805007935e-02,-4.392744600772857666e-02,2.662568688392639160e-01,-2.318572998046875000e-02,1.649229079484939575e-01,1.043268013745546341e-02,3.735600330401211977e-04,5.993605405092239380e-02,3.008310198783874512e-01,-3.063588440418243408e-01,1.030955791473388672e+00,-2.731783688068389893e-02,-2.199790179729461670e-01,-2.774735689163208008e-01,-2.523103356361389160e-02,-2.498486191034317017e-01,4.440943300724029541e-01,1.064786434173583984e+00,-2.324272990226745605e-01,-7.548564672470092773e-02,1.098724752664566040e-01
5.074906721711158752e-02,4.367928504943847656e-01,8.654991388320922852e-01,-3.382614254951477051e-02,3.422383591532707214e-02,6.704005599021911621e-01,7.404374480247497559e-01,-2.774349153041839600e-01,8.460248261690139771e-02,1.164447888731956482e-01,2.932738959789276123e-01,1.531054172664880753e-02,-2.505706250667572021e-01,-2.979257404804229736e-01,-5.086418613791465759e-02,-4.315720126032829285e-02,2.656779587268829346e-01,-2.330867014825344086e-02,1.645709574222564697e-01,1.051893923431634903e-02,7.612908666487783194e-05,6.080004572868347168e-02,2.998036444187164307e-01,-3.044732511043548584e-01,1.031692624092102051e+00,-3.254316374659538269e-02,-2.198073565959930420e-01,-2.768772542476654053e-01,-2.660764753818511963e-02,-2.492182999849319458e-01,4.432943463325500488e-01,1.064332365989685059e+00,-2.342314571142196655e-01,-7.674328237771987915e-02,1.073340550065040588e-01
5.100300535559654236e-02,4.368427693843841553e-01,8.655028939247131348e-01,-3.403678908944129944e-02,3.427978977560997009e-02,6.702079772949218750e-01,7.405995130538940430e-01,-2.776800692081451416e-01,8.505906909704208374e-02,1.158427745103836060e-01,2.934127449989318848e-01,1.474448945373296738e-02,-2.508980631828308105e-01,-2.980282604694366455e-01,-5.025980621576309204e-02,-4.280333966016769409e-02,2.652731537818908691e-01,-2.391051314771175385e-02,1.641746312379837036e-01,1.038198266178369522e-02,-3.227494307793676853e-04,6.135834008455276489e-02,2.989483773708343506e-01,-3.031535446643829346e-01,1.032755017280578613e+00,-3.506301715970039368e-02,-2.208398729562759399e-01,-2.757769823074340820e-01,-2.757480368018150330e-02,-2.485392987728118896e-01,4.428465664386749268e-01,1.063660025596618652e+00,-2.364432066679000854e-01,-7.863623648881912231e-02,1.063849180936813354e-01
5.126299709081649780e-02,4.367698729038238525e-01,8.654904961585998535e-01,-3.430746123194694519e-02,3.441840037703514099e-02,6.700676679611206055e-01,7.407075762748718262e-01,-2.783093452453613281e-01,8.552387356758117676e-02,1.155126616358757019e-01,2.934929728507995605e-01,1.450769975781440735e-02,-2.512448728084564209e-01,-2.983222603797912598e-01,-4.986860230565071106e-02,-4.324118047952651978e-02,2.647653818130493164e-01,-2.501470409333705902e-02,1.643753945827484131e-01,1.028503291308879852e-02,-7.160454988479614258e-04,6.163848936557769775e-02,2.983318567276000977e-01,-3.021838068962097168e-01,1.033551692962646484e+00,-3.495127707719802856e-02,-2.217496782541275024e-01,-2.752590179443359375e-01,-2.798997610807418823e-02,-2.480152249336242676e-01,4.428150951862335205e-01,1.062665224075317383e+00,-2.383285909891128540e-01,-8.115053176879882812e-02,1.069234460592269897e-01
5.151155218482017517e-02,4.366248548030853271e-01,8.654868602752685547e-01,-3.463920578360557556e-02,3.456269949674606323e-02,6.701310873031616211e-01,7.406280040740966797e-01,-2.792101502418518066e-01,8.604418486356735229e-02,1.151954010128974915e-01,2.935547828674316406e-01,1.490670163184404373e-02,-2.512429356575012207e-01,-2.985998690128326416e-01,-4.952600970864295959e-02,-4.436979070305824280e-02,2.640617191791534424e-01,-2.559430897235870361e-02,1.649923771619796753e-01,1.053107343614101410e-02,-1.110508921556174755e-03,6.173194199800491333e-02,2.983713448047637939e-01,-3.021893799304962158e-01,1.033419728279113770e+00,-3.246511518955230713e-02,-2.225074470043182373e-01,-2.753468155860900879e-01,-2.814101986587047577e-02,-2.477588355541229248e-01,4.439259469509124756e-01,1.062147855758666992e+00,-2.373519539833068848e-01,-8.396314084529876709e-02,1.080567166209220886e-01
5.176864936947822571e-02,4.364625215530395508e-01,8.654879331588745117e-01,-3.498294204473495483e-02,3.465912491083145142e-02,6.703121066093444824e-01,7.404435276985168457e-01,-2.801528275012969971e-01,8.657628297805786133e-02,1.144991666078567505e-01,2.936947643756866455e-01,1.490377075970172882e-02,-2.514721453189849854e-01,-2.988690137863159180e-01,-4.903325811028480530e-02,-4.534627124667167664e-02,2.634133696556091309e-01,-2.569045871496200562e-02,1.655218303203582764e-01,1.102770678699016571e-02,-1.400498789735138416e-03,6.165530160069465637e-02,2.987377643585205078e-01,-3.024165928363800049e-01,1.032859086990356445e+00,-3.008856624364852905e-02,-2.230826318264007568e-01,-2.757317125797271729e-01,-2.828078903257846832e-02,-2.477783858776092529e-01,4.453190565109252930e-01,1.062722921371459961e+00,-2.324495762586593628e-01,-8.588407188653945923e-02,1.088983491063117981e-01
5.204527452588081360e-02,4.363729059696197510e-01,8.654754161834716797e-01,-3.530991449952125549e-02,3.476171940565109253e-02,6.705846190452575684e-01,7.401763796806335449e-01,-2.811003625392913818e-01,8.700376003980636597e-02,1.133319512009620667e-01,2.939267456531524658e-01,1.460363902151584625e-02,-2.517285048961639404e-01,-2.992048561573028564e-01,-4.850536212325096130e-02,-4.601092264056205750e-02,2.630542516708374023e-01,-2.572412788867950439e-02,1.663482189178466797e-01,1.169365923851728439e-02,-1.559246447868645191e-03,6.118502467870712280e-02,2.991874814033508301e-01,-3.030072450637817383e-01,1.031971454620361328e+00,-2.852351032197475433e-02,-2.243688255548477173e-01,-2.761836946010589600e-01,-2.864739485085010529e-02,-2.481753379106521606e-01,4.467865228652954102e-01,1.064421892166137695e+00,-2.254043370485305786e-01,-8.591854572296142578e-02,1.080625504255294800e-01
5.239664390683174133e-02,4.364026784896850586e-01,8.654727339744567871e-01,-3.562518209218978882e-02,3.485342487692832947e-02,6.708704233169555664e-01,7.398979663848876953e-01,-2.818124592304229736e-01,8.738160878419876099e-02,1.119001358747482300e-01,2.939681708812713623e-01,1.432926114648580551e-02,-2.524398565292358398e-01,-2.994455397129058838e-01,-4.785025119781494141e-02,-4.643845558166503906e-02,2.628464400768280029e-01,-2.608796209096908569e-02,1.668403446674346924e-01,1.260934304445981979e-02,-1.509823719970881939e-03,6.074002385139465332e-02,2.997661232948303223e-01,-3.038753271102905273e-01,1.030173659324645996e+00,-2.770954184234142303e-02,-2.254780977964401245e-01,-2.760307788848876953e-01,-2.912995219230651855e-02,-2.488567233085632324e-01,4.483257234096527100e-01,1.067009806632995605e+00,-2.197566181421279907e-01,-8.482643961906433105e-02,1.062105447053909302e-01
5.273414775729179382e-02,4.365158081054687500e-01,8.654584288597106934e-01,-3.583201766014099121e-02,3.489040955901145935e-02,6.711542010307312012e-01,7.396287918090820312e-01,-2.821673452854156494e-01,8.770929276943206787e-02,1.108491271734237671e-01,2.939552664756774902e-01,1.398750487715005875e-02,-2.533522844314575195e-01,-2.995433509349822998e-01,-4.732896387577056885e-02,-4.701632633805274963e-02,2.629623711109161377e-01,-2.681795321404933929e-02,1.669574975967407227e-01,1.370561867952346802e-02,-1.427130540832877159e-03,6.080463901162147522e-02,3.005446493625640869e-01,-3.049696087837219238e-01,1.027376532554626465e+00,-2.631690353155136108e-02,-2.256043702363967896e-01,-2.752719521522521973e-01,-2.954446896910667419e-02,-2.496514618396759033e-01,4.500110447406768799e-01,1.069558024406433105e+00,-2.162948697805404663e-01,-8.336769044399261475e-02,1.053397357463836670e-01
5.293866991996765137e-02,4.364629089832305908e-01,8.654191493988037109e-01,-3.594418242573738098e-02,3.493303433060646057e-02,6.713731884956359863e-01,7.394226193428039551e-01,-2.826275527477264404e-01,8.792706578969955444e-02,1.103796958923339844e-01,2.941381037235260010e-01,1.354864891618490219e-02,-2.541088461875915527e-01,-2.999876439571380615e-01,-4.712152853608131409e-02,-4.777308553457260132e-02,2.634893655776977539e-01,-2.698936313390731812e-02,1.669086664915084839e-01,1.471630018204450607e-02,-1.385436742566525936e-03,6.116423010826110840e-02,3.012078106403350830e-01,-3.057563602924346924e-01,1.024248600006103516e+00,-2.463030070066452026e-02,-2.255201339721679688e-01,-2.748875319957733154e-01,-3.012620657682418823e-02,-2.507428526878356934e-01,4.519364535808563232e-01,1.071348905563354492e+00,-2.150665819644927979e-01,-8.148398995399475098e-02,1.071747913956642151e-01
5.301368609070777893e-02,4.361966252326965332e-01,8.653761744499206543e-01,-3.598382323980331421e-02,3.497076779603958130e-02,6.715832352638244629e-01,7.392281293869018555e-01,-2.832007110118865967e-01,8.797200769186019897e-02,1.100270971655845642e-01,2.942216992378234863e-01,1.387084368616342545e-02,-2.547610998153686523e-01,-3.005804419517517090e-01,-4.713420569896697998e-02,-4.841104894876480103e-02,2.639455795288085938e-01,-2.633905597031116486e-02,1.669282764196395874e-01,1.546407584100961685e-02,-1.319773029536008835e-03,6.160208582878112793e-02,3.017031550407409668e-01,-3.058074712753295898e-01,1.021606206893920898e+00,-2.384419925510883331e-02,-2.251432090997695923e-01,-2.757121920585632324e-01,-3.089527413249015808e-02,-2.521365582942962646e-01,4.542974829673767090e-01,1.072312116622924805e+00,-2.131530493497848511e-01,-7.900377362966537476e-02,1.100300252437591553e-01
5.306022614240646362e-02,4.359107911586761475e-01,8.653714060783386230e-01,-3.590655326843261719e-02,3.490377962589263916e-02,6.716505289077758789e-01,7.391738891601562500e-01,-2.833619713783264160e-01,8.778753131628036499e-02,1.092437878251075745e-01,2.940331995487213135e-01,1.519075874239206314e-02,-2.553323805332183838e-01,-3.007239401340484619e-01,-4.711455106735229492e-02,-4.871703684329986572e-02,2.639920711517333984e-01,-2.518719807267189026e-02,1.669845432043075562e-01,1.618801429867744446e-02,-1.231961301527917385e-03,6.227368116378784180e-02,3.021987676620483398e-01,-3.056010007858276367e-01,1.019648909568786621e+00,-2.542052045464515686e-02,-2.248799353837966919e-01,-2.771630585193634033e-01,-3.123884275555610657e-02,-2.535378038883209229e-01,4.564907848834991455e-01,1.071962714195251465e+00,-2.109518796205520630e-01,-7.765382528305053711e-02,1.119390130043029785e-01
5.316006392240524292e-02,4.356803596019744873e-01,8.653771877288818359e-01,-3.570578992366790771e-02,3.481085225939750671e-02,6.716645956039428711e-01,7.391752004623413086e-01,-2.831436693668365479e-01,8.751302212476730347e-02,1.084270998835563660e-01,2.937736511230468750e-01,1.570761762559413910e-02,-2.551556229591369629e-01,-3.007180392742156982e-01,-4.707523435354232788e-02,-4.848094657063484192e-02,2.642855942249298096e-01,-2.494033798575401306e-02,1.669071912765502930e-01,1.694820262491703033e-02,-1.319084316492080688e-03,6.315719336271286011e-02,3.026129007339477539e-01,-3.054329454898834229e-01,1.017978072166442871e+00,-2.770111896097660065e-02,-2.245609760284423828e-01,-2.779280841350555420e-01,-3.115949220955371857e-02,-2.546190619468688965e-01,4.575466215610504150e-01,1.070589184761047363e+00,-2.083510756492614746e-01,-7.768261432647705078e-02,1.120499968528747559e-01
5.336967855691909790e-02,4.355345070362091064e-01,8.653697371482849121e-01,-3.547790274024009705e-02,3.473836183547973633e-02,6.717340350151062012e-01,7.391265034675598145e-01,-2.827849090099334717e-01,8.735568821430206299e-02,1.076439842581748962e-01,2.934938967227935791e-01,1.542865950614213943e-02,-2.540304958820343018e-01,-3.006865978240966797e-01,-4.705606773495674133e-02,-4.835758358240127563e-02,2.647602558135986328e-01,-2.512306720018386841e-02,1.663400977849960327e-01,1.748447865247726440e-02,-1.524617429822683334e-03,6.380743533372879028e-02,3.030014932155609131e-01,-3.058140575885772705e-01,1.016685128211975098e+00,-2.799739502370357513e-02,-2.242602556943893433e-01,-2.772790491580963135e-01,-3.081837855279445648e-02,-2.551394402980804443e-01,4.575406312942504883e-01,1.068427562713623047e+00,-2.059664577245712280e-01,-8.048709481954574585e-02,1.111871376633644104e-01
5.358152464032173157e-02,4.354860484600067139e-01,8.653641343116760254e-01,-3.530417010188102722e-02,3.474950790405273438e-02,6.718880534172058105e-01,7.389942407608032227e-01,-2.823465168476104736e-01,8.722553402185440063e-02,1.072096154093742371e-01,2.929171919822692871e-01,1.463617570698261261e-02,-2.526898980140686035e-01,-3.006344735622406006e-01,-4.717747122049331665e-02,-4.857776686549186707e-02,2.650096714496612549e-01,-2.467144653201103210e-02,1.657336801290512085e-01,1.780246756970882416e-02,-1.816951902583241463e-03,6.411881744861602783e-02,3.031880557537078857e-01,-3.068442642688751221e-01,1.015864849090576172e+00,-2.789345942437648773e-02,-2.239373624324798584e-01,-2.774073481559753418e-01,-3.060428053140640259e-02,-2.550599277019500732e-01,4.571003317832946777e-01,1.066653609275817871e+00,-2.038902193307876587e-01,-8.389114588499069214e-02,1.095680370926856995e-01
5.374774709343910217e-02,4.355048537254333496e-01,8.653645515441894531e-01,-3.528271988034248352e-02,3.484249487519264221e-02,6.720769405364990234e-01,7.388191819190979004e-01,-2.821185290813446045e-01,8.712381124496459961e-02,1.067442297935485840e-01,2.922394275665283203e-01,1.374045852571725845e-02,-2.519167661666870117e-01,-3.005985021591186523e-01,-4.731700941920280457e-02,-4.917414486408233643e-02,2.648316621780395508e-01,-2.383079938590526581e-02,1.654337644577026367e-01,1.794259808957576752e-02,-1.957085449248552322e-03,6.418662518262863159e-02,3.030162453651428223e-01,-3.073273599147796631e-01,1.015446066856384277e+00,-2.806873619556427002e-02,-2.238352298736572266e-01,-2.788901627063751221e-01,-3.065754845738410950e-02,-2.544291317462921143e-01,4.561287164688110352e-01,1.065935611724853516e+00,-2.022676616907119751e-01,-8.654801547527313232e-02,1.086354851722717285e-01
5.382193624973297119e-02,4.354075193405151367e-01,8.653686642646789551e-01,-3.539350256323814392e-02,3.499450162053108215e-02,6.721777915954589844e-01,7.387148737907409668e-01,-2.823410928249359131e-01,8.704708516597747803e-02,1.063146218657493591e-01,2.917240858078002930e-01,1.321657933294773102e-02,-2.519646584987640381e-01,-3.007842302322387695e-01,-4.741468653082847595e-02,-4.976515471935272217e-02,2.643474340438842773e-01,-2.321645803749561310e-02,1.655545830726623535e-01,1.832685433328151703e-02,-1.973477425053715706e-03,6.408667564392089844e-02,3.025902509689331055e-01,-3.065864443778991699e-01,1.015200018882751465e+00,-2.856724336743354797e-02,-2.236147075891494751e-01,-2.813681662082672119e-01,-3.100961260497570038e-02,-2.536761760711669922e-01,4.553988277912139893e-01,1.066196918487548828e+00,-2.005497962236404419e-01,-8.708123117685317993e-02,1.084645316004753113e-01
5.364914238452911377e-02,4.352211952209472656e-01,8.653801679611206055e-01,-3.555667027831077576e-02,3.527730703353881836e-02,6.721682548522949219e-01,7.387022972106933594e-01,-2.830364108085632324e-01,8.657855540513992310e-02,1.059288308024406433e-01,2.914608120918273926e-01,1.295372750610113144e-02,-2.522056698799133301e-01,-3.014379143714904785e-01,-4.777773469686508179e-02,-5.001214146614074707e-02,2.639882862567901611e-01,-2.269590459764003754e-02,1.659966558218002319e-01,1.888330280780792236e-02,-2.239200286567211151e-03,6.380123645067214966e-02,3.021445870399475098e-01,-3.051394820213317871e-01,1.015028357505798340e+00,-3.006921336054801941e-02,-2.225326150655746460e-01,-2.834084033966064453e-01,-3.162559866905212402e-02,-2.532232999801635742e-01,4.559140503406524658e-01,1.066570401191711426e+00,-1.980571746826171875e-01,-8.614294975996017456e-02,1.090715080499649048e-01
5.327159538865089417e-02,4.349612295627593994e-01,8.653852343559265137e-01,-3.576444089412689209e-02,3.561327233910560608e-02,6.721760630607604980e-01,7.386690378189086914e-01,-2.841721475124359131e-01,8.584799617528915405e-02,1.054329946637153625e-01,2.914523184299468994e-01,1.346941851079463959e-02,-2.523006498813629150e-01,-3.023147881031036377e-01,-4.833214357495307922e-02,-5.007110536098480225e-02,2.636254131793975830e-01,-2.219512127339839935e-02,1.669570207595825195e-01,1.956406421959400177e-02,-2.523159841075539589e-03,6.313688308000564575e-02,3.016837537288665771e-01,-3.037739694118499756e-01,1.014809012413024902e+00,-3.102776221930980682e-02,-2.207708209753036499e-01,-2.849081158638000488e-01,-3.231374546885490417e-02,-2.531175315380096436e-01,4.572886228561401367e-01,1.067139983177185059e+00,-1.959811896085739136e-01,-8.415859937667846680e-02,1.095424145460128784e-01
5.276931077241897583e-02,4.346563518047332764e-01,8.653827309608459473e-01,-3.603498265147209167e-02,3.596629574894905090e-02,6.723009347915649414e-01,7.385251522064208984e-01,-2.856019139289855957e-01,8.503842353820800781e-02,1.048919484019279480e-01,2.914348542690277100e-01,1.474031526595354080e-02,-2.517116963863372803e-01,-3.031252920627593994e-01,-4.903972521424293518e-02,-5.045511946082115173e-02,2.629330158233642578e-01,-2.190005220472812653e-02,1.682888716459274292e-01,2.013065479695796967e-02,-2.599453553557395935e-03,6.194861605763435364e-02,3.012538254261016846e-01,-3.031023740768432617e-01,1.014697670936584473e+00,-3.177701309323310852e-02,-2.188129574060440063e-01,-2.851687967777252197e-01,-3.274362161755561829e-02,-2.531545758247375488e-01,4.588761329650878906e-01,1.067832350730895996e+00,-1.939024180173873901e-01,-8.189074695110321045e-02,1.095426976680755615e-01
5.245413258671760559e-02,4.343628585338592529e-01,8.653595447540283203e-01,-3.629631549119949341e-02,3.626494854688644409e-02,6.725273132324218750e-01,7.382915616035461426e-01,-2.870014011859893799e-01,8.451515436172485352e-02,1.042488142848014832e-01,2.916120588779449463e-01,1.485391892492771149e-02,-2.507558763027191162e-01,-3.039817214012145996e-01,-4.962075501680374146e-02,-5.128020420670509338e-02,2.625880241394042969e-01,-2.144112065434455872e-02,1.691913008689880371e-01,2.032345719635486603e-02,-2.311323070898652077e-03,6.048463657498359680e-02,3.008900880813598633e-01,-3.035997450351715088e-01,1.014721155166625977e+00,-3.236376494169235229e-02,-2.172838449478149414e-01,-2.839666604995727539e-01,-3.280593454837799072e-02,-2.535466849803924561e-01,4.607592225074768066e-01,1.068434953689575195e+00,-1.923573911190032959e-01,-8.183928579092025757e-02,1.095742061734199524e-01
5.244749039411544800e-02,4.340654313564300537e-01,8.653237819671630859e-01,-3.653812035918235779e-02,3.651612997055053711e-02,6.728235483169555664e-01,7.379972934722900391e-01,-2.882979810237884521e-01,8.438408374786376953e-02,1.034090742468833923e-01,2.918307781219482422e-01,1.433093938976526260e-02,-2.498776614665985107e-01,-3.049995899200439453e-01,-4.990215972065925598e-02,-5.236473679542541504e-02,2.627609968185424805e-01,-2.070113644003868103e-02,1.692837178707122803e-01,2.025424316525459290e-02,-1.747081638313829899e-03,5.925767868757247925e-02,3.003663420677185059e-01,-3.046139776706695557e-01,1.014681100845336914e+00,-3.313717618584632874e-02,-2.167656272649765015e-01,-2.819062173366546631e-01,-3.251939266920089722e-02,-2.542461454868316650e-01,4.628473818302154541e-01,1.068781495094299316e+00,-1.924355775117874146e-01,-8.308199048042297363e-02,1.089576110243797302e-01
5.267319083213806152e-02,4.337963163852691650e-01,8.652675747871398926e-01,-3.683234006166458130e-02,3.669724240899085999e-02,6.731866002082824707e-01,7.376425266265869141e-01,-2.896089255809783936e-01,8.470647782087326050e-02,1.024312451481819153e-01,2.921442985534667969e-01,1.394933369010686874e-02,-2.496786415576934814e-01,-3.060665726661682129e-01,-4.973516613245010376e-02,-5.320067703723907471e-02,2.632213830947875977e-01,-2.044248022139072418e-02,1.686767041683197021e-01,2.033692970871925354e-02,-9.297202923335134983e-04,5.831495299935340881e-02,2.998438477516174316e-01,-3.061465322971343994e-01,1.014573931694030762e+00,-3.289567679166793823e-02,-2.165382951498031616e-01,-2.808008193969726562e-01,-3.199815750122070312e-02,-2.548809349536895752e-01,4.644626080989837646e-01,1.068868517875671387e+00,-1.928818374872207642e-01,-8.346421271562576294e-02,1.064380258321762085e-01
5.275255069136619568e-02,4.333840310573577881e-01,8.651952147483825684e-01,-3.715325146913528442e-02,3.677537664771080017e-02,6.735617518424987793e-01,7.372799515724182129e-01,-2.911418080329895020e-01,8.514112234115600586e-02,1.018341630697250366e-01,2.926700115203857422e-01,1.438633538782596588e-02,-2.503759264945983887e-01,-3.070826530456542969e-01,-4.947020485997200012e-02,-5.383010953664779663e-02,2.634377479553222656e-01,-2.012382261455059052e-02,1.679266840219497681e-01,2.072537504136562347e-02,1.573443587403744459e-04,5.759134516119956970e-02,2.995481491088867188e-01,-3.085735142230987549e-01,1.014139890670776367e+00,-3.236125409603118896e-02,-2.167280018329620361e-01,-2.806097269058227539e-01,-3.131258115172386169e-02,-2.556117177009582520e-01,4.662309587001800537e-01,1.068629145622253418e+00,-1.934048831462860107e-01,-8.334244042634963989e-02,1.032354682683944702e-01
5.256265401840209961e-02,4.327798783779144287e-01,8.651314973831176758e-01,-3.749929741024971008e-02,3.685943409800529480e-02,6.738328337669372559e-01,7.370105385780334473e-01,-2.930701971054077148e-01,8.534448593854904175e-02,1.014995649456977844e-01,2.935281395912170410e-01,1.484487857669591904e-02,-2.511093616485595703e-01,-3.082939088344573975e-01,-4.931334033608436584e-02,-5.410187691450119019e-02,2.634163498878479004e-01,-1.964498870074748993e-02,1.674425005912780762e-01,2.120113745331764221e-02,1.335969311185181141e-03,5.707303807139396667e-02,2.994380295276641846e-01,-3.112288713455200195e-01,1.013053297996520996e+00,-3.358050808310508728e-02,-2.179591208696365356e-01,-2.816141843795776367e-01,-3.052395954728126526e-02,-2.563187479972839355e-01,4.671250581741333008e-01,1.068039059638977051e+00,-1.940733045339584351e-01,-8.336407691240310669e-02,1.008219271898269653e-01
5.207704007625579834e-02,4.319602847099304199e-01,8.650796413421630859e-01,-3.781464695930480957e-02,3.694820031523704529e-02,6.738920807838439941e-01,7.369357943534851074e-01,-2.953064143657684326e-01,8.521748334169387817e-02,1.013699546456336975e-01,2.947959303855895996e-01,1.487838942557573318e-02,-2.511870861053466797e-01,-3.097559511661529541e-01,-4.938716441392898560e-02,-5.412008240818977356e-02,2.632128298282623291e-01,-1.822327636182308197e-02,1.670023947954177856e-01,2.181359007954597473e-02,2.537227002903819084e-03,5.703865736722946167e-02,2.995436191558837891e-01,-3.140033483505249023e-01,1.011196613311767578e+00,-3.635881468653678894e-02,-2.192251980304718018e-01,-2.814889550209045410e-01,-2.985168434679508209e-02,-2.570238113403320312e-01,4.677245914936065674e-01,1.067291140556335449e+00,-1.941096931695938110e-01,-8.398243039846420288e-02,9.924185276031494141e-02
5.151112005114555359e-02,4.310824573040008545e-01,8.650337457656860352e-01,-3.807826340198516846e-02,3.704719617962837219e-02,6.737896800041198730e-01,7.370108962059020996e-01,-2.975564897060394287e-01,8.502630889415740967e-02,1.017798259854316711e-01,2.962208390235900879e-01,1.517727505415678024e-02,-2.508399486541748047e-01,-3.114407062530517578e-01,-4.956827685236930847e-02,-5.397403985261917114e-02,2.632241845130920410e-01,-1.612894609570503235e-02,1.663887947797775269e-01,2.260025404393672943e-02,3.634579945355653763e-03,5.741764232516288757e-02,2.998009324073791504e-01,-3.162850737571716309e-01,1.008835315704345703e+00,-3.890644013881683350e-02,-2.206597328186035156e-01,-2.802334129810333252e-01,-2.957000210881233215e-02,-2.577822208404541016e-01,4.690868854522705078e-01,1.066473364830017090e+00,-1.930683851242065430e-01,-8.406177163124084473e-02,9.790852665901184082e-02
5.105530098080635071e-02,4.302254915237426758e-01,8.649970889091491699e-01,-3.826386108994483948e-02,3.717910498380661011e-02,6.734786033630371094e-01,7.372789382934570312e-01,-2.994797825813293457e-01,8.483299612998962402e-02,1.022487208247184753e-01,2.973355054855346680e-01,1.588753610849380493e-02,-2.503857314586639404e-01,-3.131350278854370117e-01,-4.973926395177841187e-02,-5.372590944170951843e-02,2.632545530796051025e-01,-1.393900066614151001e-02,1.659565716981887817e-01,2.316485345363616943e-02,4.501513205468654633e-03,5.774762853980064392e-02,3.002167642116546631e-01,-3.188362717628479004e-01,1.006676197052001953e+00,-4.021521657705307007e-02,-2.218273431062698364e-01,-2.784856557846069336e-01,-2.969843521714210510e-02,-2.584048509597778320e-01,4.710396528244018555e-01,1.065565347671508789e+00,-1.910247355699539185e-01,-8.429381996393203735e-02,9.700645506381988525e-02
5.069309473037719727e-02,4.294219017028808594e-01,8.649557828903198242e-01,-3.835622966289520264e-02,3.735038638114929199e-02,6.731145381927490234e-01,7.375978231430053711e-01,-3.011266887187957764e-01,8.447921276092529297e-02,1.021827608346939087e-01,2.981859743595123291e-01,1.622862182557582855e-02,-2.497176527976989746e-01,-3.147518932819366455e-01,-4.986879974603652954e-02,-5.298494920134544373e-02,2.633138298988342285e-01,-1.248592697083950043e-02,1.661370843648910522e-01,2.340757474303245544e-02,4.985833540558815002e-03,5.802345275878906250e-02,3.007137477397918701e-01,-3.211041092872619629e-01,1.004882574081420898e+00,-3.952530771493911743e-02,-2.218319475650787354e-01,-2.765395343303680420e-01,-2.984820492565631866e-02,-2.589472532272338867e-01,4.723657965660095215e-01,1.064138531684875488e+00,-1.893107742071151733e-01,-8.442606776952743530e-02,9.680055081844329834e-02
5.039532110095024109e-02,4.287436306476593018e-01,8.649213910102844238e-01,-3.836235404014587402e-02,3.748513013124465942e-02,6.728973984718322754e-01,7.377887964248657227e-01,-3.023902177810668945e-01,8.402071893215179443e-02,1.016129106283187866e-01,2.989238798618316650e-01,1.501681376248598099e-02,-2.489191889762878418e-01,-3.160591721534729004e-01,-4.995292425155639648e-02,-5.188349634408950806e-02,2.635871171951293945e-01,-1.258421223610639572e-02,1.663737744092941284e-01,2.313148230314254761e-02,5.136308725923299789e-03,5.844024941325187683e-02,3.011234700679779053e-01,-3.223745822906494141e-01,1.003612399101257324e+00,-3.660914301872253418e-02,-2.204975485801696777e-01,-2.740283310413360596e-01,-2.983588166534900665e-02,-2.594704031944274902e-01,4.719180166721343994e-01,1.061986446380615234e+00,-1.895342767238616943e-01,-8.546387404203414917e-02,9.676660597324371338e-02
5.007948353886604309e-02,4.281302392482757568e-01,8.648833036422729492e-01,-3.832671046257019043e-02,3.750265389680862427e-02,6.729700565338134766e-01,7.377234697341918945e-01,-3.035546243190765381e-01,8.343848586082458496e-02,1.001700013875961304e-01,2.999379932880401611e-01,1.170578133314847946e-02,-2.481289505958557129e-01,-3.169827759265899658e-01,-4.989969730377197266e-02,-5.003974214196205139e-02,2.640810012817382812e-01,-1.477216929197311401e-02,1.664520353078842163e-01,2.247597090899944305e-02,5.408454686403274536e-03,5.914536863565444946e-02,3.009984791278839111e-01,-3.219635486602783203e-01,1.003176808357238770e+00,-3.533601015806198120e-02,-2.183057814836502075e-01,-2.720445394515991211e-01,-2.934155426919460297e-02,-2.605534493923187256e-01,4.701916873455047607e-01,1.058775663375854492e+00,-1.905588358640670776e-01,-8.775465935468673706e-02,9.754857420921325684e-02
