0.06469509,0.81039244,0.09813451,-0.4541801,-0.5201621,-0.399376,0.6030347,-0.0977806,-0.10889957,1.0350465,0.47647843,0.78379005,-0.5236,-0.011372385,-0.31334293,0.6357422,0.12739216,0.94056016,0.15577368,-0.052059315,0.008648725,0.18642715,0.35747918,-0.34758535,-0.21911915,0.3691633,-0.8065284,0.0,0.29913723,-0.36480626,0.066742994,1.1913723,-0.3982408,0.123676404,0.0
0.06421586,0.81049263,0.098319255,-0.45383015,-0.5206258,-0.40013778,0.6023926,-0.09753587,-0.10836963,1.0351297,0.47568664,0.78378767,-0.5236,-0.013748988,-0.3123622,0.6340813,0.13156494,0.9353206,0.16235518,-0.050038334,0.0086938115,0.18753576,0.3594063,-0.35602993,-0.21396321,0.36936066,-0.7944391,0.0,0.30550516,-0.36602414,0.06619763,1.1808242,-0.3981287,0.12631801,0.0
0.06378092,0.81063163,0.09851581,-0.45372713,-0.521027,-0.40101543,0.60153913,-0.09699867,-0.10735754,1.0349677,0.4747819,0.78373367,-0.5236,-0.013514374,-0.312223,0.63219047,0.13044867,0.9319801,0.16930279,-0.04751172,0.009458315,0.18790954,0.3607165,-0.36656976,-0.21017478,0.36895368,-0.78924865,0.0,0.31112346,-0.36680236,0.06526099,1.1747493,-0.3976949,0.12872934,0.0
0.063341625,0.8107621,0.09871059,-0.45366594,-0.5214126,-0.40171942,0.60078096,-0.09643893,-0.106668115,1.0343077,0.47381696,0.7836957,-0.5236,-0.012902991,-0.31245452,0.6291671,0.12869713,0.9309195,0.17459916,-0.045376074,0.010033243,0.18785082,0.3612006,-0.3762816,-0.20705633,0.36880788,-0.7852028,0.0,0.31480312,-0.3669274,0.064283475,1.1713064,-0.39772114,0.13044474,0.0
0.06286377,0.81087947,0.098899685,-0.45360336,-0.52181023,-0.40240952,0.60002065,-0.095920205,-0.10597611,1.0335768,0.47287613,0.78403836,-0.5236,-0.01260253,-0.3124079,0.62600243,0.12761243,0.92997867,0.17862795,-0.04337971,0.010636696,0.18767437,0.36119953,-0.38381588,-0.20457421,0.36940125,-0.78185874,0.0,0.31696337,-0.36663276,0.06355741,1.1694956,-0.3985293,0.13151814,0.0
0.062368147,0.81101346,0.0991045,-0.45364416,-0.52218497,-0.40305945,0.5992271,-0.09539453,-0.10508756,1.0326339,0.47204447,0.7848743,-0.5236,-0.011220033,-0.31272754,0.6221626,0.12431177,0.93135554,0.1810749,-0.041646693,0.011448753,0.18756601,0.36100203,-0.3886525,-0.20305498,0.37061077,-0.77938396,0.0,0.31816155,-0.36618444,0.063258134,1.1687229,-0.39978975,0.13208908,0.0
0.061892204,0.81112456,0.09931748,-0.45348182,-0.5226346,-0.4036875,0.5985347,-0.0950709,-0.10470788,1.0316877,0.47099197,0.7860036,-0.5236,-0.012135472,-0.31202063,0.6188709,0.1257053,0.9299154,0.18194906,-0.04001008,0.011687398,0.18756866,0.36074287,-0.3919627,-0.20203614,0.37226275,-0.77711815,0.0,0.3189873,-0.36563584,0.063199535,1.1683166,-0.4012752,0.13248295,0.0
0.06138477,0.8112559,0.0996166,-0.4534163,-0.5230705,-0.4041948,0.5978609,-0.09460805,-0.10419214,1.0308512,0.47034478,0.7864128,-0.5236,-0.010704717,-0.3124582,0.6160933,0.122517414,0.9318417,0.18286009,-0.038805373,0.012120438,0.1875679,0.36064962,-0.39305383,-0.20177473,0.37295526,-0.7762095,0.0,0.31929523,-0.36537847,0.06334904,1.1682081,-0.40185383,0.13261507,0.0
0.06087843,0.8113928,0.09990448,-0.45329645,-0.5234712,-0.40505308,0.5970196,-0.09417358,-0.103756465,1.0298023,0.46858656,0.78818,-0.5236,-0.011602358,-0.31161207,0.61161333,0.12320213,0.92916435,0.18290378,-0.036968242,0.012799442,0.1879643,0.3602362,-0.39622667,-0.20099469,0.3763064,-0.77296305,0.0,0.3200483,-0.36449412,0.06356919,1.1678818,-0.4039767,0.1329182,0.0
0.06037226,0.811438,0.10010741,-0.45324227,-0.5239166,-0.40553796,0.5963404,-0.0934682,-0.10345754,1.0289072,0.46778467,0.78823745,-0.5236,-0.010307649,-0.31196547,0.6086392,0.120380804,0.9312477,0.18358679,-0.036018956,0.013282757,0.1880931,0.3601354,-0.39714003,-0.20082949,0.37735936,-0.7718553,0.0,0.32026687,-0.36422282,0.063726455,1.1677802,-0.40445778,0.13295521,0.0
0.059922703,0.8115414,0.10029316,-0.45308307,-0.5243327,-0.40630615,0.59557235,-0.09283427,-0.10353427,1.0276325,0.46582437,0.7887868,-0.5236,-0.011555363,-0.31117535,0.6035184,0.12185313,0.92841905,0.18252668,-0.034621663,0.0137917865,0.18900217,0.35965466,-0.39971063,-0.20043366,0.3821688,-0.767909,0.0,0.3208126,-0.36340156,0.06402659,1.1674724,-0.40597263,0.13293402,0.0
0.05955835,0.81159985,0.10051571,-0.45301542,-0.524793,-0.40677378,0.5948987,-0.092033856,-0.10336063,1.0267565,0.46498272,0.78858477,-0.5236,-0.010329924,-0.31147122,0.60046977,0.11918028,0.930563,0.18299836,-0.033887748,0.014291817,0.18925297,0.35955068,-0.40039012,-0.2004083,0.3835041,-0.7666423,0.0,0.3209404,-0.36316517,0.064190514,1.1673684,-0.40629685,0.13288516,0.0
0.059195507,0.81173265,0.100853376,-0.4528933,-0.52524894,-0.4073568,0.59419006,-0.091345444,-0.10317619,1.0259972,0.46392024,0.7884551,-0.5236,-0.009520977,-0.3117006,0.5968252,0.11674008,0.9320511,0.1834888,-0.03305668,0.014816621,0.18965079,0.35946864,-0.40102243,-0.20039809,0.38511163,-0.76519775,0.0,0.3210464,-0.3628927,0.0644187,1.1672595,-0.40669522,0.13285004,0.0
0.058778517,0.8118964,0.10109398,-0.45267946,-0.52561784,-0.40815866,0.5934761,-0.0908603,-0.10309422,1.0255581,0.461989,0.7894912,-0.5236,-0.0112919435,-0.31075987,0.59175485,0.1187725,0.92803323,0.18335392,-0.032106876,0.015415741,0.19148229,0.3588235,-0.40314043,-0.2004037,0.39073256,-0.7610592,0.0,0.32099012,-0.36209112,0.064833924,1.1669979,-0.40800983,0.13271616,0.0
0.058400594,0.8119954,0.10126323,-0.45256346,-0.5260918,-0.40863243,0.5928182,-0.090222314,-0.102756925,1.0253325,0.46134812,0.7897333,-0.52357423,-0.0103000095,-0.31099778,0.58883965,0.116267435,0.9299116,0.18463367,-0.03171004,0.015959285,0.19204544,0.35863647,-0.40377355,-0.20043068,0.39192495,-0.76000875,0.0,0.32082137,-0.36185524,0.06498143,1.166917,-0.408326,0.132677,0.0
0.058024064,0.8120655,0.101401284,-0.4524018,-0.526529,-0.4092081,0.592156,-0.08959925,-0.10231354,1.0256732,0.46050167,0.7901558,-0.52206755,-0.009666791,-0.31110227,0.58536905,0.11395362,0.931101,0.18615958,-0.03124666,0.016529543,0.19273967,0.3584641,-0.4043915,-0.2004492,0.39319786,-0.75891536,0.0,0.32054165,-0.36159137,0.065147065,1.166839,-0.40873584,0.13267674,0.0
0.05769844,0.81212854,0.10153231,-0.45225346,-0.52689886,-0.40977243,0.59154975,-0.088948146,-0.10176902,1.0263581,0.45960853,0.79071754,-0.5203158,-0.0091197435,-0.31109917,0.58178943,0.11172709,0.9318461,0.1875832,-0.030796688,0.017054748,0.19354285,0.3582874,-0.40503713,-0.20048983,0.39448765,-0.75782657,0.0,0.3201767,-0.36128414,0.065320395,1.1667786,-0.4091987,0.1327146,0.0
0.057356417,0.8122237,0.10161481,-0.45211527,-0.527131,-0.4104859,0.59095365,-0.087709926,-0.10090568,1.0295427,0.45766783,0.79326385,-0.5144394,-0.011223868,-0.30942568,0.5774783,0.114845134,0.926391,0.18849951,-0.03010805,0.01762733,0.19670716,0.35714486,-0.40766454,-0.20102417,0.40058723,-0.75391656,0.0,0.31888795,-0.36022833,0.06535243,1.1670722,-0.411373,0.13294412,0.0
0.05717641,0.8122851,0.10172385,-0.45201427,-0.52744997,-0.41078424,0.59053886,-0.08716778,-0.10044754,1.0298076,0.45723024,0.7933991,-0.51390433,-0.010315983,-0.30935252,0.5750215,0.1126736,0.9281371,0.18922734,-0.02988004,0.017726906,0.19732058,0.3569627,-0.40829623,-0.20112231,0.40103877,-0.7534249,0.0,0.31860793,-0.35997668,0.06538679,1.1671382,-0.4115832,0.13299584,0.0
0.05662025,0.8123338,0.10189659,-0.45187247,-0.52774805,-0.4111329,0.59013826,-0.086624615,-0.099944204,1.0304407,0.4566863,0.79367614,-0.51326334,-0.009653724,-0.3092829,0.57199967,0.11064492,0.9293151,0.18973929,-0.029594915,0.017763125,0.1980327,0.356816,-0.40897098,-0.20121744,0.40145403,-0.7529849,0.0,0.31827357,-0.35965952,0.06544242,1.1671898,-0.4118435,0.13309051,0.0
0.056251027,0.8123873,0.10204754,-0.4517514,-0.5280082,-0.41146538,0.5897663,-0.08606382,-0.09937557,1.0313174,0.45619377,0.7940948,-0.51266766,-0.009061642,-0.3092248,0.56884265,0.10880575,0.9301793,0.18994229,-0.029395223,0.017830554,0.19878891,0.35669848,-0.40967306,-0.20135519,0.40186036,-0.75256515,0.0,0.317891,-0.3593028,0.06550275,1.1672391,-0.41213065,0.13321488,0.0
0.055981997,0.81243956,0.10218123,-0.4515506,-0.5282484,-0.4119037,0.5893989,-0.08518161,-0.09870416,1.0339662,0.45517483,0.79594684,-0.5106909,-0.011393225,-0.30792558,0.5642179,0.11280593,0.9255992,0.18728943,-0.029096704,0.017824551,0.20123105,0.35636014,-0.41194198,-0.2023716,0.40427503,-0.75063306,0.0,0.31653583,-0.3582528,0.06534492,1.1677411,-0.4136536,0.13370001,0.0
0.05573941,0.81248003,0.102314465,-0.45145598,-0.5285289,-0.412044,0.5891218,-0.08466667,-0.09825708,1.0345815,0.4551196,0.79616535,-0.51097304,-0.010425454,-0.3081003,0.5621868,0.110981144,0.92754203,0.18749456,-0.029264875,0.017770164,0.2017287,0.35630342,-0.41250265,-0.2026239,0.40449,-0.7503507,0.0,0.31622824,-0.35803294,0.06530631,1.167828,-0.4137952,0.13378711,0.0
0.055506725,0.8125157,0.10238887,-0.4513293,-0.5287907,-0.41222033,0.5888605,-0.08415122,-0.09775915,1.0355656,0.45507926,0.7965208,-0.51148754,-0.009669109,-0.30834264,0.55970925,0.10929798,0.9290405,0.18732412,-0.029412607,0.017663185,0.20231433,0.35625914,-0.41309634,-0.20292166,0.40470243,-0.75009114,0.0,0.31587178,-0.35779014,0.06527837,1.1679024,-0.41397023,0.13391134,0.0
0.055270046,0.81254125,0.102488294,-0.45121056,-0.5290231,-0.41236773,0.5886397,-0.08366198,-0.0972648,1.036622,0.45506313,0.79695207,-0.51208085,-0.008996522,-0.3085832,0.557167,0.107795276,0.9302235,0.18689042,-0.029511215,0.017578017,0.20293204,0.3562366,-0.4136896,-0.20325658,0.40493864,-0.74981874,0.0,0.3155038,-0.3575495,0.065260485,1.1679804,-0.4141842,0.13405125,0.0
0.055139974,0.81258696,0.10254719,-0.4511269,-0.5292148,-0.41247538,0.5884559,-0.08319107,-0.09676908,1.0376327,0.45511073,0.7974473,-0.51269555,-0.008320213,-0.3088178,0.5547447,0.10642499,0.93112695,0.18632446,-0.029568419,0.017512375,0.20355654,0.35623878,-0.41425928,-0.20359452,0.4051902,-0.74950826,0.0,0.3151627,-0.35733673,0.06525398,1.1680757,-0.41445413,0.13417915,0.0
0.05504053,0.81262165,0.10262214,-0.4510627,-0.5293851,-0.4125334,0.5883113,-0.08274532,-0.09627474,1.0385866,0.4552403,0.7979885,-0.5133575,-0.007619782,-0.30905047,0.5525269,0.10519267,0.9318151,0.18570575,-0.029631445,0.017455239,0.204168,0.3562635,-0.4147934,-0.20391774,0.40544727,-0.7491551,0.0,0.3148655,-0.35716087,0.06525505,1.1681887,-0.41477692,0.13427956,0.0
0.05489742,0.81263083,0.10276131,-0.45101947,-0.5295199,-0.41256955,0.5881978,-0.08234197,-0.09582208,1.0394698,0.4554066,0.7985179,-0.5140543,-0.006928671,-0.30930513,0.550512,0.10401018,0.9323567,0.18510525,-0.029715711,0.017413156,0.20475021,0.3563136,-0.41530102,-0.20424367,0.40574828,-0.7487658,0.0,0.31461337,-0.35702336,0.065256424,1.1683156,-0.4151303,0.13435519,0.0
0.054858238,0.81264436,0.1028638,-0.45100245,-0.52960926,-0.41259298,0.5881139,-0.08201091,-0.09542998,1.0402482,0.4555524,0.79896575,-0.51474005,-0.0063000503,-0.3095389,0.5486783,0.10292982,0.9328231,0.18459576,-0.029826006,0.017431395,0.20527528,0.35639128,-0.41579017,-0.2046122,0.4061664,-0.7483579,0.0,0.31440097,-0.3569222,0.06524893,1.1684477,-0.41547275,0.13442394,0.0
0.05476249,0.81262064,0.10283538,-0.4508233,-0.5296748,-0.41273206,0.5880946,-0.081964925,-0.09525863,1.0413895,0.45546922,0.7998073,-0.51619196,-0.009240812,-0.30832943,0.54681623,0.10867302,0.92744577,0.18216087,-0.029691145,0.017262816,0.2071113,0.35648665,-0.4173888,-0.20628326,0.40920576,-0.74661,0.0,0.31364977,-0.3566109,0.06488437,1.1689144,-0.4168847,0.13477744,0.0
0.05477181,0.8126329,0.10283989,-0.45087242,-0.52968824,-0.41267118,0.58808756,-0.081773154,-0.09510715,1.0416833,0.45558855,0.7998212,-0.5165489,-0.008447757,-0.30863586,0.5459871,0.107344106,0.9289618,0.1827027,-0.029915176,0.017407134,0.20736115,0.35656258,-0.41776857,-0.2067203,0.40973565,-0.74633,0.0,0.31355616,-0.35660702,0.06479213,1.1690023,-0.41694352,0.1348717,0.0
0.05480269,0.8126445,0.10281113,-0.45086798,-0.5296824,-0.41268504,0.58808655,-0.08177615,-0.09510007,1.0416957,0.45558718,0.7998213,-0.5165578,-0.008379369,-0.30864707,0.5459663,0.107208185,0.92897236,0.18270881,-0.02992817,0.017417496,0.2073624,0.35656586,-0.4177764,-0.2067284,0.40974447,-0.7463272,0.0,0.31355548,-0.35660693,0.064790465,1.1690035,-0.4169435,0.13487357,0.0
0.054918747,0.8126553,0.10280085,-0.4509109,-0.5296079,-0.41262066,0.58816594,-0.08165992,-0.094951704,1.0423552,0.45577013,0.79976153,-0.5171983,-0.007697507,-0.30906218,0.54463845,0.1059105,0.9299216,0.1835847,-0.030150993,0.017649638,0.20745903,0.3567417,-0.4182311,-0.20743605,0.41093564,-0.74602944,0.0,0.3135349,-0.3566846,0.064700045,1.1690967,-0.41695336,0.13500923,0.0
0.055052314,0.8126723,0.10281552,-0.45102227,-0.5294976,-0.41251096,0.5882568,-0.08152585,-0.09481311,1.0426216,0.45594066,0.7996619,-0.517519,-0.0068703024,-0.30939025,0.5435869,0.10464553,0.9305622,0.18437955,-0.030231837,0.017846793,0.20752706,0.35693353,-0.4187124,-0.2080921,0.41221863,-0.74575764,0.0,0.31359637,-0.3567882,0.06461155,1.1692009,-0.4169764,0.13509312,0.0
0.055119216,0.81268007,0.10286045,-0.4511957,-0.5293584,-0.41235173,0.5883608,-0.0813522,-0.094701715,1.0426693,0.4561152,0.7995272,-0.51756775,-0.005934923,-0.30965576,0.5426758,0.103506476,0.9310197,0.18519628,-0.030260263,0.01808049,0.20753038,0.3571491,-0.41921958,-0.20867066,0.41356975,-0.7455167,0.0,0.31376234,-0.35690635,0.06451896,1.1693261,-0.41701168,0.1351017,0.0
0.055230904,0.81266534,0.10287318,-0.45140824,-0.52919424,-0.41215283,0.58848464,-0.081176,-0.094615154,1.0425906,0.45630172,0.79936886,-0.5174117,-0.004994361,-0.30987018,0.54183865,0.10254105,0.9313479,0.18603948,-0.030294675,0.018341728,0.20747474,0.3573782,-0.4197473,-0.20916428,0.41496244,-0.7453092,0.0,0.31402043,-0.35703012,0.06442348,1.1694599,-0.41706088,0.1350406,0.0
0.05532566,0.8126373,0.10290392,-0.4516221,-0.5290096,-0.4119451,0.5886321,-0.08106558,-0.09459374,1.042458,0.45649034,0.7991941,-0.51714236,-0.004149874,-0.3101096,0.54103667,0.101676464,0.9315838,0.18684791,-0.030382808,0.018578064,0.20739253,0.357605,-0.42029288,-0.20959164,0.41638848,-0.74513274,0.0,0.31433606,-0.35716122,0.06432917,1.1695799,-0.41712713,0.13493814,0.0
0.055451047,0.8126174,0.10287746,-0.45181578,-0.5288023,-0.41172975,0.58882034,-0.0810554,-0.09467638,1.0422889,0.45667014,0.79899776,-0.5168291,-0.0034373675,-0.31042075,0.5402443,0.1008567,0.9317627,0.18753816,-0.030526709,0.018775856,0.20731,0.3578239,-0.42085475,-0.20998777,0.4178887,-0.7449877,0.0,0.31467488,-0.3573089,0.06424622,1.1696663,-0.41723123,0.13483216,0.0
0.05564145,0.8125895,0.10279103,-0.45199934,-0.528569,-0.41150475,0.5890462,-0.08113041,-0.09487563,1.042069,0.45682684,0.7987778,-0.516485,-0.0028303133,-0.31080508,0.5394542,0.10009671,0.9319209,0.18808272,-0.03069228,0.018930582,0.20723353,0.35803127,-0.42142642,-0.21037161,0.4194817,-0.74487203,0.0,0.31502035,-0.35747382,0.06417947,1.1697141,-0.4173832,0.13474241,0.0
0.055888217,0.81257445,0.10269515,-0.4520171,-0.5282676,-0.41122293,0.5894995,-0.0816439,-0.0955584,1.0416912,0.45691934,0.79815793,-0.5155821,-0.005879308,-0.30980235,0.5393372,0.10677181,0.92541236,0.1884107,-0.030974308,0.018480504,0.20792253,0.35749844,-0.4234096,-0.211472,0.42667127,-0.74408466,0.0,0.31582925,-0.35771972,0.06379239,1.1694221,-0.4180472,0.13449484,0.0
0.05609415,0.8125528,0.10268281,-0.4522133,-0.52810085,-0.4109963,0.5896566,-0.08157121,-0.09570406,1.0415428,0.45705232,0.79810685,-0.51537794,-0.0049993084,-0.31021607,0.53884995,0.10557824,0.9269313,0.18899973,-0.030990802,0.018708276,0.2079639,0.35747248,-0.42384034,-0.21159925,0.42724627,-0.7439617,0.0,0.31607696,-0.35782677,0.06369745,1.1694096,-0.4181046,0.13445687,0.0
0.056235306,0.8125319,0.10267612,-0.45239288,-0.52788955,-0.4107679,0.58986706,-0.08163742,-0.09588324,1.041364,0.45716247,0.7980802,-0.5149948,-0.0042757867,-0.31064978,0.5382596,0.10455206,0.92799336,0.18962647,-0.03108453,0.018815672,0.20796123,0.3574674,-0.42422414,-0.21166076,0.42779094,-0.74385864,0.0,0.31639782,-0.35795557,0.06358308,1.1694185,-0.4181164,0.13438383,0.0
0.056429617,0.8124891,0.102643654,-0.4525823,-0.5276426,-0.41053408,0.5901054,-0.081744395,-0.096040525,1.0411544,0.45725542,0.798103,-0.5144471,-0.0035859449,-0.31105942,0.5376477,0.10354195,0.92880565,0.1903162,-0.031245617,0.018899255,0.20792924,0.35745096,-0.42456138,-0.21163654,0.42819095,-0.7437661,0.0,0.3167761,-0.35809302,0.06343686,1.1694309,-0.4180482,0.1342618,0.0
0.056541696,0.81245714,0.102622375,-0.45278233,-0.5273782,-0.41028953,0.5903584,-0.0818723,-0.0961994,1.0409261,0.45733005,0.79815584,-0.5138008,-0.0029363274,-0.31144786,0.53706473,0.10262734,0.929475,0.19103163,-0.03144025,0.018982066,0.20787852,0.3574168,-0.4248383,-0.21151078,0.4283991,-0.74367744,0.0,0.3171958,-0.35822794,0.063269965,1.1694313,-0.41791266,0.13409661,0.0
0.056723066,0.8124469,0.10257624,-0.45297626,-0.5271076,-0.41005006,0.5906176,-0.082025394,-0.09635543,1.040663,0.45739934,0.7982015,-0.5131518,-0.0023371957,-0.3118175,0.53653485,0.1017596,0.93002635,0.1916962,-0.031649098,0.019088387,0.20781703,0.35737476,-0.42504537,-0.21127486,0.42842638,-0.7435858,0.0,0.31764352,-0.35836273,0.06310232,1.1694056,-0.41775268,0.13390492,0.0
0.056899056,0.8124382,0.10246124,-0.45315918,-0.5268282,-0.40981314,0.59089094,-0.08221308,-0.0965323,1.0403405,0.4574653,0.7981883,-0.51258576,-0.001795435,-0.31218946,0.53607947,0.10092146,0.9304724,0.19222772,-0.031827416,0.019208161,0.20775725,0.35733268,-0.42516965,-0.21091944,0.42827263,-0.74348164,0.0,0.31811965,-0.35850507,0.06295898,1.1693447,-0.41761863,0.13370717,0.0
0.05705648,0.8124346,0.10239244,-0.45322323,-0.5267316,-0.4098088,0.590931,-0.08226452,-0.096555546,1.0403491,0.45746902,0.798187,-0.512569,-0.0016434962,-0.31231204,0.5360845,0.10048311,0.9304885,0.19222024,-0.031748485,0.019254923,0.20776436,0.35732955,-0.4251665,-0.21088703,0.428258,-0.74347454,0.0,0.31815434,-0.35851794,0.062957756,1.1693436,-0.41762072,0.13370037,0.0
0.05724614,0.8124127,0.10232421,-0.45341933,-0.5263273,-0.4094795,0.5913689,-0.08269663,-0.09684757,1.0398316,0.45759618,0.79804724,-0.5120617,-0.001191855,-0.31278053,0.53570116,0.09971826,0.93089575,0.19264403,-0.03183704,0.019493897,0.20776851,0.35728374,-0.4250998,-0.21019699,0.42764527,-0.7433284,0.0,0.31876072,-0.35870743,0.06285446,1.1692492,-0.41753653,0.13348714,0.0
0.05734429,0.8123951,0.10226093,-0.45337623,-0.5260558,-0.40922096,0.59182227,-0.08339569,-0.09759764,1.039131,0.45760825,0.79761165,-0.51145244,-0.0043679294,-0.31182092,0.536354,0.10628845,0.92510325,0.19277324,-0.03220399,0.01919806,0.2067528,0.3575336,-0.42466176,-0.20785706,0.4243544,-0.74283797,0.0,0.3202941,-0.35909155,0.06259744,1.1683062,-0.4169841,0.13263209,0.0
0.057428915,0.81239194,0.10222225,-0.45343378,-0.5259881,-0.40922987,0.5918322,-0.08346623,-0.09762795,1.039163,0.45760596,0.7976114,-0.51145643,-0.0042013703,-0.31199524,0.5363669,0.10575228,0.9251866,0.19277483,-0.032171793,0.019269332,0.20675334,0.35753518,-0.42464724,-0.20782381,0.42434046,-0.7428347,0.0,0.320307,-0.35909697,0.06259358,1.1682976,-0.41698313,0.13262661,0.0
0.057778127,0.8123585,0.102045015,-0.45354584,-0.52575743,-0.40902165,0.59209514,-0.08379495,-0.0979184,1.0390787,0.45774215,0.7976052,-0.5114078,-0.0037881092,-0.31261086,0.5362994,0.10469553,0.92683476,0.19330965,-0.03240589,0.019639837,0.20672792,0.35748643,-0.4244002,-0.20704573,0.42371368,-0.74278605,0.0,0.3205019,-0.35925078,0.062425297,1.1681198,-0.41681933,0.13242342,0.0
0.05786501,0.8123397,0.10203841,-0.4535904,-0.52569395,-0.40904164,0.59210366,-0.08390146,-0.09796207,1.0391142,0.45774224,0.7976082,-0.51141113,-0.003676762,-0.31280154,0.53631693,0.10417249,0.926895,0.19330847,-0.032412484,0.01970216,0.20674144,0.35748038,-0.4243743,-0.20699033,0.42368278,-0.74278367,0.0,0.3205091,-0.3592605,0.062410533,1.1681112,-0.41681162,0.13241385,0.0
0.0579374,0.81232923,0.10187175,-0.45360485,-0.525473,-0.40884668,0.59242326,-0.08437443,-0.098347284,1.0389706,0.4578291,0.79761744,-0.5113898,-0.0034334245,-0.3134829,0.536272,0.10316174,0.928225,0.19377516,-0.03274755,0.019800393,0.2068374,0.35736018,-0.4239192,-0.20582002,0.4225816,-0.74269736,0.0,0.32059285,-0.35942417,0.062149644,1.1679206,-0.4165327,0.13215718,0.0
0.057859663,0.8123349,0.10202561,-0.45366186,-0.5253089,-0.40865946,0.59265417,-0.084595256,-0.09856926,1.0386907,0.45787045,0.79763746,-0.5113757,-0.0029587846,-0.3139569,0.5361266,0.10213094,0.92923975,0.1941295,-0.032990295,0.019572256,0.20689031,0.3572513,-0.42337614,-0.20456001,0.4212809,-0.7425976,0.0,0.32070366,-0.35950327,0.061904877,1.1677734,-0.41625988,0.13194276,0.0
0.058129545,0.8123336,0.1018415,-0.4537978,-0.5251572,-0.40841657,0.59285206,-0.08464386,-0.09861756,1.0382997,0.45795086,0.7977031,-0.5113632,-0.0022857795,-0.31423455,0.53588,0.101241946,0.93003917,0.19440924,-0.033244908,0.019265758,0.20693511,0.3571817,-0.4227627,-0.20317441,0.41975918,-0.74250466,0.0,0.32086727,-0.35947928,0.061683502,1.1676823,-0.41598698,0.13177972,0.0
0.058219943,0.81233305,0.10178674,-0.45394018,-0.5250226,-0.40816817,0.59303325,-0.084645115,-0.09867906,1.0378553,0.45802146,0.7977629,-0.51135516,-0.0015975214,-0.3144922,0.53556347,0.10042318,0.93069124,0.19460057,-0.033536036,0.018936852,0.2069803,0.35714138,-0.42207977,-0.201665,0.41800642,-0.74241203,0.0,0.32105353,-0.35937664,0.061481357,1.1676239,-0.41572383,0.13165389,0.0
0.05799182,0.81232905,0.101849645,-0.45385802,-0.525007,-0.4079071,0.59328955,-0.08480537,-0.099532075,1.037117,0.45758575,0.797916,-0.5117125,-0.004296942,-0.3135483,0.5361159,0.10661025,0.9254842,0.19408365,-0.03395944,0.018249398,0.20522358,0.3581243,-0.41970554,-0.1967718,0.40920323,-0.7423548,0.0,0.3215764,-0.35908598,0.061117772,1.1672982,-0.41500303,0.13118662,0.0
0.058238532,0.8123542,0.10164362,-0.45394367,-0.5249799,-0.40782547,0.59330416,-0.08472991,-0.09969845,1.0369278,0.45748696,0.797792,-0.5117766,-0.0036439614,-0.3139222,0.53586715,0.10538034,0.92699564,0.19432758,-0.03410162,0.018409273,0.20512871,0.3581307,-0.41915688,-0.19577351,0.40816757,-0.7423746,0.0,0.32159078,-0.35906008,0.061003014,1.1672506,-0.41500083,0.13112594,0.0
0.0581913,0.8123882,0.10172392,-0.45389354,-0.52498627,-0.4078639,0.5933105,-0.0848393,-0.100126676,1.036767,0.4571906,0.7975308,-0.5119485,-0.0033131249,-0.3144823,0.53563136,0.10410083,0.9280647,0.19427352,-0.03421948,0.01858773,0.20520067,0.3580097,-0.41851917,-0.19458374,0.40670216,-0.74231374,0.0,0.3214909,-0.35909408,0.060864728,1.1671964,-0.41503543,0.13107993,0.0
0.058376286,0.81242234,0.1015653,-0.45379913,-0.5250245,-0.40794313,0.59329426,-0.08497699,-0.10060874,1.0365951,0.4567832,0.7972355,-0.51215285,-0.003094085,-0.3150147,0.5353916,0.102915436,0.9289024,0.19400114,-0.03427658,0.018802065,0.20538104,0.3577958,-0.41780025,-0.19326101,0.4049062,-0.7421815,0.0,0.32129425,-0.35917667,0.060711134,1.1671427,-0.41510984,0.13105756,0.0
0.05842951,0.8124443,0.10148695,-0.45381278,-0.52501583,-0.40797317,0.5932709,-0.084998176,-0.10065691,1.0365912,0.4567746,0.7972251,-0.51215076,-0.003035861,-0.31506473,0.53538114,0.10265124,0.92891586,0.1939843,-0.034298703,0.018821413,0.20540333,0.3577797,-0.41776872,-0.19321246,0.40486008,-0.7421766,0.0,0.32128528,-0.35917795,0.06070361,1.1671407,-0.41510987,0.13105768,0.0
0.058364276,0.812503,0.10145054,-0.4536683,-0.5250683,-0.40807337,0.5932661,-0.08523354,-0.101203784,1.0361825,0.45618877,0.79706275,-0.5119348,-0.0029105253,-0.3154772,0.5350414,0.10158302,0.9296757,0.19349295,-0.034308262,0.018843185,0.20605287,0.35739216,-0.4167979,-0.19126327,0.40208817,-0.7418898,0.0,0.3209589,-0.3592272,0.06050751,1.1670684,-0.41514316,0.13106786,0.0
0.05829838,0.81251913,0.10154453,-0.4536075,-0.52509063,-0.40809613,0.59327716,-0.08533436,-0.1015253,1.0357955,0.4557624,0.7972152,-0.5114384,-0.0025911317,-0.3157172,0.5346589,0.10059991,0.9303593,0.19304183,-0.034405023,0.018662674,0.206654,0.35705075,-0.41574922,-0.18928379,0.3992071,-0.7415911,0.0,0.3206696,-0.35921508,0.060318194,1.1670237,-0.41515738,0.13110483,0.0
0.058143467,0.8125199,0.10153017,-0.45332187,-0.5252674,-0.4080933,0.59334093,-0.08520469,-0.10264038,1.0358545,0.45433202,0.7986049,-0.5094704,-0.0057248524,-0.31462386,0.5349835,0.10693242,0.9252155,0.19101012,-0.034510583,0.018024292,0.20576258,0.35801873,-0.41223824,-0.18339367,0.38641924,-0.7410534,0.0,0.31999183,-0.35907608,0.059791546,1.1670617,-0.4156325,0.13136137,0.0
0.05817348,0.8125226,0.101591915,-0.45338568,-0.5252841,-0.4080715,0.59329236,-0.08511595,-0.10270948,1.0353369,0.454163,0.7986523,-0.5088139,-0.004895628,-0.31473875,0.53450227,0.1054821,0.9268609,0.19119182,-0.034632992,0.017952273,0.20592353,0.35801232,-0.41144308,-0.1822296,0.38517177,-0.7410698,0.0,0.31988475,-0.35899124,0.059667315,1.1670804,-0.41568327,0.13144128,0.0
0.05826172,0.81253165,0.101570435,-0.45341313,-0.52528894,-0.4080816,0.59326017,-0.08509825,-0.10289141,1.0346473,0.45387527,0.79855615,-0.5079316,-0.0042477064,-0.31484404,0.53386545,0.104244575,0.9280661,0.19105183,-0.034702737,0.017864056,0.20632091,0.35792318,-0.4106187,-0.18093361,0.3835838,-0.7410242,0.0,0.31978264,-0.35887083,0.059561417,1.1670928,-0.41574576,0.13155177,0.0
0.057985187,0.81255543,0.10165925,-0.45341033,-0.52530885,-0.4080895,0.59323925,-0.08507358,-0.10318673,1.0338482,0.45349798,0.7982727,-0.50694996,-0.003718134,-0.3149389,0.5330971,0.103252806,0.92902,0.19063617,-0.034723178,0.017735196,0.20685099,0.35779837,-0.40977302,-0.17960954,0.38181862,-0.7409172,0.0,0.31968862,-0.3587254,0.05947893,1.1671019,-0.41583383,0.13169289,0.0
0.05800081,0.81259215,0.10158477,-0.45340466,-0.5253381,-0.40813547,0.593186,-0.08507801,-0.103558995,1.0328739,0.45306757,0.7978846,-0.50567293,-0.0032638982,-0.31499803,0.53216314,0.10235188,0.9297958,0.18998596,-0.034710307,0.017655352,0.20745619,0.3576638,-0.40890446,-0.17829268,0.379966,-0.7407645,0.0,0.31960228,-0.35856396,0.0594154,1.1671096,-0.41595024,0.13185824,0.0
0.057896543,0.8126147,0.10170007,-0.4533601,-0.52540123,-0.40822217,0.59310454,-0.0851996,-0.104127415,1.0317016,0.45254815,0.7975197,-0.50373846,-0.0029525484,-0.3151012,0.53104067,0.101547174,0.9304808,0.18914698,-0.034645367,0.017633226,0.20806953,0.3575345,-0.40802717,-0.17701583,0.37809867,-0.7405854,0.0,0.31951076,-0.35842064,0.05935779,1.1671101,-0.4160894,0.13201907,0.0
0.05797613,0.8126113,0.10167615,-0.45328733,-0.52549887,-0.4083719,0.5929706,-0.085436486,-0.10488944,1.0303947,0.45191854,0.7973416,-0.50085264,-0.002796809,-0.31525216,0.52971953,0.10081526,0.93110174,0.18815233,-0.034553625,0.017725958,0.20864083,0.35741645,-0.40715733,-0.17579281,0.3762726,-0.74040437,0.0,0.31939995,-0.35831705,0.05929113,1.1670998,-0.41623703,0.13215284,0.0
0.057824295,0.81262404,0.10174046,-0.45287544,-0.5256547,-0.40849933,0.5930594,-0.08545904,-0.10697359,1.0304384,0.44954005,0.79852164,-0.49054956,-0.006663586,-0.31452787,0.527391,0.107565865,0.92508036,0.18337953,-0.034625035,0.017236194,0.20854354,0.3582115,-0.4043606,-0.17256248,0.3687042,-0.7401656,0.0,0.31886184,-0.35817295,0.05885576,1.1670516,-0.4171691,0.1324796,0.0
0.057836518,0.8125734,0.101694,-0.45284656,-0.52586186,-0.40864667,0.59279615,-0.08557284,-0.10777741,1.0290123,0.44906545,0.7985503,-0.4877375,-0.006214599,-0.31465787,0.52625334,0.1066171,0.92712474,0.18328205,-0.03437386,0.01752775,0.2087175,0.3582247,-0.40380654,-0.17197992,0.36805907,-0.7402196,0.0,0.3187913,-0.35818478,0.058759287,1.1670669,-0.41728976,0.13252924,0.0
0.05798774,0.81254506,0.10174896,-0.45274258,-0.52599466,-0.40890908,0.59257686,-0.08600521,-0.10888598,1.0269364,0.448143,0.7985638,-0.48307702,-0.0058653047,-0.31491715,0.52459896,0.10515732,0.92854923,0.18270041,-0.03399024,0.01776023,0.20902623,0.35817158,-0.40322515,-0.17129432,0.3672182,-0.7402266,0.0,0.3187351,-0.35820314,0.058672074,1.1670774,-0.41746223,0.13257717,0.0
0.058128178,0.8125212,0.101753905,-0.45268303,-0.52608514,-0.4090841,0.59242123,-0.08641256,-0.11023849,1.0243363,0.44698647,0.79840904,-0.4770462,-0.0054865796,-0.3151541,0.52245194,0.1039591,0.9297353,0.18170312,-0.033615295,0.017909437,0.20937896,0.3580831,-0.40265048,-0.17059742,0.36626947,-0.74017674,0.0,0.3187161,-0.35819626,0.058624823,1.1670803,-0.41772768,0.13263337,0.0
0.058108598,0.812495,0.10182187,-0.45266408,-0.52614856,-0.40917805,0.5923144,-0.08679855,-0.111840874,1.0212442,0.44566822,0.798042,-0.4698197,-0.005088975,-0.31541348,0.5198045,0.103014335,0.9307824,0.18034698,-0.033334605,0.01794475,0.20974201,0.35798633,-0.40208852,-0.16991471,0.3652631,-0.7400793,0.0,0.31874982,-0.35815918,0.058623333,1.1670793,-0.4181023,0.13269694,0.0
0.058017112,0.8124658,0.10197443,-0.45268613,-0.52620494,-0.40920106,0.5922316,-0.08714666,-0.11362894,1.0177932,0.44424313,0.7976223,-0.46169907,-0.004801387,-0.31560087,0.51664454,0.102617905,0.9316907,0.17876586,-0.03315589,0.017929193,0.21008925,0.35789916,-0.40157127,-0.16928755,0.3642583,-0.7399512,0.0,0.31883234,-0.35809025,0.058643673,1.1670774,-0.4185327,0.13276167,0.0
0.058045797,0.81249976,0.10217953,-0.4529735,-0.52593374,-0.40904605,0.5923599,-0.087512925,-0.11593813,1.0131971,0.4416709,0.7976515,-0.44742185,-0.0018364432,-0.31711626,0.5099182,0.096868314,0.93413234,0.17559618,-0.033954818,0.01812301,0.2105325,0.35780272,-0.40070292,-0.16838264,0.36255965,-0.7397124,0.0,0.3189717,-0.35791257,0.05859211,1.1670338,-0.41923884,0.13283622,0.0
0.05809461,0.8124687,0.102252014,-0.4532653,-0.5256196,-0.4081336,0.5930444,-0.08676404,-0.11987043,1.0102825,0.43736055,0.80038106,-0.4260295,-0.0048413165,-0.31690755,0.5000174,0.10512895,0.92886204,0.167325,-0.036530912,0.016906902,0.21057573,0.35829297,-0.39948198,-0.16745304,0.35925764,-0.7395871,0.0,0.3191128,-0.35746378,0.058024347,1.166916,-0.4205537,0.13289349,0.0
0.058174085,0.81239456,0.10238344,-0.45330846,-0.52580684,-0.4084855,0.59260297,-0.087241076,-0.1213271,1.0064307,0.4360687,0.80060136,-0.42000926,-0.0036629192,-0.31700632,0.4969749,0.10278773,0.93113637,0.16690516,-0.035750363,0.017406996,0.2107732,0.3583277,-0.39925966,-0.1673229,0.35893604,-0.73960984,0.0,0.31925485,-0.3573194,0.05781832,1.1669544,-0.4206089,0.13293287,0.0
0.058215648,0.8123879,0.102650546,-0.45368403,-0.52559704,-0.40859967,0.592423,-0.08779592,-0.12339362,1.0007423,0.43340856,0.80209726,-0.407555,-0.00046572377,-0.31798595,0.49003884,0.096631244,0.93465006,0.16532385,-0.035847902,0.018273236,0.21112703,0.35831574,-0.39905044,-0.16729897,0.35835114,-0.7395925,0.0,0.3195454,-0.3570864,0.057369,1.1670095,-0.42053208,0.13295542,0.0
0.05825921,0.8123831,0.102818236,-0.45433939,-0.5250784,-0.4078719,0.5928819,-0.086951,-0.12715828,0.9960042,0.4278153,0.80740964,-0.38724774,-0.00095586554,-0.31789342,0.47925445,0.10009198,0.93102103,0.16067843,-0.038255714,0.01822592,0.2116256,0.3585391,-0.39864075,-0.16759583,0.3568871,-0.7393003,0.0,0.32017532,-0.35668364,0.056472097,1.166816,-0.42047933,0.13281243,0.0
0.05832822,0.8122998,0.10307648,-0.45446423,-0.52530557,-0.4082351,0.59233487,-0.08714692,-0.12854856,0.99202317,0.4263399,0.8079552,-0.382274,-0.0009305563,-0.31714758,0.47587627,0.1003613,0.93282646,0.16180362,-0.037296444,0.018975109,0.21186875,0.3584726,-0.39854607,-0.16760594,0.35665995,-0.73912966,0.0,0.3204841,-0.356626,0.05632058,1.16685,-0.42050532,0.13281335,0.0
0.05843705,0.8122865,0.10333825,-0.45504048,-0.5249127,-0.40865043,0.59195423,-0.087693535,-0.13036297,0.98514086,0.422551,0.8105703,-0.3710203,0.0021636907,-0.3171794,0.46846005,0.09395361,0.9346373,0.16484633,-0.037054468,0.020888105,0.21230851,0.35823843,-0.3983402,-0.16774912,0.3561179,-0.7385494,0.0,0.32121944,-0.35655588,0.055991124,1.1668135,-0.42035282,0.1327032,0.0
0.058453582,0.81228036,0.103540726,-0.45597148,-0.52415055,-0.40829793,0.5921564,-0.08690875,-0.13380256,0.9786118,0.41553164,0.81820226,-0.35381496,0.00037727482,-0.31515813,0.4602391,0.10003607,0.92587966,0.16876478,-0.039227232,0.022156414,0.21297091,0.35805905,-0.3980084,-0.16808644,0.35470173,-0.73723686,0.0,0.32257175,-0.35653606,0.055506397,1.1662891,-0.41972965,0.13219114,0.0
0.058493692,0.812157,0.103784114,-0.4562186,-0.5243823,-0.408842,0.5913849,-0.08688768,-0.13486947,0.9741842,0.41365686,0.81907123,-0.349009,0.0011940603,-0.31431744,0.45636624,0.09866237,0.9278303,0.17122285,-0.037898075,0.023483953,0.2133223,0.35787255,-0.39784992,-0.16803284,0.35440418,-0.7368603,0.0,0.32302764,-0.35650954,0.05538033,1.1662782,-0.41964695,0.13214432,0.0
0.05851335,0.8121168,0.10411327,-0.45656767,-0.5244214,-0.4095219,0.59060997,-0.087126985,-0.13595867,0.9685332,0.41094527,0.82088435,-0.3422704,0.0021740987,-0.31327263,0.45125216,0.09662592,0.92824733,0.17471446,-0.036514208,0.025314182,0.21385144,0.357555,-0.3976144,-0.16787672,0.35385635,-0.7362904,0.0,0.32360902,-0.35645095,0.055174775,1.166342,-0.4194733,0.13211644,0.0
0.05857065,0.81223863,0.104466535,-0.45813608,-0.5233671,-0.40954039,0.5903178,-0.08601307,-0.13800167,0.9599758,0.4031107,0.83097494,-0.32522297,0.003200099,-0.3103532,0.44286934,0.09816454,0.91818553,0.1843616,-0.038297594,0.02879054,0.21521631,0.35693786,-0.39703646,-0.16752739,0.3512301,-0.7341436,0.0,0.32527837,-0.35642743,0.054253303,1.1660799,-0.41851994,0.13170752,0.0
0.05855293,0.81218123,0.10480396,-0.45838663,-0.5236784,-0.4101922,0.5893939,-0.08586349,-0.13869685,0.9555289,0.40136483,0.83191633,-0.32122228,0.003931853,-0.30931148,0.4388709,0.09699714,0.9200205,0.18692991,-0.036703516,0.030261682,0.21573712,0.35665566,-0.39681888,-0.16725287,0.35079876,-0.73370326,0.0,0.32568192,-0.35636833,0.05401045,1.1661623,-0.4184627,0.13173628,0.0
0.058546707,0.81219554,0.10514314,-0.45877513,-0.5237618,-0.41108772,0.5883927,-0.08600098,-0.13941234,0.9494714,0.39861786,0.8335837,-0.3151859,0.004934626,-0.30818978,0.43369475,0.09448443,0.92041475,0.1902025,-0.03490482,0.03240932,0.21654767,0.35621947,-0.39643168,-0.16669567,0.34996492,-0.73301905,0.0,0.32620633,-0.35623986,0.053582877,1.1663413,-0.41815612,0.1317696,0.0
0.058450446,0.81228846,0.105499215,-0.4602089,-0.5228012,-0.41144815,0.5878751,-0.08528541,-0.14106458,0.9400115,0.39150396,0.841645,-0.29992846,0.003936562,-0.3049594,0.42522517,0.098575756,0.9097732,0.19546583,-0.03595032,0.036018305,0.21817103,0.3556018,-0.39524618,-0.16481219,0.34575108,-0.730658,0.0,0.32769668,-0.35612938,0.05219938,1.1664273,-0.41570854,0.1313564,0.0
0.058330532,0.8122279,0.105803505,-0.46052822,-0.5231565,-0.4121583,0.58681065,-0.08483944,-0.1417215,0.9351453,0.38968936,0.8418638,-0.29577705,0.0048125335,-0.3042953,0.42135552,0.09681818,0.91251445,0.1965452,-0.03426209,0.037550002,0.21884404,0.35530567,-0.3948028,-0.16408315,0.34506577,-0.73016626,0.0,0.32806426,-0.35600105,0.051715095,1.166514,-0.41526186,0.1313161,0.0
0.058142193,0.8121988,0.106150694,-0.46087825,-0.52338076,-0.41300917,0.58573663,-0.08471939,-0.14251885,0.92903936,0.38724804,0.8424708,-0.2900772,0.005190051,-0.30340335,0.41645977,0.09544986,0.9140481,0.19740051,-0.032359637,0.0394347,0.21979997,0.35492125,-0.39418232,-0.16295773,0.34387717,-0.7294893,0.0,0.32850763,-0.35581532,0.051056255,1.1666967,-0.4143811,0.1312361,0.0
0.058020044,0.8122661,0.1066043,-0.46222895,-0.52257025,-0.41343188,0.5850974,-0.084135525,-0.14406538,0.91864264,0.38089386,0.8483079,-0.275086,0.005624774,-0.30152798,0.4051601,0.09573342,0.9082048,0.19673975,-0.033041608,0.04289383,0.22158423,0.35444158,-0.39172402,-0.15869704,0.33707488,-0.7269016,0.0,0.33029744,-0.3555987,0.049261518,1.1667713,-0.40928686,0.13015716,0.0
0.05777628,0.81222516,0.10697996,-0.46238455,-0.52295905,-0.41421226,0.5840742,-0.08408271,-0.14473948,0.9136301,0.37933037,0.84870285,-0.271298,0.005850857,-0.30118024,0.40147403,0.094391145,0.91072994,0.19748119,-0.031272836,0.044076294,0.22241725,0.35409477,-0.39103913,-0.15750478,0.33596787,-0.72642744,0.0,0.3305964,-0.35546,0.048688486,1.1668477,-0.40866113,0.12997168,0.0
0.057426292,0.81226814,0.1072968,-0.46295297,-0.5226213,-0.41507488,0.5833134,-0.084425226,-0.1465838,0.9038989,0.37388888,0.8536858,-0.26036757,0.003338782,-0.2994404,0.3936089,0.09809281,0.9040809,0.19703947,-0.03032105,0.046516377,0.22406676,0.35369736,-0.38813248,-0.1525796,0.32830086,-0.7242995,0.0,0.3317921,-0.3551799,0.047018223,1.166966,-0.4039161,0.12850057,0.0
0.05702173,0.8122151,0.10767022,-0.4630938,-0.52309,-0.41584516,0.58223194,-0.084343985,-0.14719659,0.89879405,0.37247592,0.8542185,-0.2567871,0.0036498867,-0.2992021,0.39003012,0.09667386,0.9069454,0.19810674,-0.028424755,0.047691606,0.22498807,0.35331666,-0.38726982,-0.15111224,0.326983,-0.7238303,0.0,0.33201444,-0.35502085,0.046394378,1.1670575,-0.40321255,0.1282072,0.0
0.056988478,0.81222856,0.107882835,-0.46320635,-0.52339613,-0.417044,0.5810084,-0.084814064,-0.14787816,0.89176613,0.37006545,0.8553753,-0.2515727,0.0039364956,-0.29886886,0.38495,0.09377476,0.90845865,0.19965371,-0.026035441,0.049491324,0.2264603,0.35274246,-0.38599685,-0.14889218,0.32481766,-0.7230737,0.0,0.33231285,-0.35475293,0.04544239,1.1672432,-0.40195668,0.12779906,0.0
0.056778453,0.8123033,0.108094044,-0.46407384,-0.52282405,-0.41789532,0.58021903,-0.08499708,-0.14969866,0.88032824,0.36369434,0.8622263,-0.24075764,0.0017602834,-0.296711,0.375989,0.09739107,0.899791,0.2027552,-0.025707854,0.0527298,0.22810559,0.35248113,-0.38218287,-0.14244138,0.3145756,-0.7208564,0.0,0.33359504,-0.35437834,0.043689582,1.1673744,-0.39599016,0.12577438,0.0
0.056470387,0.8122421,0.10835647,-0.46417335,-0.5233592,-0.41884995,0.5789673,-0.084938526,-0.15019822,0.87500244,0.36218914,0.86281943,-0.23744145,0.002012254,-0.29643086,0.3717946,0.09569271,0.9023336,0.20500945,-0.023638025,0.054150365,0.22897105,0.35213956,-0.38124767,-0.14086609,0.31322348,-0.72050667,0.0,0.33383423,-0.35417968,0.043134,1.1673907,-0.39534366,0.12547493,0.0
0.05616687,0.8123636,0.10868048,-0.46499085,-0.5229715,-0.4200294,0.577806,-0.08519431,-0.15128557,0.86345744,0.35670713,0.86838174,-0.22912247,0.0017376913,-0.29458398,0.3635676,0.095075354,0.89637476,0.21181253,-0.022508657,0.057765014,0.23030975,0.35184848,-0.37759763,-0.13479464,0.3051273,-0.7193091,0.0,0.33513618,-0.35367244,0.041593738,1.1671914,-0.39108723,0.12372468,0.0
0.055834267,0.81246614,0.10911322,-0.46548682,-0.52302027,-0.42107636,0.5765993,-0.085188195,-0.15211344,0.8545031,0.3530724,0.87166107,-0.22395241,0.0015534277,-0.2934534,0.35651237,0.09431257,0.89432377,0.21603456,-0.021015702,0.06022591,0.23115867,0.35160676,-0.37502652,-0.13069588,0.30163935,-0.7191545,0.0,0.3362048,-0.3531246,0.04049562,1.1669499,-0.3897344,0.12266493,0.0
0.05546463,0.81255275,0.10952571,-0.46580663,-0.5231544,-0.4221559,0.5754287,-0.08526437,-0.153188,0.8455984,0.34942082,0.8748304,-0.21938618,-0.0015228466,-0.29176798,0.34960327,0.098790295,0.8895094,0.21954533,-0.019208303,0.062191144,0.23223072,0.3516046,-0.37328282,-0.12751213,0.30016536,-0.7190763,0.0,0.33712488,-0.35253984,0.03971829,1.1668639,-0.38928872,0.12198084,0.0
0.05507986,0.81258273,0.1099424,-0.46594468,-0.5237129,-0.4232569,0.57399833,-0.0848873,-0.15340056,0.83992875,0.3477207,0.8753803,-0.21659091,-0.00068072684,-0.2914514,0.34418777,0.095627815,0.89237714,0.22218582,-0.016731197,0.06373973,0.23302397,0.35175994,-0.37274352,-0.12630777,0.30010748,-0.7189853,0.0,0.33749214,-0.35228807,0.03957635,1.1669203,-0.3893674,0.12187613,0.0
0.054726064,0.81267256,0.110363774,-0.46691647,-0.5232699,-0.42429945,0.5728418,-0.08472751,-0.15452595,0.8267882,0.3420544,0.88134277,-0.21138515,-0.0019798665,-0.28920823,0.33324182,0.0975904,0.88516915,0.22765751,-0.015742311,0.06695598,0.23508748,0.35225686,-0.37112957,-0.12230665,0.30062476,-0.71851254,0.0,0.33883741,-0.35131153,0.038900703,1.1669345,-0.389756,0.12111743,0.0
0.054282773,0.8127259,0.11080651,-0.46762002,-0.5233573,-0.42527848,0.5714604,-0.08407356,-0.1552587,0.81634027,0.33811834,0.88545394,-0.20802349,-0.0009284079,-0.2881834,0.3241859,0.09527786,0.88425636,0.23116703,-0.014253375,0.06957864,0.23673292,0.35262695,-0.36988926,-0.11932137,0.30159184,-0.7182863,0.0,0.3400926,-0.3504347,0.038285162,1.166771,-0.39084408,0.12058994,0.0
0.0538593,0.81275886,0.11120382,-0.46792156,-0.5235626,-0.4265135,0.57010347,-0.084024034,-0.1563483,0.8057184,0.33419612,0.88976467,-0.20543376,-0.0026008121,-0.2870476,0.31577075,0.09680188,0.88070387,0.23283389,-0.012235073,0.07188679,0.23832053,0.3530331,-0.36906847,-0.116923,0.30293357,-0.71824425,0.0,0.3411861,-0.34979466,0.03788997,1.1666015,-0.39221808,0.12062772,0.0
0.05342914,0.8128181,0.11163821,-0.46844006,-0.52380437,-0.4276813,0.5685786,-0.08353,-0.15717942,0.7944187,0.33035237,0.89451194,-0.20333986,-0.0016955364,-0.28626323,0.30651906,0.09424411,0.8800638,0.23456052,-0.01027892,0.07467373,0.24010411,0.3535237,-0.36840048,-0.114589855,0.3049082,-0.7182632,0.0,0.3423868,-0.3492679,0.037581425,1.1663241,-0.3939909,0.12111275,0.0
0.053025544,0.81290853,0.1121083,-0.4686614,-0.5241119,-0.4290021,0.567116,-0.08342548,-0.15835772,0.7830387,0.3263764,0.8995528,-0.20171374,-0.004247123,-0.28502795,0.2981323,0.09740538,0.8760034,0.23523976,-0.00800442,0.077055536,0.24182104,0.35403886,-0.36794958,-0.11256324,0.3069966,-0.7183306,0.0,0.34348223,-0.34888023,0.03742433,1.1660856,-0.3957072,0.121839575,0.0
0.052869417,0.81299144,0.11261049,-0.46900067,-0.5244752,-0.43044126,0.5654066,-0.08301252,-0.15887685,0.77224344,0.32276598,0.90411294,-0.19986321,-0.004798319,-0.2837129,0.29050308,0.09707268,0.8743018,0.23727255,-0.0052294224,0.07994516,0.24347597,0.35472545,-0.36755234,-0.11069247,0.30848083,-0.7183593,0.0,0.34454235,-0.34853208,0.03744728,1.165877,-0.3967296,0.12248518,0.0
0.05246233,0.81308615,0.113142766,-0.46975738,-0.524486,-0.43176553,0.56375617,-0.0821669,-0.15943545,0.7595825,0.3177527,0.9110527,-0.19878662,-0.0033178704,-0.28213373,0.2819762,0.09375989,0.87256974,0.24021897,-0.0034033193,0.083368696,0.24540263,0.35530582,-0.36706188,-0.10855849,0.31060824,-0.7182358,0.0,0.34574386,-0.34805197,0.037273422,1.1654981,-0.39788765,0.123122476,0.0
0.05194083,0.8130747,0.113602124,-0.47018582,-0.5247225,-0.43317422,0.562096,-0.081573844,-0.16022965,0.74758255,0.3131506,0.9177076,-0.19774123,-0.006263761,-0.27998084,0.27499178,0.098304085,0.868295,0.24266022,-0.0009238571,0.086253695,0.2470934,0.3558629,-0.36667418,-0.10666532,0.31231385,-0.71825886,0.0,0.34685227,-0.34759203,0.037164647,1.1652918,-0.39869842,0.123556525,0.0
0.05146728,0.8131762,0.11414354,-0.47172463,-0.5242754,-0.43464878,0.56008196,-0.08030824,-0.1586931,0.7343968,0.3090054,0.92416006,-0.19640523,0.00795321,-0.27958205,0.26261577,0.07124345,0.88143915,0.24495864,0.00026915883,0.09160917,0.24882449,0.35640755,-0.36629638,-0.104789324,0.3135925,-0.7181435,0.0,0.34802306,-0.34715688,0.037106916,1.1650726,-0.3991944,0.1238244,0.0
0.05079486,0.81304216,0.114568315,-0.472038,-0.5247696,-0.4355641,0.5586422,-0.07912493,-0.1607302,0.7209538,0.30402592,0.93109566,-0.19634177,-0.004291853,-0.27593878,0.25703084,0.09521538,0.8691717,0.24768837,0.0024356197,0.093262136,0.25088403,0.35694063,-0.36574766,-0.102720916,0.3147803,-0.7179616,0.0,0.3497515,-0.34642953,0.03683337,1.1647072,-0.39959753,0.12404262,0.0
0.050191067,0.8131579,0.11507539,-0.47212112,-0.5250234,-0.437931,0.55647874,-0.07885355,-0.16021872,0.7104416,0.29946104,0.9362791,-0.19582695,-0.0057817907,-0.27290905,0.2535496,0.09525228,0.8597356,0.25178432,0.0070181163,0.09697868,0.2518904,0.35758674,-0.3652664,-0.101708084,0.3150906,-0.7178315,0.0,0.3504075,-0.3456635,0.036615506,1.1645244,-0.39951816,0.12404499,0.0
0.04959255,0.8132035,0.115546145,-0.47285384,-0.52509964,-0.43961498,0.5544532,-0.07780706,-0.15951413,0.6979219,0.29553905,0.94141716,-0.19548443,-0.005939478,-0.26980093,0.2462846,0.09529196,0.85600185,0.25400585,0.009996624,0.1008196,0.25314063,0.3582467,-0.36478806,-0.10064478,0.31486094,-0.71765405,0.0,0.35131678,-0.3448019,0.036313005,1.1645823,-0.39933354,0.12395305,0.0
0.048863325,0.81326145,0.11609544,-0.47358212,-0.525193,-0.44131714,0.5523873,-0.07669595,-0.15878607,0.6851611,0.29164156,0.9465184,-0.19554122,-0.0060291667,-0.26666936,0.23902641,0.09524577,0.8524894,0.2560461,0.013026605,0.104736656,0.2544076,0.3588645,-0.36427838,-0.09973706,0.31400752,-0.7173673,0.0,0.35227624,-0.34392747,0.035922665,1.1646602,-0.39899608,0.123753384,0.0
0.048081473,0.81327665,0.11662414,-0.47444698,-0.52530694,-0.4430256,0.5501647,-0.0752819,-0.15788293,0.672034,0.28774703,0.9520568,-0.1961561,-0.0038023554,-0.2637737,0.23135412,0.091122605,0.8521712,0.25811073,0.016009657,0.109142795,0.25578955,0.35937005,-0.36368817,-0.09896055,0.31227,-0.7169618,0.0,0.35335743,-0.34315673,0.035415705,1.1647209,-0.39854658,0.12345337,0.0
0.04738517,0.8132509,0.117124334,-0.47481596,-0.5256855,-0.4449464,0.5479302,-0.074280165,-0.157631,0.6593262,0.2837381,0.95820296,-0.19755682,-0.006673349,-0.26068926,0.22539616,0.09539297,0.84782654,0.25889882,0.01974183,0.11310138,0.2570361,0.35960233,-0.36311567,-0.09827969,0.30945238,-0.71651894,0.0,0.35435694,-0.34274644,0.034974582,1.1648247,-0.39785048,0.12324074,0.0
0.04683993,0.81326663,0.11763351,-0.4753305,-0.5259909,-0.44714975,0.54539144,-0.07298056,-0.15675902,0.64652675,0.27931356,0.96483976,-0.19959258,-0.0050112954,-0.25771004,0.21977323,0.090950005,0.8461545,0.26068032,0.023799788,0.11808403,0.2583258,0.35968557,-0.3622986,-0.09773211,0.30561393,-0.7158887,0.0,0.35543177,-0.342485,0.034421667,1.1647972,-0.39677888,0.122967206,0.0
0.046274398,0.81324625,0.118041016,-0.47552735,-0.5265141,-0.4493026,0.54293996,-0.07190432,-0.15650415,0.6337806,0.27519748,0.97151124,-0.20200136,-0.00806273,-0.25459713,0.2147782,0.09508301,0.84192437,0.26101732,0.02806203,0.12239375,0.2595113,0.35959297,-0.3615803,-0.097253375,0.30148798,-0.71536636,0.0,0.35644126,-0.34243476,0.03398461,1.1648694,-0.39559355,0.12283807,0.0
0.045849986,0.8132812,0.11856258,-0.4757005,-0.52709717,-0.45160362,0.5403072,-0.07067609,-0.15583959,0.6219517,0.2714197,0.97686875,-0.20373793,-0.008115432,-0.25169247,0.21053128,0.09347223,0.83994454,0.26240194,0.032719407,0.1269488,0.26078725,0.35917422,-0.3608387,-0.09691138,0.29845622,-0.71485674,0.0,0.35733116,-0.34237224,0.033498228,1.1649173,-0.39457965,0.12282707,0.0
0.0454493,0.8132723,0.119058184,-0.47616035,-0.5275739,-0.45385912,0.5375399,-0.06871753,-0.15533145,0.60825896,0.2667942,0.98358655,-0.2074171,-0.0061108456,-0.24865487,0.20569494,0.08926203,0.83799964,0.2638111,0.03686572,0.13215089,0.26227266,0.35888344,-0.3599482,-0.096777715,0.2940405,-0.71430355,0.0,0.35857543,-0.34260365,0.032998193,1.1649348,-0.39293027,0.12285492,0.0
0.045007426,0.8132819,0.119554125,-0.47622684,-0.52838254,-0.45628837,0.5346222,-0.06681057,-0.15506512,0.59581023,0.2626902,0.98916113,-0.21078335,-0.0069544595,-0.24531892,0.20252237,0.09353681,0.8323297,0.26434934,0.041884933,0.13693091,0.26380283,0.35842824,-0.35928828,-0.096740425,0.29032752,-0.7138555,0.0,0.35977033,-0.34294176,0.03259055,1.1650869,-0.39140525,0.123064995,0.0
0.04449211,0.8133579,0.120079525,-0.47655687,-0.5289239,-0.4589173,0.53153366,-0.064956136,-0.15376419,0.58321273,0.25861743,0.9947306,-0.21399818,-0.0030217923,-0.24162376,0.19952534,0.08891338,0.82953686,0.2663499,0.0468451,0.14260064,0.26540828,0.3577834,-0.3585261,-0.09708782,0.28700683,-0.7133484,0.0,0.3608343,-0.34332657,0.03212056,1.1650206,-0.38971737,0.123358645,0.0
0.04390289,0.8133572,0.120596796,-0.4766581,-0.5292781,-0.4614687,0.5288748,-0.06450207,-0.15241899,0.5705178,0.25532624,1.0006254,-0.21632192,-0.0048531555,-0.23726612,0.19682021,0.09298545,0.8244435,0.26733,0.05143889,0.1473223,0.26644647,0.35727602,-0.35795766,-0.09751462,0.2843843,-0.7130502,0.0,0.36129677,-0.34337503,0.031820893,1.1648674,-0.38825864,0.1236161,0.0
0.042805325,0.8134683,0.12000979,-0.4767876,-0.52893686,-0.46440214,0.52652663,-0.06607688,-0.14977792,0.55754817,0.25237516,1.0068861,-0.21755803,-0.0059217587,-0.23190272,0.19488569,0.09200309,0.81920755,0.26970607,0.055625226,0.15221162,0.26661912,0.35686904,-0.35731724,-0.0983899,0.2826222,-0.7128584,0.0,0.36070278,-0.3428946,0.03164277,1.1643405,-0.38683552,0.123693846,0.0
0.041319802,0.81358653,0.1191881,-0.47703025,-0.52825266,-0.46720243,0.52451247,-0.068886355,-0.14672093,0.54391587,0.25030187,1.0134741,-0.21796471,-0.009062667,-0.22590192,0.19231197,0.093482085,0.8153296,0.2718054,0.05907598,0.15671018,0.26609108,0.35659605,-0.35676408,-0.09939249,0.28142232,-0.7129094,0.0,0.35932505,-0.34197032,0.031640716,1.1638314,-0.38562432,0.12357654,0.0
0.03998916,0.8137665,0.11890219,-0.477515,-0.5274023,-0.46997112,0.5224495,-0.071642265,-0.1431102,0.53028613,0.24860084,1.0197655,-0.21786031,-0.008974393,-0.21985617,0.18931001,0.08879695,0.81452644,0.27456567,0.062221874,0.16166359,0.26524386,0.35638738,-0.35622934,-0.10039474,0.28018075,-0.7131455,0.0,0.35745004,-0.34071246,0.031819656,1.1636055,-0.38467896,0.12319728,0.0
0.038859036,0.8138219,0.11891207,-0.4776161,-0.52713984,-0.4726094,0.52023745,-0.07331459,-0.14055508,0.5180969,0.24667719,1.0258873,-0.21766625,-0.013235687,-0.21422948,0.1875171,0.093119286,0.8101673,0.27609453,0.06614703,0.16594085,0.26492554,0.3562635,-0.35592052,-0.10088114,0.27838653,-0.7133995,0.0,0.35625836,-0.3396954,0.032046944,1.163738,-0.38401562,0.12282101,0.0
0.03780672,0.8138553,0.11914324,-0.47791776,-0.52724636,-0.4752617,0.5174287,-0.07287712,-0.13770933,0.50728613,0.24432085,1.0314652,-0.2170235,-0.011870286,-0.2090856,0.18648762,0.088765904,0.8084284,0.2787269,0.07079108,0.17129456,0.26521596,0.3561708,-0.3557651,-0.10114928,0.275753,-0.71365297,0.0,0.35561556,-0.33876967,0.03235898,1.1642569,-0.38355157,0.12224072,0.0
0.036715098,0.8137715,0.119392894,-0.47794408,-0.52789164,-0.4776835,0.51450807,-0.07138451,-0.13574757,0.497583,0.24186198,1.0371994,-0.21603426,-0.014839868,-0.20419082,0.18623005,0.093444444,0.8043614,0.280155,0.07602214,0.17606592,0.26610395,0.35614008,-0.35586607,-0.101103574,0.27273723,-0.71388423,0.0,0.35580146,-0.3381935,0.03260794,1.164854,-0.383257,0.12177199,0.0
0.03558761,0.81374013,0.11967557,-0.47813445,-0.52854013,-0.48017848,0.51133305,-0.06912458,-0.1332295,0.48866275,0.23925358,1.0424674,-0.21486872,-0.01290586,-0.19956699,0.1862023,0.089446016,0.8029562,0.2824846,0.08136464,0.18141283,0.2673949,0.35622278,-0.35608727,-0.10114895,0.26955685,-0.71387565,0.0,0.3562729,-0.33757487,0.032933697,1.1653447,-0.38298473,0.12120698,0.0
0.03496348,0.8137082,0.12084794,-0.47798166,-0.52933913,-0.48247227,0.5084822,-0.06736305,-0.13141751,0.4800708,0.23720881,1.0471961,-0.21436615,-0.015412298,-0.19526601,0.18573055,0.09355096,0.79943097,0.28295305,0.08640258,0.18549035,0.26879364,0.3563747,-0.3562352,-0.101097636,0.2666564,-0.7136863,0.0,0.35683557,-0.33702397,0.033277918,1.1656722,-0.38284975,0.12090991,0.0
0.03373234,0.8136963,0.120962225,-0.47777465,-0.53012466,-0.484238,0.50617474,-0.06585827,-0.12994811,0.47368452,0.23653679,1.0472,-0.21284541,-0.011720836,-0.19315098,0.183406,0.08599774,0.80359685,0.28350487,0.08971164,0.18794116,0.26972514,0.3562611,-0.3561566,-0.10086875,0.26586866,-0.71344286,0.0,0.35704306,-0.3366256,0.033623014,1.1657025,-0.38300455,0.12099121,0.0
0.03278838,0.81363016,0.121785894,-0.47775176,-0.5309432,-0.48672843,0.50293946,-0.064910434,-0.12670189,0.46456844,0.2378142,1.0472,-0.21335399,-0.014453973,-0.18793309,0.18281154,0.09159987,0.7986985,0.28290728,0.095199935,0.19267514,0.2721085,0.35663822,-0.35601494,-0.10065027,0.26186612,-0.7128338,0.0,0.35783067,-0.33581695,0.034286067,1.165938,-0.38307482,0.12116178,0.0
0.03188045,0.81359744,0.12247293,-0.47736087,-0.5318452,-0.48880297,0.50033903,-0.06370137,-0.12470145,0.45794958,0.23788008,1.0472,-0.21311338,-0.014837271,-0.18465847,0.18168247,0.09192155,0.7970912,0.28242794,0.09957825,0.19541341,0.2742343,0.3569585,-0.35563725,-0.100698605,0.25989103,-0.7121136,0.0,0.35831472,-0.33505085,0.035061337,1.1659235,-0.38318238,0.121325925,0.0
0.031038806,0.81349415,0.123008355,-0.47699425,-0.53263247,-0.49007353,0.4986052,-0.06267217,-0.12360813,0.45351523,0.23807977,1.0472,-0.21210618,-0.013482336,-0.18300772,0.1794012,0.08907636,0.8004145,0.2822517,0.102070846,0.19643617,0.2750908,0.356966,-0.35541183,-0.10058487,0.25917673,-0.71178013,0.0,0.35845184,-0.3346858,0.035425153,1.1659015,-0.38335502,0.1214444,0.0
0.030017603,0.8134448,0.12326282,-0.47626027,-0.53331196,-0.49265638,0.49602857,-0.063479014,-0.12088798,0.4466035,0.23929758,1.0472,-0.21303993,-0.016038764,-0.17902179,0.1770587,0.09120764,0.7966706,0.27853847,0.10782028,0.19951321,0.27756312,0.35790026,-0.35451567,-0.101137415,0.25466087,-0.710276,0.0,0.35856164,-0.33329964,0.036438435,1.1658089,-0.38396043,0.12143537,0.0
0.02905482,0.8133496,0.12350947,-0.47576314,-0.53403467,-0.49373072,0.49465808,-0.06314936,-0.12003027,0.4432238,0.2397191,1.0472,-0.21221092,-0.015241381,-0.17767683,0.1743065,0.08898491,0.800899,0.27800778,0.11030346,0.20000008,0.2782742,0.35795057,-0.35418501,-0.10123017,0.2539034,-0.7098302,0.0,0.35853574,-0.3328636,0.036803372,1.1657772,-0.3842133,0.121407375,0.0
0.027939945,0.8132115,0.123697855,-0.47506246,-0.53471804,-0.4950502,0.49327245,-0.06344141,-0.11903005,0.43952635,0.24032043,1.0472,-0.21138775,-0.015352913,-0.17610009,0.17110574,0.08721214,0.8044716,0.27653125,0.11348366,0.2002883,0.27915394,0.35801673,-0.35371974,-0.10128174,0.25277266,-0.709174,0.0,0.35846204,-0.33218235,0.037245646,1.1657183,-0.38457915,0.12140392,0.0
0.026636545,0.8130304,0.12388375,-0.4742439,-0.5351104,-0.49693343,0.49173865,-0.06540581,-0.11683979,0.43435356,0.24268803,1.0472,-0.2111166,-0.017670132,-0.17357513,0.16487099,0.08746118,0.8056436,0.2682026,0.11755633,0.20060171,0.28188494,0.36022717,-0.35182676,-0.10265507,0.24717373,-0.70642215,0.0,0.357697,-0.32920477,0.038543426,1.1655986,-0.38572302,0.12078505,0.0
0.02540864,0.81281173,0.124168746,-0.47392717,-0.5355856,-0.49748328,0.49097016,-0.06519819,-0.116035,0.4316214,0.24362539,1.0472,-0.20975868,-0.017859867,-0.17230429,0.1617237,0.08671925,0.8099585,0.26709893,0.11858372,0.19898658,0.28278095,0.36066133,-0.3512767,-0.10267711,0.24647368,-0.70585597,0.0,0.35768345,-0.3283599,0.038926207,1.1655942,-0.38578486,0.1208187,0.0
0.024157122,0.8125211,0.12455261,-0.47346932,-0.53568316,-0.4979849,0.49079683,-0.066795945,-0.11537848,0.42697036,0.24582012,1.0472,-0.20573808,-0.020425513,-0.17151807,0.1522996,0.088374026,0.8133585,0.25787058,0.11854909,0.19542919,0.28628263,0.3640326,-0.34849316,-0.10357391,0.24219862,-0.70266056,0.0,0.3572707,-0.3244958,0.040813856,1.165113,-0.38569948,0.12089852,0.0
0.022858351,0.8122093,0.124981485,-0.4733792,-0.5359874,-0.49810705,0.49042755,-0.06644718,-0.11451971,0.42456642,0.24707596,1.0472,-0.20395328,-0.020890985,-0.17022581,0.14897609,0.088279,0.8181033,0.25662467,0.11862557,0.19258736,0.28732166,0.36479628,-0.34777802,-0.10355063,0.24163952,-0.7020675,0.0,0.35731155,-0.3233782,0.04125712,1.1650707,-0.38551575,0.12103161,0.0
0.021281796,0.8118873,0.12533002,-0.47355896,-0.535634,-0.4973278,0.49142978,-0.06755728,-0.11462248,0.41955754,0.24939156,1.0472,-0.19714475,-0.023079619,-0.17047237,0.13781102,0.09078069,0.82193565,0.2470096,0.11552664,0.18640387,0.2915,0.36980993,-0.34458074,-0.10475087,0.23939243,-0.6991855,0.0,0.35708797,-0.3182263,0.04358516,1.1645882,-0.3836097,0.121174835,0.0
0.01948211,0.811565,0.12593628,-0.47403228,-0.5355644,-0.4967475,0.49163637,-0.066623494,-0.11344867,0.41676533,0.25091007,1.0472,-0.19443832,-0.022028757,-0.16915219,0.1343653,0.08857347,0.8276968,0.24587157,0.11449471,0.18242604,0.29272342,0.37154007,-0.34382296,-0.10498387,0.23940866,-0.69884694,0.0,0.35711646,-0.3163472,0.04397577,1.1647058,-0.38290107,0.12117593,0.0
0.017596481,0.811132,0.1266319,-0.47547495,-0.53456205,-0.49420834,0.4938879,-0.06621179,-0.11405111,0.41032514,0.25322732,1.0472,-0.18444137,-0.02209541,-0.17004807,0.12107875,0.09070673,0.83283406,0.23679052,0.10785158,0.17427056,0.29754937,0.3788934,-0.34117767,-0.10758717,0.24046528,-0.69734824,0.0,0.3570469,-0.30942702,0.046269473,1.165143,-0.3783513,0.12011955,0.0
0.015748575,0.81072825,0.12744346,-0.47681975,-0.5339574,-0.49263218,0.49481913,-0.06478524,-0.11258703,0.40649647,0.2554031,1.0472,-0.17983577,-0.016749494,-0.16872093,0.11585719,0.08433122,0.8424414,0.23519573,0.10452557,0.168956,0.2995445,0.38260555,-0.34028724,-0.10858958,0.2411149,-0.69713825,0.0,0.357005,-0.3059987,0.04672509,1.1655393,-0.37684354,0.11965129,0.0
0.013901728,0.810371,0.12826523,-0.47859627,-0.53265613,-0.48972324,0.49738744,-0.0644268,-0.11280248,0.40020958,0.2579064,1.0472,-0.17032401,-0.014860755,-0.16890866,0.10518906,0.088575095,0.84547144,0.2291724,0.096703805,0.16030173,0.30482528,0.39112067,-0.33818516,-0.11203223,0.24434848,-0.6963746,0.0,0.35679135,-0.29854804,0.048778553,1.1662669,-0.37223732,0.1180281,0.0
0.0119196,0.8099648,0.12899667,-0.4799403,-0.5316207,-0.4873115,0.49956417,-0.06441465,-0.11251525,0.39565453,0.26045957,1.0472,-0.16362251,-0.013261153,-0.16834353,0.10013879,0.09217408,0.84768784,0.22744446,0.09051936,0.15180188,0.30962914,0.3992011,-0.33618972,-0.11562671,0.24741241,-0.6959306,0.0,0.35641357,-0.29200044,0.050535087,1.1667316,-0.36951792,0.116503544,0.0
0.009876606,0.8096133,0.12973402,-0.48257035,-0.52968025,-0.48417938,0.5021307,-0.06419083,-0.11093055,0.38857064,0.26398736,1.0472,-0.15667893,0.004649336,-0.16792968,0.089687735,0.06663138,0.86990076,0.22510321,0.08091621,0.1439936,0.31582877,0.40905976,-0.33365366,-0.120587654,0.25067657,-0.69556236,0.0,0.35607576,-0.28454867,0.052392077,1.1673388,-0.36742222,0.11465283,0.0
0.0078043854,0.8090642,0.13027428,-0.48374334,-0.5287529,-0.48112547,0.50490713,-0.06443043,-0.111845315,0.38388348,0.26661476,1.0472,-0.15070494,-0.0029946133,-0.1677684,0.08768768,0.0886419,0.86478144,0.2250193,0.07364994,0.13354777,0.32105076,0.41714534,-0.33159062,-0.12428233,0.25491318,-0.69579715,0.0,0.35568973,-0.27824318,0.053519458,1.1676035,-0.36521378,0.114024766,0.0
0.005708147,0.8086832,0.13084063,-0.4849038,-0.5276496,-0.4787192,0.50723004,-0.06512328,-0.1113158,0.38056427,0.26974633,1.0472,-0.14512493,-0.000690985,-0.16687989,0.08954866,0.09072984,0.86240053,0.23032574,0.06724996,0.12452467,0.32540056,0.42485222,-0.32980868,-0.12650682,0.26107666,-0.6963896,0.0,0.35458937,-0.27221325,0.05424968,1.1676692,-0.36202186,0.114536226,0.0
0.0036850255,0.8082648,0.13137224,-0.48674035,-0.5265706,-0.4756303,0.50949305,-0.06417158,-0.11089637,0.37607318,0.27288017,1.0472,-0.13983217,0.0036425055,-0.16612288,0.090420835,0.09241774,0.8647511,0.23547646,0.059594527,0.116245165,0.33069992,0.43260705,-0.32854122,-0.12876257,0.26593876,-0.69761485,0.0,0.35323915,-0.26657706,0.054781947,1.1686169,-0.35821497,0.11533076,0.0
0.0016788702,0.8078164,0.13200869,-0.48877993,-0.5255342,-0.47229096,0.5117122,-0.06250285,-0.11053882,0.37145537,0.27601323,1.0472,-0.13494419,0.009327754,-0.16545707,0.09276721,0.09315694,0.86743736,0.2425088,0.051587306,0.108223215,0.33672568,0.44056073,-0.32769465,-0.13115811,0.27081957,-0.69922286,0.0,0.35142198,-0.2612678,0.055246364,1.1701194,-0.353721,0.11649951,0.0
-0.00019839715,0.807416,0.1325096,-0.4904425,-0.5244833,-0.46924362,0.513998,-0.062076062,-0.110124156,0.36747783,0.2794656,1.0472,-0.13066146,0.010982739,-0.16465777,0.09769303,0.099351786,0.86710644,0.25099394,0.04362708,0.100052245,0.34208268,0.44742954,-0.3270584,-0.13291472,0.27575672,-0.7006997,0.0,0.34902507,-0.25662175,0.055591844,1.1713322,-0.3488133,0.11816312,0.0
-0.0019725705,0.80716044,0.13345993,-0.4918313,-0.5229348,-0.46692798,0.51635206,-0.06429714,-0.10834465,0.36440364,0.2835023,1.0472,-0.12626462,0.014134717,-0.1630382,0.10511585,0.09763429,0.8703146,0.26281157,0.035157762,0.09211489,0.34753236,0.45541134,-0.32564324,-0.13511938,0.27994618,-0.7013861,0.0,0.34484106,-0.25113901,0.05594196,1.1721976,-0.3439164,0.120722845,0.0
-0.004442431,0.80692065,0.13272235,-0.49240473,-0.52088344,-0.46555632,0.51911026,-0.07096708,-0.10567537,0.3622251,0.28872338,1.0472,-0.12260078,0.009935849,-0.16056874,0.115867935,0.102061726,0.8717325,0.27652317,0.025947487,0.08365176,0.35085583,0.46144485,-0.3235985,-0.13601123,0.28364483,-0.7012604,0.0,0.3397719,-0.2461688,0.055995483,1.1717703,-0.3394743,0.124169566,0.0
-0.0073966132,0.8068844,0.13095431,-0.49324015,-0.51779026,-0.4650051,0.5218982,-0.080878675,-0.10021233,0.3602786,0.29560593,1.0472,-0.1184525,0.014007533,-0.15673982,0.128556,0.08562438,0.8836984,0.2947936,0.015016583,0.07643049,0.3542622,0.46963844,-0.31890756,-0.13726072,0.28536573,-0.7007062,0.0,0.33073157,-0.23991,0.055274975,1.172067,-0.33655906,0.13087966,0.0
-0.009711563,0.80657446,0.12965551,-0.49268067,-0.5157578,-0.46446607,0.52491057,-0.09160893,-0.097307906,0.359991,0.302356,1.0472,-0.11530207,-0.0024224322,-0.15331297,0.1451946,0.10670025,0.8792423,0.3125559,0.0060456595,0.06691216,0.35661843,0.47619417,-0.31366733,-0.13752683,0.2860692,-0.7013272,0.0,0.3223394,-0.2346349,0.053080298,1.1720877,-0.33407077,0.13757424,0.0
-0.012444519,0.80638206,0.12806252,-0.4919935,-0.5137881,-0.46470657,0.52726847,-0.101454176,-0.09358588,0.36095697,0.3080102,1.0472,-0.11260004,-0.009805959,-0.15001355,0.16156706,0.11030712,0.8754453,0.3288424,-0.0009622142,0.0597131,0.35797182,0.48040923,-0.30992723,-0.1368705,0.28858462,-0.70193815,0.0,0.315575,-0.23026179,0.050880313,1.1710539,-0.32829323,0.14199875,0.0
-0.01458286,0.80611753,0.12716769,-0.49171117,-0.51235855,-0.46432513,0.5292553,-0.10888425,-0.09078412,0.36102438,0.31344262,1.0472,-0.11050534,-0.014252166,-0.14799829,0.17269307,0.11209709,0.87898695,0.34003708,-0.007499516,0.053732447,0.3596053,0.48338836,-0.3081085,-0.13605194,0.28984624,-0.70253265,0.0,0.3107923,-0.22694594,0.048881214,1.1702993,-0.32034287,0.14414349,0.0
-0.017007202,0.80578554,0.125982,-0.49125138,-0.5112435,-0.46408945,0.5309645,-0.115836255,-0.08819207,0.36184585,0.3188242,1.0472,-0.1084063,-0.018337555,-0.14637606,0.18337315,0.11343591,0.8823312,0.35054412,-0.012932722,0.048434217,0.3616447,0.48670706,-0.30660814,-0.13539585,0.289948,-0.7029115,0.0,0.30549145,-0.22363792,0.046328176,1.1700948,-0.31056914,0.14579667,0.0
-0.018948458,0.8055148,0.12504922,-0.4905902,-0.510386,-0.4640646,0.5324205,-0.12243888,-0.085858405,0.36304727,0.32388505,1.0472,-0.106806874,-0.022383168,-0.14501773,0.19305305,0.11446539,0.886093,0.35913908,-0.01746132,0.043620512,0.36379218,0.48994535,-0.3055198,-0.13497503,0.2892936,-0.70327896,0.0,0.3001516,-0.2206608,0.04343693,1.1702454,-0.30084184,0.14683102,0.0
-0.020558069,0.80526435,0.12421099,-0.48965323,-0.50970936,-0.46438286,0.53365237,-0.12903208,-0.08372704,0.36440077,0.32853657,1.0472,-0.10598641,-0.026710106,-0.143691,0.20186077,0.115137175,0.8901843,0.36568153,-0.021254916,0.039063387,0.36560026,0.49259278,-0.30476913,-0.1344593,0.2887561,-0.7039132,0.0,0.29489177,-0.21802974,0.040492967,1.1703873,-0.29269117,0.14750831,0.0
-0.022082107,0.80496836,0.12316764,-0.48829395,-0.5092635,-0.46506125,0.5347316,-0.13569269,-0.08210092,0.3659894,0.3324818,1.0472,-0.10629391,-0.033083003,-0.14233579,0.20982188,0.1184825,0.8927132,0.36956438,-0.024372496,0.034295235,0.36673495,0.4939816,-0.30437198,-0.13345775,0.2888698,-0.7050189,0.0,0.29012054,-0.21589881,0.03801245,1.1701404,-0.2861241,0.14794199,0.0
-0.023869244,0.8046854,0.12205089,-0.48679116,-0.5089669,-0.46605244,0.53552055,-0.14225608,-0.08036137,0.3678865,0.3362584,1.0472,-0.10729191,-0.03815199,-0.1410353,0.21686433,0.118683815,0.8971012,0.37194693,-0.026789851,0.030047948,0.36731237,0.49428937,-0.30418926,-0.13177148,0.28943875,-0.7067548,0.0,0.28480393,-0.2138708,0.035330433,1.1699898,-0.2804175,0.14818878,0.0
-0.025365418,0.8043623,0.120730445,-0.48505044,-0.50886697,-0.46730685,0.5361015,-0.14867553,-0.078992486,0.36975145,0.339614,1.0472,-0.10885267,-0.04350112,-0.13990809,0.2227849,0.11881511,0.9018525,0.3721819,-0.028500628,0.026267063,0.36712426,0.49331322,-0.30436757,-0.12946855,0.29047012,-0.7090364,0.0,0.27996048,-0.2123941,0.032860413,1.169809,-0.27597508,0.14799747,0.0
-0.026233438,0.804131,0.12034519,-0.48296425,-0.5091054,-0.4687782,0.536474,-0.15484972,-0.07823803,0.37177917,0.34261575,1.0472,-0.11060416,-0.051063523,-0.1387397,0.22844192,0.12296048,0.904513,0.37078682,-0.029042978,0.02293525,0.36635062,0.4916358,-0.304874,-0.12694868,0.2917283,-0.71160233,0.0,0.27609956,-0.21155356,0.030930903,1.169365,-0.27262434,0.14723381,0.0
-0.027059505,0.80384666,0.119784385,-0.4807365,-0.5095652,-0.47072777,0.53633136,-0.16070248,-0.077216454,0.3743422,0.34554797,1.0472,-0.11224333,-0.056454953,-0.13762096,0.23445638,0.12265081,0.90871376,0.36900467,-0.027768698,0.021478903,0.36421221,0.48845443,-0.30614933,-0.12348078,0.2936092,-0.7155289,0.0,0.27232298,-0.21132134,0.028696273,1.168969,-0.27054724,0.14537738,0.0
-0.027833864,0.8035446,0.11918,-0.47830376,-0.51030326,-0.4729105,0.53588426,-0.1661615,-0.076571554,0.37695113,0.34815627,1.0472,-0.11411515,-0.06196765,-0.13670073,0.2403233,0.12244865,0.9136715,0.36606574,-0.025338281,0.021001942,0.36111313,0.4842309,-0.3081511,-0.11944974,0.29596087,-0.7202608,0.0,0.26960438,-0.21180531,0.026626877,1.1684297,-0.26985595,0.14264596,0.0
-0.028408466,0.8031001,0.118263975,-0.4755908,-0.5111765,-0.47526196,0.535386,-0.17178147,-0.07635425,0.37937042,0.35052946,1.0472,-0.116225004,-0.06925478,-0.13574624,0.24645695,0.12500773,0.9167377,0.36251628,-0.022542238,0.020389624,0.35775554,0.479856,-0.31014094,-0.115215056,0.2979526,-0.7243471,0.0,0.26740068,-0.21242723,0.025039611,1.167553,-0.27016652,0.13972363,0.0
-0.029035067,0.80270094,0.116912104,-0.4729422,-0.5118416,-0.47776583,0.53486806,-0.17803884,-0.07569771,0.38102522,0.3533221,1.0472,-0.11838997,-0.075423956,-0.13463849,0.25249472,0.12458651,0.92133015,0.35942778,-0.020375531,0.019693486,0.35308135,0.47437367,-0.31203073,-0.1091775,0.29947504,-0.7271751,0.0,0.26452273,-0.21275452,0.02363175,1.1665713,-0.27178437,0.1365273,0.0
-0.029726192,0.80239683,0.11573533,-0.47019503,-0.51229274,-0.48029977,0.53458863,-0.18533124,-0.07520234,0.38145345,0.35639352,1.0472,-0.12062436,-0.08248051,-0.13353768,0.25789148,0.12444145,0.9261859,0.35589245,-0.019653704,0.017775703,0.3480677,0.46916795,-0.31281105,-0.102078035,0.2994583,-0.72736925,0.0,0.2606553,-0.21237695,0.022908155,1.1657909,-0.27527753,0.13397628,0.0
-0.03003908,0.80204433,0.1141395,-0.46729848,-0.51266265,-0.48294878,0.53438723,-0.19332035,-0.0748539,0.38112867,0.3596096,1.0472,-0.12295429,-0.09025139,-0.1324132,0.26307818,0.12454325,0.9309079,0.3520156,-0.019630166,0.015202647,0.3427909,0.46431887,-0.31248385,-0.094193585,0.29785794,-0.7256535,0.0,0.25577587,-0.21159473,0.02284901,1.1654004,-0.2804685,0.13179694,0.0
-0.030873612,0.8017505,0.11307276,-0.4644155,-0.5129428,-0.48560715,0.5342226,-0.20140962,-0.07464414,0.38011357,0.36275223,1.0472,-0.12558039,-0.09814125,-0.13125834,0.26799616,0.12478612,0.93527955,0.3482137,-0.0199548,0.0125473235,0.33752504,0.45975876,-0.31139666,-0.08581236,0.29561394,-0.7228565,0.0,0.2505385,-0.21072893,0.023302536,1.1654043,-0.28626433,0.12971437,0.0
-0.031861294,0.8015704,0.11240951,-0.461701,-0.51315975,-0.488144,0.534055,-0.2089925,-0.07457626,0.37840343,0.3656212,1.0472,-0.1287507,-0.10553628,-0.13007528,0.2725367,0.12512967,0.939119,0.3449187,-0.020282937,0.0103862835,0.33262897,0.4553422,-0.3101045,-0.07725525,0.29392037,-0.7197198,0.0,0.24587905,-0.21010678,0.024057219,1.1655523,-0.29148346,0.12747063,0.0
-0.032576013,0.80129606,0.111595824,-0.4592089,-0.513337,-0.49054357,0.5338346,-0.21581244,-0.07467223,0.3759743,0.3680567,1.0472,-0.13260883,-0.112366125,-0.1288376,0.2766636,0.12580478,0.94229984,0.3422404,-0.020514911,0.008939998,0.3283017,0.45099074,-0.30896437,-0.06880011,0.29292712,-0.7163252,0.0,0.24230677,-0.20981939,0.024933398,1.165556,-0.29556578,0.12482636,0.0
-0.033091046,0.8009842,0.110884964,-0.4568379,-0.5134758,-0.4928607,0.5336011,-0.22221826,-0.07492998,0.37283698,0.37019607,1.0472,-0.13703793,-0.118930444,-0.12754779,0.2804882,0.12678221,0.9448323,0.34000167,-0.020780409,0.007894964,0.32445818,0.44669056,-0.30794293,-0.060459547,0.29235378,-0.71226716,0.0,0.23968811,-0.20972554,0.025939738,1.1652161,-0.29905578,0.121842474,0.0
-0.033576652,0.80073607,0.11041801,-0.4545726,-0.51353407,-0.49510637,0.5334008,-0.22845344,-0.075315125,0.36905873,0.37228224,1.0472,-0.1418687,-0.12532793,-0.12621576,0.2841182,0.12798056,0.9468301,0.33817053,-0.02104319,0.0070118387,0.3210783,0.44243136,-0.30703944,-0.052152637,0.29279888,-0.7075428,0.0,0.238012,-0.20972967,0.027172448,1.1643692,-0.30247855,0.118895836,0.0
-0.033948854,0.800527,0.11011538,-0.4524041,-0.5134408,-0.49728233,0.53331,-0.2347933,-0.07573806,0.36468077,0.37452918,1.0472,-0.14692497,-0.13127595,-0.12491707,0.28762233,0.12848039,0.94864905,0.33674714,-0.021324797,0.0060999184,0.318087,0.43805826,-0.30622938,-0.043660235,0.29498416,-0.7022114,0.0,0.23730418,-0.20982234,0.028813494,1.1628011,-0.30628318,0.11645053,0.0
-0.034364246,0.80026746,0.1098033,-0.4503554,-0.5132371,-0.49931145,0.53334403,-0.24123071,-0.07629959,0.35948431,0.37716463,1.0472,-0.15227014,-0.13722524,-0.123597026,0.2908505,0.12945466,0.9505038,0.33562782,-0.021487866,0.0050780573,0.31557268,0.43366107,-0.30554843,-0.035093028,0.29924664,-0.69641924,0.0,0.23798388,-0.21008869,0.0308274,1.160271,-0.31023586,0.11493691,0.0
-0.03502382,0.800079,0.10953573,-0.4484233,-0.5128638,-0.5012864,0.5334786,-0.24775101,-0.07687949,0.3535287,0.3799346,1.0472,-0.15794925,-0.14243127,-0.122351505,0.2938953,0.12920538,0.95224744,0.33496445,-0.021638695,0.0041621225,0.31336808,0.4289154,-0.30499512,-0.026134415,0.30535194,-0.68995917,0.0,0.24011141,-0.21060789,0.03329197,1.1565934,-0.31415337,0.11425385,0.0
-0.035376858,0.7998448,0.10937201,-0.44661275,-0.51244897,-0.5031307,0.5336598,-0.2541046,-0.07758651,0.3471939,0.3827689,1.0472,-0.163744,-0.1477424,-0.12106021,0.296715,0.129729,0.9540306,0.33460873,-0.021922527,0.0031459136,0.3116917,0.42423692,-0.30457398,-0.01720888,0.31301764,-0.6829841,0.0,0.24295773,-0.21124797,0.03611097,1.1522306,-0.31846198,0.1142375,0.0
-0.03575965,0.79963046,0.10928386,-0.44487467,-0.51197433,-0.5049328,0.533865,-0.26027602,-0.07829222,0.3410171,0.3853307,1.0472,-0.16940707,-0.15292984,-0.119735934,0.29970402,0.13018195,0.9552515,0.33476916,-0.02249595,0.0020144365,0.31057382,0.4196625,-0.30419394,-0.008308504,0.32187217,-0.6752922,0.0,0.24552809,-0.211778,0.03948005,1.1477047,-0.32381114,0.11463473,0.0
-0.036126878,0.79940647,0.109213315,-0.4432618,-0.5114846,-0.50662357,0.534074,-0.26611724,-0.079021655,0.33495718,0.38768455,1.0472,-0.1751762,-0.15816666,-0.118291035,0.30295658,0.13133408,0.9560081,0.33560237,-0.0233445,0.0006704603,0.31017792,0.41552475,-0.3038959,0.00030052965,0.33235738,-0.66714984,0.0,0.24708508,-0.21193022,0.043460686,1.1437424,-0.33056042,0.11531093,0.0
-0.036536887,0.7992302,0.109159574,-0.44176435,-0.5108468,-0.5083225,0.534311,-0.27186203,-0.079621784,0.328776,0.38980418,1.0472,-0.18109213,-0.16231073,-0.1169459,0.30639842,0.13043243,0.9566988,0.33716834,-0.02454795,-0.0006821567,0.31046,0.4114716,-0.30369437,0.008974206,0.3444777,-0.6581855,0.0,0.24772637,-0.21178304,0.048491742,1.1403866,-0.3384893,0.11621498,0.0
-0.036879517,0.7990729,0.10911318,-0.44033384,-0.5102167,-0.50989985,0.5345908,-0.2774056,-0.080389224,0.32264817,0.39181957,1.0472,-0.18653879,-0.16693254,-0.11561092,0.30941814,0.13074686,0.95775473,0.33869156,-0.026008066,-0.0021867745,0.3114843,0.4078894,-0.3034241,0.017122371,0.35682842,-0.648412,0.0,0.2477097,-0.21159536,0.054032966,1.1376854,-0.34693304,0.11721434,0.0
-0.03722076,0.7989508,0.10904934,-0.43877956,-0.50955963,-0.5115564,0.5349127,-0.28302324,-0.08127449,0.3169903,0.39342737,1.0472,-0.19085407,-0.1720144,-0.11442021,0.31213093,0.13124144,0.95816815,0.33994088,-0.027743341,-0.0037339854,0.31319946,0.4044487,-0.30284566,0.024971416,0.36802813,-0.63701636,0.0,0.24745092,-0.2115998,0.06019003,1.1350743,-0.3556478,0.11835274,0.0
-0.037559915,0.7988804,0.1089965,-0.43713862,-0.50882447,-0.5133286,0.5352583,-0.28872395,-0.08219744,0.31180656,0.39464694,1.0472,-0.1937533,-0.17715472,-0.11344205,0.31435987,0.13100673,0.95849234,0.34081116,-0.02989812,-0.005022116,0.3156374,0.40097696,-0.30196926,0.03251175,0.37838563,-0.62347513,0.0,0.24729577,-0.21196142,0.06721946,1.1322455,-0.36473364,0.119820535,0.0
-0.037857573,0.7988134,0.108938605,-0.43548018,-0.50806105,-0.5151029,0.5356306,-0.2943615,-0.0831972,0.30694562,0.39559507,1.0472,-0.19555017,-0.18248618,-0.11259201,0.3161048,0.13082673,0.9589705,0.34143588,-0.03239916,-0.0061857845,0.31886724,0.39765894,-0.3009305,0.03961709,0.38842937,-0.6080442,0.0,0.24725051,-0.2126156,0.0749448,1.1291882,-0.37410364,0.12164349,0.0
-0.038103208,0.7987715,0.10885461,-0.43374896,-0.5072507,-0.5168936,0.53607804,-0.30002218,-0.08431289,0.30242205,0.3961807,1.0472,-0.19649294,-0.18794776,-0.11196907,0.3173935,0.1303645,0.9594046,0.34174186,-0.03525341,-0.007628231,0.32297954,0.3944254,-0.29964164,0.04669084,0.39717615,-0.5907557,0.0,0.24716176,-0.21338753,0.08336606,1.1257836,-0.3831722,0.12364013,0.0
-0.037863605,0.798683,0.10882501,-0.431917,-0.50641537,-0.51864177,0.53665817,-0.30572134,-0.08562174,0.29818803,0.3963844,1.0472,-0.19682522,-0.19357932,-0.11165071,0.31807104,0.12970619,0.96003103,0.34153813,-0.03846193,-0.009764641,0.3279136,0.3912774,-0.29791424,0.054189768,0.40347627,-0.57189786,0.0,0.2468582,-0.21410263,0.09226671,1.1220088,-0.3912526,0.12546605,0.0
-0.037946507,0.7986015,0.1087088,-0.4300133,-0.5056481,-0.52008265,0.53751516,-0.31121168,-0.087660335,0.29401517,0.39607963,1.0472,-0.19616398,-0.20060769,-0.11171045,0.3176373,0.1318207,0.96074015,0.34065798,-0.043375846,-0.013371189,0.33551884,0.38337117,-0.3052625,0.07267768,0.4136279,-0.52632713,0.0,0.24593262,-0.21780163,0.12672406,1.1175158,-0.37600315,0.12118702,0.0
-0.03836916,0.7987318,0.10859334,-0.42766222,-0.5049214,-0.5219263,0.5382866,-0.31712738,-0.08938055,0.29125804,0.3953597,1.0472,-0.19498247,-0.20865236,-0.11158525,0.31820092,0.13426585,0.9581295,0.339931,-0.045996822,-0.017272104,0.338659,0.38282967,-0.30284542,0.07786146,0.41114032,-0.51458955,0.0,0.24492869,-0.21750994,0.13187167,1.1147172,-0.3856302,0.121532686,0.0
-0.038625833,0.79879856,0.108507246,-0.42551708,-0.5039679,-0.52365756,0.53919804,-0.32297146,-0.09108614,0.28811726,0.39433983,1.0472,-0.19312198,-0.21450001,-0.11210131,0.3175019,0.13225543,0.9585537,0.33865994,-0.05024206,-0.021232303,0.34476703,0.38125265,-0.29792473,0.08635331,0.4074461,-0.49459082,0.0,0.24348395,-0.21710016,0.13950792,1.1102288,-0.3953232,0.12244365,0.0
-0.038747,0.79878175,0.108433895,-0.42316294,-0.5031648,-0.52514404,0.5403538,-0.32865182,-0.09382757,0.28498715,0.3927869,1.0472,-0.19171983,-0.22348037,-0.11266203,0.3161629,0.13642907,0.95676476,0.3358092,-0.055206016,-0.02612453,0.35316762,0.37788108,-0.2936268,0.09782323,0.4043596,-0.4660889,0.0,0.24224809,-0.21727808,0.14926735,1.1048182,-0.39981502,0.12345609,0.0
-0.038809773,0.7988797,0.10849738,-0.42067924,-0.5025499,-0.52673036,0.5413204,-0.33369657,-0.0966102,0.28268662,0.39054975,1.0472,-0.19107,-0.23048767,-0.11387653,0.31479955,0.13658366,0.9585071,0.3314263,-0.05976202,-0.031036945,0.36234915,0.37230155,-0.29211482,0.11293948,0.40201366,-0.42981735,0.0,0.2409598,-0.21897869,0.16860066,1.0993313,-0.38994,0.122066684,0.0
-0.038845807,0.7988874,0.10845132,-0.41796944,-0.5018763,-0.52846515,0.5423527,-0.339016,-0.099547386,0.28071168,0.3879236,1.0472,-0.19087447,-0.23888478,-0.114950575,0.31338537,0.13856912,0.957766,0.32613406,-0.06363233,-0.03590832,0.36847535,0.3686801,-0.28976968,0.12517191,0.39378574,-0.40461516,0.0,0.23931135,-0.21987794,0.18111977,1.0948642,-0.38271913,0.12105255,0.0
-0.03881629,0.7988727,0.108335495,-0.41524526,-0.5011298,-0.5301632,0.5434772,-0.34436634,-0.102637246,0.2786707,0.3850387,1.0472,-0.19077723,-0.24682312,-0.11631852,0.31171215,0.13934456,0.9576838,0.32037488,-0.067974746,-0.040914163,0.3745641,0.36464173,-0.2865921,0.13828735,0.3843875,-0.37963402,0.0,0.23764922,-0.22077598,0.1925301,1.0899947,-0.37515914,0.12045775,0.0
-0.038657695,0.79893947,0.10823378,-0.4125493,-0.5003117,-0.5317424,0.5447399,-0.34986454,-0.10591169,0.27643508,0.382137,1.0472,-0.19058336,-0.25519824,-0.11768941,0.31037125,0.14092293,0.9570741,0.31489727,-0.07281387,-0.046162065,0.38009185,0.3608173,-0.28260648,0.15145408,0.3740171,-0.35722545,0.0,0.23599891,-0.22140501,0.20171137,1.084911,-0.3698263,0.120281786,0.0
-0.03834514,0.799089,0.1079929,-0.40994683,-0.49940142,-0.5331425,0.54616946,-0.35536882,-0.10944949,0.27384007,0.37911403,1.0472,-0.19025989,-0.2630039,-0.119426735,0.3090053,0.14141509,0.95714116,0.3094847,-0.07882671,-0.05178295,0.3853721,0.35644674,-0.2780821,0.16613129,0.3644217,-0.33490154,0.0,0.23429595,-0.22202583,0.21067657,1.0792954,-0.36523613,0.120170146,0.0
-0.038166955,0.79924375,0.10790513,-0.40739176,-0.49842164,-0.5344169,0.5477284,-0.360852,-0.11323208,0.27101883,0.37589768,1.0472,-0.18991959,-0.27033284,-0.12150038,0.3075099,0.14091198,0.95787495,0.30387858,-0.08569915,-0.057689812,0.39018145,0.35161617,-0.27317077,0.18199512,0.35472888,-0.31326747,0.0,0.23251735,-0.22269468,0.2193235,1.0733393,-0.36058286,0.11999077,0.0
-0.038095426,0.7994454,0.10791633,-0.40478876,-0.49728256,-0.5356899,0.5494475,-0.366853,-0.1170932,0.2679588,0.3727421,1.0472,-0.18966432,-0.2794493,-0.12310375,0.306629,0.14349428,0.9553303,0.29890895,-0.09248451,-0.063525304,0.39429495,0.34791848,-0.26874596,0.19578572,0.34159,-0.2955856,0.0,0.23074412,-0.22308843,0.22501756,1.0679282,-0.3579039,0.11998558,0.0
-0.03809917,0.7996065,0.107713245,-0.4023053,-0.49598318,-0.53698033,0.5511836,-0.37316376,-0.120606706,0.26482052,0.36983576,1.0472,-0.18908335,-0.2877335,-0.12455215,0.30622447,0.14434214,0.9541044,0.29483747,-0.099011935,-0.06896489,0.3978705,0.34364867,-0.2632631,0.21190773,0.3253959,-0.27634495,0.0,0.22920279,-0.22353154,0.23125459,1.061972,-0.35511464,0.120268255,0.0
-0.03810161,0.7998072,0.10743632,-0.40001673,-0.49439505,-0.5382862,0.5529994,-0.3801073,-0.12371583,0.26111338,0.3674493,1.0472,-0.18829717,-0.29568878,-0.12558916,0.30597338,0.1443834,0.9535494,0.29182065,-0.10520462,-0.073822625,0.40025893,0.3391575,-0.25756994,0.22916469,0.30525038,-0.25751454,0.0,0.2279923,-0.22410803,0.23763266,1.0560398,-0.35156766,0.12044035,0.0
-0.038024824,0.8000332,0.10713584,-0.39783296,-0.49265525,-0.53952956,0.5549124,-0.38749486,-0.12672196,0.2570371,0.36546162,1.0472,-0.18738942,-0.30470893,-0.12611,0.3060087,0.1465296,0.9524962,0.289535,-0.11101351,-0.07848053,0.40162525,0.3349698,-0.25213394,0.24670902,0.28168023,-0.239926,0.0,0.22701487,-0.22472255,0.24341746,1.0503374,-0.34759054,0.1204128,0.0
-0.037933614,0.80036,0.10686207,-0.39565748,-0.49063465,-0.5409328,0.5568884,-0.39541623,-0.1293639,0.25295013,0.3634417,1.0472,-0.18635407,-0.31279695,-0.12658365,0.3067322,0.14605351,0.9507558,0.2882903,-0.11681052,-0.08253,0.40167633,0.3304274,-0.24628013,0.2656929,0.25504512,-0.22264585,0.0,0.22616033,-0.22548148,0.24976692,1.0443852,-0.34397814,0.1202982,0.0
-0.037734274,0.8007364,0.10656087,-0.39353263,-0.4885232,-0.54231614,0.5589012,-0.40341976,-0.13198248,0.24875621,0.36144447,1.0472,-0.18528791,-0.32141247,-0.12687404,0.30766022,0.14648941,0.94956416,0.28786427,-0.12219934,-0.08599259,0.4006987,0.32615453,-0.24077196,0.2842786,0.22591366,-0.20735838,0.0,0.22556804,-0.22638845,0.25583646,1.0387336,-0.3407653,0.12003943,0.0
-0.037620027,0.8011444,0.10614589,-0.3913488,-0.48625824,-0.5438006,0.5609635,-0.41171432,-0.13453625,0.24464199,0.3592525,1.0472,-0.1842672,-0.33056706,-0.12694451,0.30933955,0.14733787,0.9474147,0.28862113,-0.12722915,-0.088702075,0.39864728,0.3220866,-0.23517272,0.30310568,0.19195956,-0.19335034,0.0,0.22518145,-0.22745372,0.26185188,1.0331473,-0.33832288,0.119672686,0.0
-0.03748595,0.8015585,0.1059251,-0.38908622,-0.48396224,-0.545382,0.56298405,-0.42014417,-0.13695134,0.24094842,0.35693905,1.0472,-0.18315996,-0.3397187,-0.12686738,0.31210315,0.14774115,0.9455803,0.2905194,-0.131851,-0.090970896,0.391993,0.31603163,-0.22827879,0.32914743,0.15544516,-0.17909953,0.0,0.22555237,-0.22942781,0.27148744,1.0261725,-0.33336708,0.11851317,0.0
-0.037067294,0.8019964,0.105574004,-0.38694808,-0.48133558,-0.5470097,0.5651263,-0.42899033,-0.13910715,0.23682983,0.35471827,1.0472,-0.18196009,-0.34863636,-0.12667063,0.3146384,0.14724985,0.94316334,0.29302886,-0.1364057,-0.092431456,0.38573197,0.31128922,-0.22225077,0.3508692,0.11801392,-0.16928895,0.0,0.2257478,-0.23130172,0.28032258,1.0204929,-0.3294262,0.116957895,0.0
-0.03684975,0.8024424,0.105167285,-0.38475826,-0.47872877,-0.5486355,0.5672558,-0.43782118,-0.14115204,0.23315817,0.3525811,1.0472,-0.18049927,-0.35864416,-0.1262045,0.31767297,0.14899303,0.93918526,0.29565465,-0.14031607,-0.09396659,0.38099462,0.30797356,-0.21688075,0.36769405,0.08388558,-0.16256957,0.0,0.2258626,-0.2327704,0.28746524,1.0156586,-0.32783744,0.11594341,0.0
-0.036580518,0.80288637,0.10481839,-0.38268226,-0.4760598,-0.55027604,0.56931347,-0.44653255,-0.14277177,0.22982001,0.3506623,1.0472,-0.17853896,-0.36829633,-0.12551637,0.32119974,0.15042989,0.9353389,0.29890767,-0.1436923,-0.09524487,0.37601665,0.30499834,-0.2114848,0.3824952,0.0545134,-0.15923381,0.0,0.22625266,-0.2342489,0.29454312,1.0109721,-0.3277403,0.11531764,0.0
-0.03631104,0.8033476,0.10451501,-0.38068032,-0.47324467,-0.55197114,0.57135797,-0.45533472,-0.14404699,0.22665787,0.3488603,1.0472,-0.17623946,-0.37755036,-0.12471164,0.32511005,0.15104383,0.93143743,0.3027855,-0.14677429,-0.09613485,0.3708343,0.30233708,-0.20584382,0.39543468,0.027862117,-0.1592189,0.0,0.22688767,-0.23577772,0.30167416,1.0065203,-0.32879025,0.114900656,0.0
-0.03612668,0.80385965,0.10430411,-0.37870768,-0.47032106,-0.5536932,0.5734131,-0.46424136,-0.14507368,0.22366077,0.34714013,1.0472,-0.1737709,-0.38653153,-0.12394206,0.32876116,0.15089434,0.92798054,0.30636027,-0.14953856,-0.09672478,0.36581197,0.30005354,-0.1999331,0.4064267,0.0043722373,-0.16193606,0.0,0.22769614,-0.23732983,0.3087536,1.0022393,-0.32996345,0.11452732,0.0
-0.035940595,0.80435896,0.10404585,-0.37669528,-0.46731916,-0.55544305,0.5754969,-0.47329316,-0.1459441,0.22089304,0.3454314,1.0472,-0.17130153,-0.39546007,-0.123361304,0.33164185,0.1501155,0.9251006,0.3087303,-0.15198912,-0.097144105,0.36137944,0.2982006,-0.19386572,0.4153044,-0.015534522,-0.16653357,0.0,0.22863087,-0.23890653,0.31561399,0.9979961,-0.33035162,0.114072084,0.0
-0.035673805,0.80483985,0.10381938,-0.37454915,-0.46433267,-0.55714434,0.5776664,-0.48240253,-0.14692989,0.21850713,0.34357888,1.0472,-0.16870667,-0.40589923,-0.12277471,0.33391497,0.15188093,0.9211524,0.30959707,-0.15390922,-0.097720064,0.3582295,0.29698935,-0.18900162,0.42089605,-0.03235877,-0.17176497,0.0,0.22957441,-0.24018894,0.3209591,0.99433976,-0.3307192,0.11381764,0.0
-0.03544956,0.805309,0.10352796,-0.37235832,-0.46126795,-0.55893695,0.5798024,-0.4916225,-0.14758433,0.2165991,0.34171945,1.0472,-0.16586451,-0.41626662,-0.12220738,0.33597285,0.1530289,0.9172902,0.30971014,-0.15521136,-0.09806318,0.35520816,0.2961745,-0.18419117,0.42475182,-0.046038494,-0.17909859,0.0,0.23078838,-0.24154222,0.32615843,0.99054164,-0.3306597,0.11364906,0.0
-0.035294067,0.80574137,0.103190735,-0.3701271,-0.45815715,-0.56075835,0.58193487,-0.501031,-0.14807932,0.21486266,0.34002918,1.0472,-0.16326152,-0.4266751,-0.12172208,0.33744678,0.15384226,0.91386014,0.30894625,-0.15622225,-0.09825765,0.3526673,0.29576364,-0.17950727,0.4267738,-0.056164347,-0.18775237,0.0,0.23217627,-0.24294123,0.33110848,0.98650324,-0.33021772,0.113469794,0.0
-0.035139494,0.80612767,0.10283008,-0.36787233,-0.45498568,-0.5625259,0.5841427,-0.5107186,-0.1486691,0.21298724,0.33857405,1.0472,-0.16130786,-0.43788084,-0.12124503,0.3380549,0.1559049,0.91011983,0.3072102,-0.1575203,-0.09842437,0.3511125,0.29567513,-0.176135,0.4268627,-0.062504925,-0.19501351,0.0,0.23336746,-0.24400583,0.33480725,0.9826523,-0.33018583,0.11344743,0.0
-0.03483534,0.8065352,0.102419935,-0.365356,-0.45188838,-0.5644966,0.5862215,-0.52087706,-0.148981,0.21176748,0.3374479,1.0472,-0.16025905,-0.44920626,-0.12079602,0.33858234,0.15719794,0.90603954,0.3045125,-0.15834425,-0.09866178,0.34993505,0.29608122,-0.17266041,0.42522582,-0.06361969,-0.20273177,0.0,0.23475154,-0.24524648,0.33870676,0.97766733,-0.32953325,0.11334902,0.0
-0.034621082,0.80702007,0.102013625,-0.36277354,-0.44872966,-0.56653935,0.58827746,-0.5313615,-0.14908509,0.21073574,0.3365698,1.0472,-0.15982343,-0.46026072,-0.12051422,0.3384498,0.15729594,0.9025715,0.30082557,-0.15904099,-0.09875268,0.3494177,0.29691646,-0.16924292,0.42152038,-0.05993081,-0.2108565,0.0,0.23644477,-0.24668702,0.34278607,0.9717242,-0.32790878,0.11309412,0.0
-0.0344324,0.807392,0.101601146,-0.35995317,-0.44574565,-0.56870025,0.5901903,-0.5420497,-0.14902578,0.21036899,0.33602917,1.0472,-0.15983038,-0.4724377,-0.11992224,0.3386867,0.15926266,0.898041,0.29651648,-0.15892969,-0.09908271,0.35040915,0.29851565,-0.16452868,0.41470364,-0.05442867,-0.22159533,0.0,0.23933199,-0.24895613,0.34830588,0.96343154,-0.32466534,0.11260073,0.0
-0.034240816,0.8076838,0.10123017,-0.35750505,-0.44258535,-0.5705239,0.5922929,-0.5525511,-0.14935978,0.20858654,0.3357656,1.0472,-0.15983677,-0.48370314,-0.119831994,0.337201,0.16035306,0.89610195,0.29238528,-0.15969741,-0.099115856,0.35148585,0.29951417,-0.162002,0.40877202,-0.050003286,-0.22925614,0.0,0.2412969,-0.2502568,0.35181096,0.9574765,-0.32476163,0.11273618,0.0
-0.034036245,0.80796295,0.10088666,-0.35462293,-0.43967053,-0.5726376,0.59415376,-0.5634642,-0.14931326,0.20776424,0.33590823,1.0472,-0.16013251,-0.49564654,-0.119379826,0.33714765,0.16209391,0.8917439,0.28842333,-0.1592596,-0.0995742,0.35426885,0.3015841,-0.15799385,0.39911976,-0.046944603,-0.2404894,0.0,0.24467182,-0.25252935,0.3569759,0.94861317,-0.32476872,0.11362496,0.0
-0.033900604,0.80820996,0.10048163,-0.35193682,-0.43672818,-0.57454765,0.5960739,-0.5742339,-0.14949422,0.20616132,0.33632752,1.0472,-0.16059957,-0.5075235,-0.11911836,0.33609855,0.16434538,0.8887481,0.28454286,-0.15890667,-0.09993576,0.357582,0.30357152,-0.15440786,0.38892543,-0.04339919,-0.25144088,0.0,0.24797165,-0.25459746,0.36158386,0.94019544,-0.3260531,0.11510347,0.0
-0.033775058,0.8084753,0.10014229,-0.34923524,-0.433729,-0.5765062,0.59795874,-0.5852567,-0.14947465,0.20458142,0.33719215,1.0472,-0.1611589,-0.51846284,-0.11903495,0.3347324,0.16460693,0.886657,0.2803278,-0.1587107,-0.100179374,0.36462778,0.3068559,-0.14683908,0.37378109,-0.04108924,-0.26687926,0.0,0.25328505,-0.25832,0.368418,0.9281096,-0.3258302,0.11645674,0.0
-0.03365961,0.8087522,0.09983481,-0.3465151,-0.43079266,-0.57835466,0.5998758,-0.59627634,-0.14963837,0.20321757,0.3383314,1.0472,-0.16177402,-0.52991843,-0.11901686,0.3330217,0.16619787,0.88443464,0.27520666,-0.15864952,-0.10051961,0.36889985,0.30863684,-0.14245187,0.36383322,-0.041206796,-0.27875185,0.0,0.25639042,-0.26031694,0.37254807,0.9200051,-0.3292162,0.117366046,0.0
-0.033530302,0.8089112,0.09954471,-0.3437999,-0.4279303,-0.58019936,0.6017027,-0.6073271,-0.14963877,0.20228748,0.3399999,1.0472,-0.1622893,-0.5412879,-0.11892417,0.33098274,0.16795179,0.88299173,0.26899925,-0.15843464,-0.100847475,0.3758132,0.31136698,-0.13431618,0.35158768,-0.045024488,-0.29533783,0.0,0.2612196,-0.2635473,0.37813625,0.90896654,-0.33246294,0.116999075,0.0
-0.033435393,0.80900955,0.09924542,-0.34117198,-0.42503622,-0.58200645,0.60350186,-0.6184299,-0.14953697,0.20135234,0.34211525,1.0472,-0.16282775,-0.5523739,-0.118865766,0.32826513,0.16943325,0.88255644,0.26185656,-0.15823562,-0.10094164,0.38105673,0.3133039,-0.12817305,0.3426242,-0.05139949,-0.31056672,0.0,0.26489025,-0.26586586,0.3824025,0.8999653,-0.33849874,0.11618904,0.0
-0.03330572,0.8092715,0.09898305,-0.33911616,-0.42138362,-0.5845997,0.6047144,-0.63028663,-0.14685148,0.19948393,0.34537834,1.0472,-0.16354048,-0.5625966,-0.11658859,0.3242983,0.16862579,0.88698643,0.25432083,-0.15704806,-0.09818812,0.38494632,0.31468967,-0.12449204,0.33616343,-0.059328318,-0.32339573,0.0,0.26764068,-0.26761654,0.38530448,0.89270586,-0.34528938,0.115612164,0.0
-0.03318737,0.80949223,0.098719,-0.33683985,-0.4179988,-0.5870414,0.6059691,-0.642141,-0.14467014,0.19809748,0.34882954,1.0472,-0.16444162,-0.5753691,-0.11403712,0.32115284,0.17323062,0.88896394,0.24711458,-0.15556191,-0.09614226,0.3875036,0.31555548,-0.122750886,0.3321389,-0.06720258,-0.33220756,0.0,0.2693272,-0.26855406,0.38693637,0.88762146,-0.3512051,0.11547613,0.0
-0.033101473,0.8096141,0.09840967,-0.33433408,-0.41486305,-0.5893497,0.6072697,-0.65411246,-0.1430491,0.19692469,0.35254344,1.0472,-0.16611047,-0.5894115,-0.11168387,0.31847897,0.18049914,0.88985026,0.24025461,-0.15334901,-0.09489717,0.39146972,0.31758702,-0.11894053,0.32599193,-0.07544462,-0.34529534,0.0,0.27255347,-0.27031577,0.3889268,0.8796354,-0.352717,0.11559812,0.0
-0.03296425,0.8096942,0.09805738,-0.33196446,-0.4116672,-0.59142214,0.608728,-0.6660927,-0.14186566,0.19525515,0.35649207,1.0472,-0.16806294,-0.60225964,-0.11010169,0.31510305,0.18582484,0.89301413,0.23365417,-0.15178648,-0.09368441,0.39805788,0.32026583,-0.10907583,0.3175539,-0.083504856,-0.36344644,0.0,0.27803624,-0.27360994,0.39083624,0.8679916,-0.35144526,0.116374075,0.0
-0.032842554,0.8096181,0.09767859,-0.32943344,-0.4086794,-0.5934572,0.61013395,-0.678159,-0.14075746,0.19418806,0.3608869,1.0472,-0.16987881,-0.6162904,-0.10830919,0.312401,0.19373803,0.8947846,0.22714713,-0.14984563,-0.0928959,0.40226683,0.32133424,-0.10272849,0.31313482,-0.09132684,-0.37584168,0.0,0.2809872,-0.27516365,0.39126092,0.8607511,-0.35153392,0.1172297,0.0
-0.03260893,0.8093654,0.09739209,-0.32710356,-0.4055902,-0.5954721,0.61148417,-0.69033074,-0.1392553,0.19311874,0.36600932,1.0472,-0.17102243,-0.6287255,-0.10664613,0.30949408,0.19892864,0.8981494,0.22069159,-0.14851843,-0.09166132,0.4109873,0.32091966,-0.07931348,0.30588356,-0.09500959,-0.40357393,0.0,0.2876735,-0.278708,0.3889393,0.84747154,-0.35358623,0.120092794,0.0
-0.03249024,0.80911976,0.097211726,-0.3246119,-0.402729,-0.5975978,0.6126284,-0.7025769,-0.13720067,0.19330864,0.3717605,1.0472,-0.17094202,-0.6425675,-0.10413813,0.30805108,0.20736891,0.8981666,0.21396536,-0.1463856,-0.090668954,0.4130607,0.32101804,-0.07761715,0.30604324,-0.104725495,-0.40831637,0.0,0.28835216,-0.2789045,0.3888156,0.8446441,-0.3562016,0.11995813,0.0
-0.032862905,0.80926085,0.096893735,-0.3225254,-0.3995343,-0.5998604,0.6136099,-0.71505195,-0.13420238,0.19290657,0.37838396,1.0472,-0.17035303,-0.6533542,-0.10159021,0.30582264,0.21024737,0.90140027,0.20702328,-0.14474332,-0.08846556,0.41919652,0.3200381,-0.056410097,0.3047162,-0.110368766,-0.43328738,0.0,0.2944702,-0.28167453,0.38465333,0.8328821,-0.3605446,0.12213195,0.0
-0.032980442,0.80909866,0.09649545,-0.32015702,-0.3966195,-0.6020237,0.61462176,-0.72775275,-0.13153085,0.19338904,0.38562787,1.0472,-0.16955616,-0.6665642,-0.09884122,0.30444446,0.2177934,0.90204704,0.20056574,-0.14264916,-0.087098375,0.42144024,0.32004666,-0.054773066,0.30638975,-0.121446155,-0.43638828,0.0,0.29504603,-0.28196016,0.38442186,0.8304932,-0.36397895,0.12164956,0.0
-0.032641694,0.8085618,0.096065775,-0.31800374,-0.39342514,-0.6041569,0.61569864,-0.7411061,-0.12885778,0.19271345,0.39406133,1.0472,-0.1698214,-0.6784121,-0.09660072,0.3014355,0.22202955,0.9066867,0.19506373,-0.14116463,-0.085098825,0.42609674,0.31892845,-0.035969187,0.30898026,-0.12851483,-0.45716032,0.0,0.30068132,-0.28458586,0.38015884,0.8197975,-0.37078336,0.12408107,0.0
-0.032461267,0.80820775,0.09571664,-0.31547913,-0.39047375,-0.60612386,0.6169418,-0.75511646,-0.12699714,0.19256389,0.40360218,1.0472,-0.17080896,-0.69343925,-0.09458482,0.29838827,0.23139402,0.9089739,0.19018143,-0.13937753,-0.08420843,0.42862418,0.31902862,-0.034210466,0.31166536,-0.14083761,-0.4591241,0.0,0.30125389,-0.2850198,0.37998962,0.81759554,-0.37740782,0.12417263,0.0
-0.032375228,0.80791664,0.095331445,-0.31323856,-0.38719168,-0.60807806,0.61822754,-0.76977164,-0.12504265,0.19115433,0.41441655,1.0472,-0.1727864,-0.7069551,-0.09300873,0.29354215,0.23718114,0.91475815,0.18567517,-0.13835442,-0.082508266,0.43262658,0.31786126,-0.015794476,0.3171869,-0.1493803,-0.47777152,0.0,0.30662805,-0.2879673,0.37516373,0.8071178,-0.3875753,0.12823547,0.0
-0.03225804,0.80756646,0.09484806,-0.3107937,-0.38406873,-0.60993737,0.61957645,-0.7847375,-0.123451196,0.19017069,0.42574596,1.0472,-0.17493857,-0.72210103,-0.09149599,0.2891835,0.24609536,0.9205189,0.18279155,-0.13699378,-0.08146238,0.43558067,0.3181149,-0.012556314,0.32182202,-0.1625915,-0.4797268,0.0,0.30770016,-0.28892154,0.37472355,0.80405986,-0.3967897,0.12900497,0.0
-0.032183275,0.8071929,0.09427394,-0.30841875,-0.38094178,-0.61171144,0.6209432,-0.79975843,-0.12194471,0.1888957,0.4372815,1.0472,-0.17732081,-0.7363435,-0.090293884,0.28498378,0.2539373,0.93122417,0.18257292,-0.13588409,-0.08029991,0.43876344,0.31709203,0.0023606126,0.32921666,-0.17139672,-0.49268714,0.0,0.31256273,-0.291628,0.37021825,0.79459804,-0.40917116,0.13345286,0.0
-0.03202007,0.8066736,0.09375323,-0.30599916,-0.3779174,-0.6133176,0.6224023,-0.81480885,-0.12082196,0.18762496,0.44889534,1.0472,-0.18009119,-0.7510143,-0.08931038,0.2814723,0.2633839,0.9454122,0.18654802,-0.13460496,-0.07955673,0.44210684,0.3174766,0.004935778,0.3347911,-0.18502167,-0.49188355,0.0,0.31358397,-0.29244053,0.3700392,0.79180413,-0.42035377,0.13431516,0.0
-0.03186326,0.80607456,0.093216516,-0.3037151,-0.3748023,-0.6149048,0.623837,-0.8300275,-0.119646475,0.18582666,0.46092492,1.0472,-0.18343505,-0.7642172,-0.08859736,0.27781403,0.27038723,0.96520215,0.19373028,-0.13365662,-0.078449525,0.44479197,0.31714022,0.017176475,0.344768,-0.19628523,-0.4998109,0.0,0.31893858,-0.29549882,0.3658318,0.78155893,-0.43425566,0.13907567,0.0
-0.03170656,0.8054756,0.09276333,-0.3013425,-0.37172112,-0.61649305,0.6252619,-0.8454948,-0.118462905,0.18422931,0.4732486,1.0472,-0.18654206,-0.7782125,-0.08775444,0.27446267,0.27934775,0.98623145,0.20131022,-0.13232714,-0.07755848,0.44833124,0.31774396,0.02019951,0.35196894,-0.20861144,-0.49740332,0.0,0.3204047,-0.29664952,0.36556676,0.7781223,-0.4478767,0.14055118,0.0
-0.031831805,0.8050589,0.09234486,-0.2990452,-0.36845374,-0.6181854,0.6266265,-0.86127484,-0.11690068,0.18243247,0.48584148,1.0472,-0.18878517,-0.79193014,-0.08673231,0.27069217,0.2882745,1.0087523,0.20658652,-0.1310843,-0.07619228,0.45138323,0.31845233,0.023755044,0.36041862,-0.21626148,-0.49500477,0.0,0.32256824,-0.29843494,0.3652035,0.7734446,-0.46328068,0.14287907,0.0
-0.031817432,0.8045986,0.09186598,-0.2965115,-0.36531577,-0.6199915,0.6278822,-0.87729657,-0.11513725,0.18130603,0.4985907,1.0472,-0.18983215,-0.8065588,-0.08552244,0.26721066,0.2993727,1.031648,0.20869431,-0.12944603,-0.075055666,0.45402792,0.31915635,0.027574304,0.37004438,-0.21955767,-0.49214256,0.0,0.3253071,-0.30092898,0.3645973,0.767753,-0.48128214,0.14606777,0.0
-0.031656217,0.8040773,0.09136505,-0.29399714,-0.36204737,-0.6219917,0.62897843,-0.89366853,-0.11281924,0.18010461,0.5117111,1.0472,-0.19008498,-0.8232654,-0.08329873,0.26379803,0.315659,1.0472,0.20947452,-0.12749854,-0.07340148,0.45639393,0.3197827,0.030892584,0.38050944,-0.21942124,-0.48825037,0.0,0.32827806,-0.30375543,0.3638486,0.76154,-0.5015564,0.15001348,0.0
-0.031384815,0.8036183,0.090957016,-0.29167068,-0.3584594,-0.6241954,0.6299327,-0.91040695,-0.10975976,0.17829,0.5252587,1.0472,-0.19013873,-0.8436774,-0.07932938,0.26064882,0.3408698,1.0472,0.2098957,-0.12517884,-0.071021624,0.45902002,0.32058442,0.03315871,0.39025474,-0.2150283,-0.48255637,0.0,0.33078325,-0.30621755,0.36336768,0.75634307,-0.5223917,0.15385877,0.0
-0.031321414,0.8031298,0.09044268,-0.28961805,-0.35452744,-0.62631345,0.6310018,-0.92732126,-0.10655908,0.1756432,0.53900677,1.0472,-0.19038153,-0.86403924,-0.075285114,0.25684842,0.36662117,1.0472,0.20967403,-0.12322411,-0.068330444,0.46130314,0.32172105,0.034704514,0.40001857,-0.20489155,-0.4751868,0.0,0.33355922,-0.30867618,0.36294168,0.7505477,-0.5420273,0.15856338,0.0
-0.031298995,0.8026746,0.089830756,-0.2879871,-0.3500326,-0.62843204,0.63215023,-0.94461364,-0.10284386,0.17175356,0.553098,1.0472,-0.19108523,-0.8847096,-0.070714995,0.25233027,0.3939288,1.0472,0.2089591,-0.12132315,-0.065066084,0.46336293,0.3234074,0.035461254,0.4093539,-0.18864655,-0.4657162,0.0,0.33658975,-0.31081748,0.36253121,0.7443757,-0.5597088,0.16403686,0.0
-0.03195586,0.8023647,0.089726664,-0.28665006,-0.34512895,-0.63053095,0.63336295,-0.96223146,-0.09883449,0.1669064,0.5674765,1.0472,-0.19194503,-0.905708,-0.065879434,0.24708565,0.42267013,1.0472,0.20739686,-0.119563475,-0.061386086,0.46498206,0.32568288,0.034696765,0.41895702,-0.16739468,-0.45338887,0.0,0.34028628,-0.3130595,0.36171508,0.7368816,-0.5765979,0.17089954,0.0
-0.032387245,0.8019069,0.08944164,-0.28529522,-0.3402684,-0.63248754,0.63465244,-0.9797276,-0.095187984,0.16207156,0.58184516,1.0472,-0.19269842,-0.9262643,-0.06164857,0.24149317,0.45059776,1.0472,0.20479845,-0.11809111,-0.057975106,0.46553347,0.32865685,0.028769704,0.4294168,-0.14313884,-0.4363043,0.0,0.34569323,-0.31619367,0.35879895,0.7258616,-0.59445965,0.18069004,0.0
-0.03272087,0.8014031,0.08903939,-0.2835261,-0.33596256,-0.63422364,0.63600516,-0.9966537,-0.09248282,0.1583491,0.5958539,1.0472,-0.19312206,-0.9456637,-0.058796853,0.23619764,0.4754747,1.0472,0.20105205,-0.11705701,-0.05572693,0.46720663,0.3313173,0.022484107,0.43870595,-0.11441276,-0.41928786,0.0,0.34969085,-0.31885508,0.35728383,0.71715254,-0.6132064,0.18949366,0.0
-0.03281932,0.80079824,0.08869863,-0.28122404,-0.3324463,-0.6356335,0.6374657,-1.012815,-0.091073275,0.15606582,0.6096261,1.0472,-0.19305715,-0.96334904,-0.05765532,0.23171486,0.4970514,1.0472,0.19542049,-0.11669168,-0.055046573,0.4697813,0.33319902,0.01727909,0.44753677,-0.0789798,-0.40328762,0.0,0.35272777,-0.32180986,0.3577436,0.70986253,-0.63246465,0.19748631,0.0
-0.032825578,0.8001771,0.08856161,-0.278621,-0.32938346,-0.63686156,0.63897127,-1.0285195,-0.09038325,0.15461974,0.62334585,1.0472,-0.19265844,-0.9797547,-0.05756529,0.22769964,0.51628584,1.0472,0.18828298,-0.11676369,-0.055242013,0.47149336,0.33526012,0.006816822,0.45793363,-0.040384803,-0.3819004,0.0,0.35695267,-0.32635853,0.35843572,0.69959956,-0.6516642,0.20744209,0.0
-0.032530565,0.7995415,0.08861109,-0.27581185,-0.32648292,-0.6380907,0.6404506,-1.0440007,-0.08976385,0.15385741,0.6366262,1.0472,-0.19216666,-0.99566,-0.057932943,0.22379564,0.53279406,1.0472,0.18138073,-0.116865106,-0.055785265,0.47386435,0.3369981,-0.0015437872,0.46821535,0.0025501538,-0.36362696,0.0,0.3600549,-0.33049622,0.36026883,0.6912399,-0.6710644,0.21642123,0.0
-0.03232248,0.79885745,0.08850211,-0.2729499,-0.32338756,-0.63958246,0.6417579,-1.0595762,-0.088376805,0.15342137,0.6492403,1.0472,-0.19185245,-1.0118108,-0.057975344,0.21948156,0.5461927,1.0472,0.17648032,-0.116407074,-0.055797484,0.47497955,0.33936587,-0.014295886,0.48033616,0.044516936,-0.34415093,0.0,0.36358756,-0.33556995,0.36228514,0.6814724,-0.68968284,0.22604258,0.0
-0.032148562,0.79832184,0.08816027,-0.27003142,-0.32002163,-0.64146626,0.64279884,-1.0754029,-0.08585383,0.15332812,0.66127306,1.0472,-0.19187903,-1.0284933,-0.05743328,0.21457487,0.5554647,1.0472,0.17498425,-0.11507931,-0.055032484,0.4752903,0.3421604,-0.028356554,0.49392712,0.08582212,-0.32626325,0.0,0.36673772,-0.34070072,0.36432067,0.6719292,-0.70779985,0.23519222,0.0
-0.03203087,0.7979045,0.087727726,-0.26698613,-0.31656507,-0.6436184,0.6436307,-1.0913093,-0.08257685,0.15365706,0.6728378,1.0472,-0.19209205,-1.0453476,-0.05661296,0.20936842,0.5612426,1.0472,0.17567757,-0.11314505,-0.053880185,0.4753166,0.3449009,-0.042085283,0.5082759,0.12916836,-0.31071937,0.0,0.3694981,-0.34602213,0.36669317,0.66266763,-0.72556776,0.2440068,0.0
-0.031970017,0.79751265,0.08739722,-0.26386288,-0.31305635,-0.6458681,0.6443808,-1.1070853,-0.078992546,0.15420848,0.68368965,1.0472,-0.19230123,-1.0621597,-0.055722937,0.20411757,0.56564736,1.0472,0.17639363,-0.11105384,-0.052707452,0.47488376,0.34805506,-0.05775313,0.5232586,0.17326415,-0.2952502,0.0,0.3722591,-0.35169083,0.36939692,0.6529239,-0.74352473,0.2537528,0.0
-0.031840708,0.79728246,0.08719062,-0.26065922,-0.30959302,-0.6480058,0.64521116,-1.1224793,-0.07563803,0.15487154,0.69352674,1.0472,-0.19229351,-1.0786632,-0.055062614,0.19916897,0.5707268,1.0472,0.17500387,-0.109371826,-0.051999576,0.47500515,0.35145125,-0.0733014,0.5371305,0.2193796,-0.2810881,0.0,0.37475464,-0.35738784,0.37283546,0.64319175,-0.762354,0.26508224,0.0
-0.031793717,0.79691064,0.08718147,-0.25740907,-0.30616748,-0.6499973,0.64614683,-1.1373119,-0.07251079,0.1556606,0.70204073,1.0472,-0.19217889,-1.0944237,-0.054650333,0.19455463,0.57613355,1.0472,0.1705186,-0.10819225,-0.051798858,0.47534305,0.3553145,-0.090160415,0.5502694,0.26874062,-0.26710117,0.0,0.37709838,-0.36312935,0.37694606,0.63316685,-0.78312707,0.2789786,0.0
-0.031872805,0.7965816,0.08682889,-0.25408348,-0.302754,-0.6519443,0.64710915,-1.1517546,-0.06938012,0.1566261,0.70946777,1.0472,-0.19201644,-1.109663,-0.054347917,0.19013831,0.5809927,1.0472,0.16423962,-0.10724772,-0.051868573,0.47555622,0.35968062,-0.1088751,0.5634132,0.3204395,-0.25296497,0.0,0.37935877,-0.36900112,0.38156307,0.62269163,-0.8052425,0.294866,0.0
-0.03192938,0.7963492,0.0866236,-0.25065297,-0.29936892,-0.6538133,0.6481355,-1.1660938,-0.0664995,0.15774189,0.71634537,1.0472,-0.19151843,-1.1250747,-0.054269623,0.18603899,0.5865329,1.0472,0.15749197,-0.106634766,-0.052310474,0.47667658,0.36409974,-0.12599035,0.5749352,0.3727029,-0.24114667,0.0,0.38136092,-0.37502095,0.38708445,0.6122418,-0.8266545,0.31102678,0.0
-0.032029685,0.7960434,0.086348385,-0.24707499,-0.29602465,-0.65559435,0.6492453,-1.1806449,-0.06407321,0.15892754,0.72322625,1.0472,-0.19040118,-1.1413296,-0.05450224,0.18231489,0.59391445,1.0472,0.15160146,-0.10634861,-0.05310851,0.47807214,0.36904868,-0.14449105,0.5859009,0.42000178,-0.22923894,0.0,0.383588,-0.3816791,0.39335975,0.6010519,-0.8452275,0.32640696,0.0
-0.031879414,0.7956206,0.08607338,-0.24330546,-0.29279086,-0.6572243,0.65048623,-1.1953685,-0.062276643,0.16042133,0.7299401,1.0472,-0.18853353,-1.1586941,-0.05521546,0.17917138,0.6036272,1.0472,0.14707276,-0.106533036,-0.054501243,0.47940263,0.37486994,-0.16633384,0.5972974,0.46039402,-0.215332,0.0,0.38606575,-0.38909367,0.40021816,0.58918035,-0.8595092,0.34036013,0.0
-0.031697933,0.7952029,0.085750915,-0.23934957,-0.28968444,-0.65870357,0.6518469,-1.2100893,-0.061009604,0.16227533,0.73625493,1.0472,-0.18607724,-1.176769,-0.056374222,0.17661485,0.6149853,1.0472,0.1431516,-0.10724664,-0.056555208,0.48246416,0.38068655,-0.18493032,0.6055775,0.49990618,-0.20461981,0.0,0.38820595,-0.39661476,0.40786147,0.57777053,-0.8712022,0.35324445,0.0
-0.031774446,0.79495573,0.085280776,-0.23532553,-0.2864985,-0.6601609,0.6532443,-1.2250664,-0.059931327,0.16391754,0.7427541,1.0472,-0.18319769,-1.1951851,-0.057625357,0.17417692,0.6272591,1.0472,0.13927098,-0.10808036,-0.058602683,0.4850735,0.38725436,-0.20696443,0.6137736,0.53492355,-0.19297652,0.0,0.39075148,-0.40504116,0.41655412,0.56533396,-0.8818332,0.36624768,0.0
-0.031867202,0.79466695,0.08489852,-0.23133926,-0.2830679,-0.6616888,0.6546165,-1.2404816,-0.058778662,0.16488379,0.74997115,1.0472,-0.18004449,-1.2136041,-0.058694985,0.1714747,0.6398228,1.0472,0.13484964,-0.108768135,-0.060200296,0.4882131,0.39383483,-0.2280198,0.61910266,0.5686395,-0.18467018,0.0,0.3935595,-0.41403165,0.42653826,0.5521634,-0.89381707,0.38005164,0.0
-0.032095097,0.79461676,0.08459146,-0.22742416,-0.2793039,-0.6633407,0.655932,-1.2565515,-0.057508796,0.16478965,0.75836235,1.0472,-0.17621233,-1.2321224,-0.0595264,0.16832893,0.65306336,1.0472,0.12934232,-0.10920284,-0.061076503,0.4918411,0.40041786,-0.24849248,0.62118685,0.600737,-0.18027928,0.0,0.3967291,-0.42366245,0.43811628,0.53769195,-0.9087366,0.39540368,0.0
-0.032242063,0.7943648,0.08418584,-0.2235365,-0.27528477,-0.6650558,0.6572295,-1.2731283,-0.056260493,0.16397947,0.7675396,1.0472,-0.17174774,-1.2508528,-0.060276423,0.16494499,0.6671095,1.0472,0.123179354,-0.10952955,-0.06150083,0.4953979,0.40750724,-0.27111226,0.62161577,0.62936497,-0.17713936,0.0,0.4003928,-0.43430927,0.45121774,0.5217794,-0.9247706,0.4116879,0.0
-0.032139946,0.7941463,0.08383083,-0.21961617,-0.27116457,-0.6667817,0.6585141,-1.2898299,-0.05500504,0.1630549,0.7767447,1.0472,-0.16747251,-1.2694689,-0.0609661,0.1614804,0.68092793,1.0472,0.11723399,-0.10982493,-0.061835274,0.49966422,0.41465235,-0.29263714,0.61937135,0.657244,-0.17625518,0.0,0.40417972,-0.4452498,0.46498746,0.5060631,-0.94001275,0.42760772,0.0
-0.03201521,0.7938901,0.08347147,-0.21562643,-0.26705036,-0.6684902,0.65978056,-1.3063153,-0.05369087,0.16256258,0.7852402,1.0472,-0.16422822,-1.2876577,-0.06159537,0.1580513,0.69348955,1.0472,0.112381496,-0.110132284,-0.06232118,0.5036513,0.4226598,-0.31681743,0.61686075,0.6822235,-0.17359716,0.0,0.40848944,-0.45745516,0.47942707,0.49034292,-0.9509087,0.44197822,0.0
-0.032186743,0.79361117,0.08302633,-0.21158242,-0.2629536,-0.6701688,0.66103107,-1.3226224,-0.05225514,0.16254248,0.7932116,1.0472,-0.16277741,-1.3053522,-0.062108956,0.15469918,0.70496255,1.0472,0.109047174,-0.11048468,-0.063049324,0.5079678,0.43128645,-0.34202573,0.6128728,0.7063972,-0.17043844,0.0,0.4131037,-0.47010264,0.4934173,0.4757256,-0.9581056,0.4550969,0.0
-0.032292224,0.79334444,0.08269218,-0.20750643,-0.2588119,-0.6718314,0.66226894,-1.3388904,-0.05074118,0.16273624,0.8009289,1.0472,-0.16249277,-1.3227248,-0.06252846,0.15134335,0.7157732,1.0472,0.10668787,-0.11086327,-0.06388973,0.5131925,0.44030946,-0.36655718,0.60620284,0.7303651,-0.16858314,0.0,0.418047,-0.48309866,0.50709796,0.46174377,-0.96307683,0.4675124,0.0
-0.032444388,0.79319936,0.082423076,-0.20333424,-0.2546749,-0.67348504,0.6634861,-1.3549176,-0.04924794,0.16323964,0.80778563,1.0472,-0.16216283,-1.3398061,-0.06295904,0.14792962,0.72524893,1.0472,0.10472715,-0.11123347,-0.06480113,0.5184955,0.44956356,-0.39099163,0.598684,0.7522265,-0.16678427,0.0,0.42337787,-0.49699387,0.52137506,0.44761017,-0.9651676,0.47821972,0.0
-0.032508794,0.79293275,0.08206826,-0.19900842,-0.25058603,-0.67511135,0.6647007,-1.3704928,-0.047895834,0.16417165,0.8131733,1.0472,-0.16057734,-1.3566359,-0.06352118,0.1444351,0.73274446,1.0472,0.10258889,-0.11159335,-0.0658066,0.5236237,0.458481,-0.4137667,0.5910166,0.77149236,-0.165357,0.0,0.42891935,-0.5118668,0.5369306,0.43302977,-0.9641663,0.48626038,0.0
-0.032465626,0.7927182,0.08174688,-0.19446352,-0.24657656,-0.67670506,0.6659236,-1.3854293,-0.046739783,0.1657916,0.8164079,1.0472,-0.1571859,-1.373224,-0.06428071,0.14084376,0.7375248,1.0472,0.10049801,-0.111950785,-0.06695093,0.52784175,0.46726036,-0.43664098,0.58422536,0.7861178,-0.16323456,0.0,0.4349606,-0.5286914,0.55470496,0.41736785,-0.95920855,0.4908602,0.0
-0.032209896,0.79279625,0.081539445,-0.18974666,-0.24262394,-0.678265,0.66714805,-1.3998739,-0.045709442,0.16797364,0.817991,1.0472,-0.1527267,-1.3895674,-0.06515811,0.13719791,0.74017054,1.0472,0.09863573,-0.11232316,-0.0682613,0.53199416,0.4757307,-0.45797396,0.57672673,0.7982233,-0.16188575,0.0,0.4414604,-0.5466939,0.5733589,0.40110415,-0.9514361,0.49301174,0.0
-0.03204206,0.79263294,0.08129747,-0.18496569,-0.2386689,-0.67981213,0.6683416,-1.4141723,-0.044715762,0.17020336,0.81910264,1.0472,-0.14793901,-1.4056963,-0.0660459,0.13350928,0.7419698,1.0472,0.096363686,-0.1126747,-0.06958502,0.5360608,0.4838819,-0.47808608,0.5691092,0.8088505,-0.16040678,0.0,0.44816995,-0.56499326,0.5915059,0.38449386,-0.94176954,0.49380028,0.0
-0.0319815,0.7924993,0.08109338,-0.18020855,-0.23466554,-0.6813679,0.6694735,-1.428687,-0.043682743,0.171962,0.8209383,1.0472,-0.14354926,-1.4216448,-0.06683573,0.12977706,0.744192,1.0472,0.09304265,-0.11297875,-0.07070118,0.5393154,0.4923791,-0.500009,0.56307864,0.817089,-0.1560297,0.0,0.45522296,-0.5843176,0.6089425,0.36680868,-0.92954576,0.4935947,0.0
-0.031929024,0.7923679,0.08095964,-0.17550462,-0.23061971,-0.6829424,0.670524,-1.4433066,-0.042567465,0.17319554,0.8234618,1.0472,-0.13959214,-1.4372094,-0.06745869,0.12599188,0.7467731,1.0472,0.088285506,-0.11320958,-0.0716919,0.5431808,0.50052804,-0.52101576,0.557058,0.82529026,-0.15088685,0.0,0.46181163,-0.60236245,0.6240223,0.34959963,-0.9142226,0.4930371,0.0
-0.03183094,0.79215145,0.080851935,-0.1708094,-0.22653632,-0.68452454,0.67151445,-1.4579291,-0.041421507,0.17413127,0.8261622,1.0472,-0.13573083,-1.4524493,-0.06797869,0.12213322,0.74915636,1.0472,0.08250855,-0.11337954,-0.072536714,0.5467356,0.5088461,-0.54337204,0.5520306,0.8312287,-0.14358269,0.0,0.46870822,-0.6210251,0.6378723,0.3313716,-0.89513767,0.49145877,0.0
-0.03175707,0.791804,0.08077088,-0.16611752,-0.22239988,-0.6860985,0.6724673,-1.4728069,-0.04031926,0.17472546,0.82946265,1.0472,-0.13211888,-1.467686,-0.068520024,0.11822474,0.7518149,1.0472,0.07626997,-0.11351168,-0.07318106,0.5493059,0.51658887,-0.5641188,0.5479226,0.8367512,-0.13540195,0.0,0.4760554,-0.63974565,0.6503649,0.31222403,-0.8777918,0.49014392,0.0
-0.031698212,0.79150444,0.08074319,-0.16142592,-0.21819402,-0.6876499,0.6734023,-1.4882004,-0.039331485,0.17493013,0.8337829,1.0472,-0.12890834,-1.4832386,-0.06920387,0.11429014,0.7552257,1.0472,0.070129536,-0.1136276,-0.073548734,0.55014294,0.5233058,-0.5811452,0.5447346,0.84293646,-0.12717678,0.0,0.48416677,-0.65865344,0.66197574,0.29199794,-0.86701626,0.4899276,0.0
-0.03174576,0.791116,0.08061114,-0.15675788,-0.21389978,-0.6891796,0.6743185,-1.5041867,-0.038465854,0.17460999,0.8393156,1.0472,-0.12634774,-1.4991089,-0.06999614,0.11030047,0.7593932,1.0472,0.064249046,-0.11371413,-0.07355472,0.54826254,0.5282851,-0.59296036,0.54315734,0.84903556,-0.11910879,0.0,0.49271068,-0.6773942,0.6735141,0.27115804,-0.86488914,0.49091288,0.0
-0.03174433,0.7906948,0.080520086,-0.15210791,-0.20952469,-0.69070524,0.67519546,-1.520636,-0.0376863,0.17382826,0.8458082,1.0472,-0.124270886,-1.5151584,-0.07084762,0.10624653,0.7641024,1.0472,0.0583334,-0.113774806,-0.07314257,0.54358715,0.5318893,-0.60295165,0.54412806,0.8536132,-0.10949987,0.0,0.5028572,-0.6977671,0.68429935,0.2478375,-0.8676663,0.49254417,0.0
-0.031621017,0.7902698,0.08051973,-0.14744593,-0.20507051,-0.69220656,0.67605907,-1.5374991,-0.037006788,0.17283453,0.85303605,1.0472,-0.12220853,-1.5314891,-0.0718782,0.102175176,0.7694788,1.0472,0.052249856,-0.113816366,-0.07245691,0.5379558,0.53502005,-0.61291635,0.5461701,0.8588049,-0.09875553,0.0,0.51481384,-0.719307,0.6929691,0.22267184,-0.8734074,0.49485624,0.0
-0.03156835,0.7898178,0.08055834,-0.14272618,-0.20055819,-0.6936577,0.6769377,-1.5547174,-0.03643861,0.17187756,0.8607523,1.0472,-0.11969974,-1.5482098,-0.073201716,0.09814932,0.7756438,1.0472,0.04587492,-0.11383417,-0.07175443,0.53408885,0.5393417,-0.62360895,0.5462409,0.86694884,-0.088078104,0.0,0.52733386,-0.74055344,0.6999519,0.19831465,-0.87998664,0.49685952,0.0
-0.031457245,0.7893183,0.08055275,-0.13792215,-0.19596864,-0.6950453,0.6778539,-1.572421,-0.03605794,0.17093894,0.86908644,1.0472,-0.11663684,-1.5655271,-0.074946,0.09415848,0.78293514,1.0472,0.03873105,-0.113851056,-0.070985265,0.53191775,0.54508054,-0.636446,0.54475373,0.880038,-0.0759863,0.0,0.54159725,-0.76266366,0.70381933,0.17355853,-0.8859262,0.49920824,0.0
-0.03136597,0.78876966,0.080525756,-0.1330662,-0.19129753,-0.69639516,0.67877275,-1.5905672,-0.035827905,0.16992293,0.8780601,1.0472,-0.11324876,-1.5833201,-0.07700963,0.09020274,0.7911808,1.0472,0.031049555,-0.1138557,-0.07005634,0.5304343,0.5515279,-0.65027046,0.54273504,0.8965799,-0.06259255,0.0,0.5578365,-0.7858865,0.7048264,0.14782615,-0.8925059,0.5019706,0.0
-0.031249722,0.7881236,0.080463216,-0.12818238,-0.18660569,-0.69770014,0.67967796,-1.6089065,-0.03560128,0.16897638,0.88739604,1.0472,-0.10959975,-1.6012186,-0.079175755,0.08637455,0.7997782,1.0472,0.02375496,-0.11386369,-0.06901657,0.5297094,0.55870247,-0.6644805,0.5400317,0.91238946,-0.04961179,0.0,0.57582885,-0.8100581,0.7039603,0.12085334,-0.9011005,0.5041676,0.0
-0.031153353,0.7874022,0.08037642,-0.12331301,-0.18193519,-0.6989831,0.68052644,-1.6271793,-0.03522241,0.16823211,0.89679265,1.0472,-0.1057571,-1.6188467,-0.0812176,0.08274442,0.80811304,1.0472,0.017761772,-0.113838434,-0.0680072,0.53026783,0.56677115,-0.67767584,0.5356435,0.9236822,-0.03939227,0.0,0.5933986,-0.8336229,0.7043997,0.09496544,-0.9132537,0.5037687,0.0
-0.03114997,0.78668433,0.08036312,-0.118473485,-0.17733614,-0.7002107,0.6813377,-1.6453731,-0.034671754,0.16777503,0.9064656,1.0472,-0.10159206,-1.6361265,-0.083164066,0.07945209,0.8164575,1.0472,0.013359825,-0.11389139,-0.06701005,0.5323153,0.5763051,-0.69052035,0.52905244,0.9273761,-0.03233965,0.0,0.6118398,-0.85781425,0.7056833,0.067957476,-0.930652,0.5012608,0.0
-0.031107642,0.7858154,0.080285475,-0.113651946,-0.17276482,-0.701391,0.682119,-1.66361,-0.034015942,0.16750373,0.9164776,1.0472,-0.09712124,-1.6532472,-0.0850895,0.07641346,0.82498574,1.0472,0.010051241,-0.113996804,-0.065978356,0.5359377,0.58732,-0.702849,0.5201694,0.92634964,-0.02763616,0.0,0.6317613,-0.8829774,0.7066831,0.039936833,-0.9521568,0.49690476,0.0
-0.03103227,0.7851073,0.08036183,-0.10880767,-0.16815408,-0.7025771,0.68284005,-1.681839,-0.033245295,0.16727278,0.9263066,1.0472,-0.092628255,-1.6702384,-0.08686004,0.073337264,0.8329445,1.0472,0.007553308,-0.113948755,-0.06485296,0.5403564,0.598673,-0.71407443,0.51046443,0.92478055,-0.024375774,0.0,0.65253806,-0.908318,0.7066558,0.012938062,-0.9747633,0.4899913,0.0
-0.031092541,0.7842659,0.08034708,-0.103924856,-0.16341838,-0.70381236,0.6834781,-1.7000047,-0.032364186,0.16694075,0.9354265,1.0472,-0.08839711,-1.6871319,-0.088358104,0.06993204,0.8395992,1.0472,0.0055694007,-0.11358458,-0.06352229,0.54445267,0.6090754,-0.7243549,0.50196093,0.9264405,-0.021226361,0.0,0.6748745,-0.93410087,0.7033701,-0.013035771,-0.9950417,0.4805643,0.0
-0.031097915,0.7833814,0.08036437,-0.0989749,-0.15854283,-0.7051098,0.68402374,-1.718148,-0.031387273,0.16641861,0.94364727,1.0472,-0.084599495,-1.7039535,-0.08954898,0.06605106,0.8444255,1.0472,0.004379961,-0.112788424,-0.061860994,0.5480636,0.618355,-0.73413205,0.49536222,0.9330045,-0.017573256,0.0,0.700398,-0.9615787,0.6952105,-0.039215233,-1.0127449,0.46695876,0.0
-0.03106103,0.7824011,0.08035611,-0.09398283,-0.15357786,-0.70643467,0.6844934,-1.7362708,-0.030338354,0.16583966,0.9512921,1.0472,-0.08105312,-1.7206811,-0.0905416,0.06189726,0.8479522,1.0472,0.004004142,-0.111757495,-0.059978403,0.55155826,0.62698394,-0.74353474,0.48994595,0.942046,-0.013965445,0.0,0.729268,-0.99100333,0.68256307,-0.065980636,-1.028862,0.44970518,0.0
-0.030974446,0.78141516,0.080332264,-0.08895093,-0.1486034,-0.707734,0.68492144,-1.7541825,-0.0292202,0.16539212,0.95846516,1.0472,-0.07751064,-1.7372682,-0.09143006,0.057689928,0.8510226,1.0472,0.003744203,-0.1107775,-0.058124904,0.5545415,0.6345382,-0.7523794,0.48566633,0.9511669,-0.010844928,0.0,0.7595589,-1.0206335,0.6665031,-0.09185771,-1.0419512,0.43253607,0.0
-0.030994691,0.7805319,0.08047651,-0.083861865,-0.14371094,-0.7089627,0.6853367,-1.7717273,-0.028020639,0.16521446,0.9653044,1.0472,-0.07373098,-1.7536595,-0.092293486,0.053611033,0.854443,1.0472,0.0029079798,-0.11006012,-0.05652888,0.5565435,0.64060193,-0.7605812,0.48249573,0.957945,-0.008644721,0.0,0.7883167,-1.0479443,0.64920443,-0.11488852,-1.050969,0.41940618,0.0
-0.03099096,0.77951694,0.08062084,-0.07874273,-0.1388171,-0.71017414,0.68569833,-1.7889426,-0.026644308,0.16521291,0.97179633,1.0472,-0.06955648,-1.7698252,-0.09306011,0.049463283,0.8582688,1.0472,0.0012979949,-0.10938217,-0.055111166,0.5573463,0.64504725,-0.76833224,0.48034436,0.9614044,-0.0077304584,0.0,0.8129858,-1.0708597,0.6327013,-0.13369234,-1.0555673,0.41249487,0.0
-0.031006359,0.7783397,0.08079343,-0.073603824,-0.1338768,-0.711389,0.6859922,-1.8059351,-0.025109947,0.16525559,0.97791696,1.0472,-0.06515626,-1.7857946,-0.09370798,0.045133647,0.8620947,1.0472,-0.00071771455,-0.108573385,-0.053776395,0.5571422,0.6481118,-0.77576107,0.47927746,0.9629171,-0.0078103337,0.0,0.8334098,-1.0893928,0.6177457,-0.14835523,-1.0570508,0.40970054,0.0
-0.031109367,0.77714723,0.08094724,-0.068430126,-0.12899525,-0.71252316,0.6862859,-1.8226669,-0.023563188,0.1654274,0.9837797,1.0472,-0.06077897,-1.8016033,-0.094370924,0.04092469,0.8660143,1.0472,-0.0029811023,-0.10790488,-0.05269682,0.55604833,0.6498858,-0.78273696,0.47953922,0.96360064,-0.008323223,0.0,0.8503659,-1.1043175,0.60452163,-0.15958624,-1.0569117,0.40875265,0.0
-0.031126637,0.77591056,0.08108064,-0.063217394,-0.12427502,-0.7135015,0.6866404,-1.8390744,-0.022126017,0.16584775,0.98949033,1.0472,-0.05667578,-1.8172897,-0.0951727,0.037173964,0.8701313,1.0472,-0.0053326823,-0.10769279,-0.052064367,0.55415654,0.6504045,-0.78913933,0.48142964,0.9645636,-0.008689509,0.0,0.8650988,-1.1167055,0.5927026,-0.16819261,-1.0565323,0.40727696,0.0
-0.031109042,0.7746458,0.08128978,-0.057887927,-0.11979659,-0.71426547,0.68711185,-1.8550296,-0.020920321,0.16669694,0.99487716,1.0472,-0.05284928,-1.8329073,-0.09616083,0.034209795,0.8744776,1.0472,-0.007396157,-0.108246766,-0.05210322,0.5505681,0.64892024,-0.79522204,0.48586577,0.96593213,-0.0097061675,0.0,0.87736547,-1.1261786,0.5820776,-0.17404412,-1.0554926,0.40537733,0.0
-0.031158153,0.77333325,0.08147697,-0.05247062,-0.115479164,-0.71487516,0.68765175,-1.870617,-0.019829195,0.16783717,0.9999689,1.0472,-0.049202293,-1.8484224,-0.0972391,0.03175177,0.87898463,1.0472,-0.009374049,-0.10928947,-0.052622117,0.54534405,0.6455226,-0.8012126,0.49268407,0.96707827,-0.01125526,0.0,0.8864463,-1.132225,0.57312465,-0.17713483,-1.0535475,0.40442953,0.0
-0.031199517,0.7719701,0.0817132,-0.04713129,-0.11118428,-0.71544135,0.6881573,-1.886113,-0.01865886,0.1689064,1.0051731,1.0472,-0.0458338,-1.8637487,-0.09831588,0.029237105,0.8836156,1.0472,-0.011965216,-0.11024806,-0.053238455,0.5406109,0.6420045,-0.8062664,0.49960014,0.9681524,-0.011813976,0.0,0.8922954,-1.1351943,0.5671366,-0.17792176,-1.0525,0.40383446,0.0
-0.031280898,0.7706535,0.0819712,-0.041986533,-0.10683218,-0.7160486,0.6885481,-1.9017459,-0.017204715,0.16961363,1.0108675,1.0472,-0.042838063,-1.878806,-0.09932326,0.026165815,0.88835865,1.0472,-0.015867691,-0.110686965,-0.053513493,0.5376549,0.63946855,-0.8105733,0.50573236,0.9690132,-0.009134159,0.0,0.89756197,-1.1376368,0.56261086,-0.1785823,-1.0529953,0.40284038,0.0
-0.031405147,0.7692475,0.08216849,-0.037095353,-0.102311775,-0.71671295,0.68882424,-1.9176567,-0.015537883,0.16976151,1.0171092,1.0472,-0.040321756,-1.8934699,-0.10037779,0.022238268,0.8930935,1.0472,-0.021749282,-0.11032233,-0.05326682,0.5378518,0.6390778,-0.813119,0.50939417,0.97000676,-0.0025089127,0.0,0.900945,-1.1384876,0.5609781,-0.17875084,-1.0562195,0.4021968,0.0
-0.03157644,0.76773596,0.08240793,-0.032390073,-0.09769483,-0.7173988,0.6890179,-1.9337027,-0.013743711,0.1695097,1.0237044,1.0472,-0.03820546,-1.9078008,-0.101491116,0.017746374,0.89785224,1.0472,-0.029073417,-0.109423995,-0.052682243,0.5399443,0.6395032,-0.8135177,0.5111692,0.97154903,0.005411818,0.0,0.9023073,-1.1373987,0.5617167,-0.17810054,-1.0612524,0.4021411,0.0
-0.031808697,0.7662026,0.082571834,-0.027833939,-0.09313016,-0.7181057,0.6891128,-1.9496837,-0.011680276,0.16913818,1.0306653,1.0472,-0.03629883,-1.9220375,-0.10246304,0.013123735,0.90291524,1.0472,-0.03672856,-0.108357936,-0.05209563,0.5431072,0.64047843,-0.8135901,0.51285994,0.97253287,0.015397688,0.0,0.90371096,-1.1362256,0.56290674,-0.17722268,-1.0664747,0.400989,0.0
-0.03218822,0.76466537,0.08277453,-0.023390792,-0.08875302,-0.71885043,0.68907905,-1.9654509,-0.009203125,0.16882922,1.0380324,1.0472,-0.034418203,-1.9363933,-0.10306817,0.008698692,0.90852433,1.0472,-0.04361003,-0.10740083,-0.051790517,0.54667896,0.64137626,-0.81321293,0.5145832,0.97287196,0.025159445,0.0,0.90632194,-1.1360458,0.56345695,-0.17610623,-1.0706443,0.3972411,0.0
-0.03259905,0.7630689,0.082869895,-0.019023722,-0.084729046,-0.71958137,0.6889571,-1.9807949,-0.0062885107,0.16895716,1.045762,1.0472,-0.03244424,-1.9510107,-0.10332659,0.004788016,0.9148865,1.0472,-0.04966283,-0.10702588,-0.052008204,0.5511011,0.64199036,-0.8118148,0.51645595,0.9723564,0.03477752,0.0,0.91481954,-1.1408514,0.5595696,-0.17670532,-1.0720948,0.38821256,0.0
-0.032887723,0.7614071,0.08298106,-0.014694234,-0.081107296,-0.7202487,0.6888016,-1.9956428,-0.0030290748,0.16964683,1.0537534,1.0472,-0.030494828,-1.9657366,-0.10334373,0.001489087,0.92187583,1.0472,-0.055385303,-0.10753566,-0.052559666,0.55533695,0.64104307,-0.80914557,0.5186496,0.97136074,0.04274421,0.0,0.93511033,-1.1547567,0.5443367,-0.18401429,-1.0685804,0.37638214,0.0
-0.03331757,0.75973564,0.08314757,-0.010444143,-0.07766466,-0.72095543,0.68853647,-2.010282,0.0006662183,0.1703837,1.062087,1.0472,-0.028735874,-1.9804274,-0.10292427,-0.0015162076,0.9292472,1.0472,-0.06049564,-0.108216815,-0.05334356,0.5591249,0.63933545,-0.80679536,0.52187407,0.9701342,0.051071014,0.0,0.95905113,-1.1713554,0.52558625,-0.19266403,-1.0627459,0.36298808,0.0
-0.033781715,0.75796413,0.083336785,-0.0062752003,-0.07427272,-0.7218098,0.68806607,-2.025178,0.005060569,0.17090285,1.0714655,1.0449207,-0.027203912,-1.9949155,-0.10179845,-0.004356333,0.9367601,1.0472,-0.06471274,-0.108617276,-0.054268476,0.56235313,0.6373465,-0.8053527,0.5259058,0.9692254,0.060150344,0.0,0.98459756,-1.18908,0.505079,-0.2016548,-1.0548674,0.3490459,0.0
-0.034223195,0.7562218,0.083570845,-0.0021417136,-0.07086791,-0.7228848,0.6873215,-2.0408392,0.010425473,0.17111596,1.0826571,1.0376354,-0.025993595,-2.0092254,-0.09971399,-0.0071587358,0.94429755,1.0472,-0.06804205,-0.10853799,-0.05538339,0.5646385,0.6348305,-0.8050241,0.531106,0.9687318,0.07024145,0.0,1.0112008,-1.2074589,0.48332766,-0.21045302,-1.0444357,0.3336915,0.0
-0.034861974,0.75443006,0.08368076,0.0019331814,-0.06752054,-0.7240609,0.68642056,-2.0565305,0.016305977,0.17110749,1.0942727,1.0299053,-0.025205933,-2.0234601,-0.09699342,-0.009809406,0.9520413,1.0472,-0.070612326,-0.10836906,-0.056730233,0.5662296,0.6317426,-0.8054624,0.5373718,0.9683718,0.081110075,0.0,1.039639,-1.2271758,0.45975885,-0.21916822,-1.0314325,0.31656253,0.0
-0.035452593,0.7525985,0.08376481,0.005885814,-0.064335935,-0.72530544,0.68538916,-2.0720263,0.022614297,0.1709657,1.1063939,1.0216861,-0.024409372,-2.03748,-0.09384035,-0.0121970875,0.96011305,1.0472,-0.07231692,-0.10811479,-0.058267232,0.56786984,0.6288079,-0.8064612,0.5438825,0.9681477,0.09236397,0.0,1.0692472,-1.247834,0.43503425,-0.22771217,-1.0174122,0.29983106,0.0
-0.03608792,0.7507127,0.08397722,0.009656657,-0.06140989,-0.7266027,0.6842398,-2.087147,0.029235005,0.17073709,1.1191343,1.012911,-0.023168122,-2.051138,-0.09044895,-0.014245169,0.9686091,1.0472,-0.07304414,-0.10771455,-0.059926726,0.5703674,0.6268263,-0.80772746,0.54967105,0.96812516,0.10353666,0.0,1.0986383,-1.2684216,0.41054186,-0.2357359,-1.004442,0.28580233,0.0
-0.036828917,0.7486887,0.084202245,0.013264918,-0.058691815,-0.72799987,0.68293166,-2.1020074,0.0363436,0.1704241,1.132505,1.0034579,-0.021097373,-2.064499,-0.08660339,-0.015859487,0.9774533,1.0472,-0.07218495,-0.10704325,-0.061661467,0.5744125,0.62679183,-0.8091949,0.55361927,0.9683522,0.114720166,0.0,1.1273559,-1.2889682,0.38672742,-0.24340972,-0.99344534,0.2758492,0.0
-0.03743441,0.7465508,0.084465876,0.016740868,-0.056162007,-0.7294901,0.68147624,-2.1166866,0.04393977,0.16999951,1.1465056,0.9933397,-0.018518833,-2.077612,-0.082274385,-0.017102638,0.9866238,1.0472,-0.06998457,-0.1061768,-0.06354302,0.5796658,0.628254,-0.8106995,0.556081,0.9688747,0.1259018,0.0,1.1561364,-1.309955,0.36287808,-0.2507704,-0.98325896,0.2684605,0.0
-0.038020127,0.7443484,0.08471549,0.019999402,-0.05393282,-0.7309718,0.6799791,-2.1308036,0.051606756,0.16943228,1.1609333,0.98297447,-0.016067619,-2.0903323,-0.07792247,-0.018152712,0.9963769,1.0472,-0.06761608,-0.10529722,-0.065626085,0.58514786,0.6295814,-0.8120223,0.5586983,0.9697468,0.13655135,0.0,1.1852092,-1.3309304,0.33883494,-0.25738043,-0.97294956,0.26170903,0.0
-0.03876925,0.74195504,0.08491054,0.02293789,-0.052084755,-0.73235285,0.67854285,-2.1440277,0.058868077,0.16865925,1.1756322,0.97275305,-0.01438566,-2.1025214,-0.0740217,-0.0192177,1.0069603,1.0472,-0.06624971,-0.10452247,-0.0679268,0.5897349,0.62905,-0.8131489,0.5633347,0.9709813,0.14623435,0.0,1.2140807,-1.3508483,0.31520024,-0.2626719,-0.9620121,0.2538533,0.0
-0.039469942,0.73942524,0.085202836,0.025518741,-0.050555494,-0.73367774,0.6771336,-2.1564398,0.065821216,0.1674526,1.1905942,0.96277475,-0.013724192,-2.1141832,-0.07056148,-0.020627901,1.0183172,1.0472,-0.06603605,-0.10360004,-0.07024706,0.5931873,0.62631214,-0.81422347,0.5705224,0.9727046,0.155408,0.0,1.242087,-1.369067,0.29269138,-0.266478,-0.9503502,0.24462248,0.0
-0.040112223,0.73672295,0.08556526,0.027785469,-0.049296454,-0.73498785,0.675715,-2.1682138,0.072589755,0.1658727,1.205905,0.9528368,-0.013715064,-2.125394,-0.06734256,-0.022213597,1.030355,1.0472,-0.06638847,-0.10247177,-0.07258319,0.5958944,0.6221521,-0.8154633,0.5795409,0.97481376,0.1642535,0.0,1.2687095,-1.3854963,0.2718516,-0.2691051,-0.93892896,0.23515181,0.0
-0.040700376,0.7338697,0.08600374,0.029724805,-0.048372503,-0.7361117,0.6744748,-2.179142,0.07868222,0.16430767,1.221522,0.9428924,-0.014046744,-2.136897,-0.06465374,-0.02321569,1.04492,1.0416594,-0.06698251,-0.10162732,-0.07505526,0.5976902,0.61651665,-0.81703126,0.59037197,0.977033,0.17190968,0.0,1.2929083,-1.3992785,0.25376004,-0.27054647,-0.9293463,0.22602968,0.0
-0.041275278,0.73074526,0.0864967,0.031344637,-0.04785549,-0.7369238,0.6735508,-2.18906,0.083684795,0.16306706,1.2374337,0.93289125,-0.01440638,-2.1490042,-0.06275361,-0.023140514,1.0629573,1.0277016,-0.06777959,-0.10137074,-0.07776221,0.59838665,0.60941416,-0.8191544,0.60297495,0.97907543,0.17754662,0.0,1.3128421,-1.4088838,0.2402835,-0.27070862,-0.9237267,0.21799304,0.0
-0.04163013,0.72739613,0.08710179,0.03276637,-0.047735587,-0.737528,0.67283,-2.198128,0.08781536,0.16205063,1.253651,0.9226091,-0.014631958,-2.1605568,-0.06163499,-0.022557942,1.0816911,1.0140767,-0.07001401,-0.10096592,-0.080888964,0.59854,0.60162324,-0.8205277,0.6153331,0.9813033,0.17900456,0.0,1.3231763,-1.4099679,0.2368434,-0.26884446,-0.92595524,0.21191251,0.0
-0.042002376,0.7238546,0.08774282,0.033915907,-0.04796358,-0.73799497,0.67224455,-2.2063966,0.09125967,0.16110148,1.2702048,0.91214705,-0.014872194,-2.1715283,-0.061154824,-0.021711629,1.1011143,1.0005032,-0.07345714,-0.10036207,-0.0843201,0.60073,0.5971478,-0.8209213,0.6219742,0.9820316,0.17622569,0.0,1.3282424,-1.4067774,0.23817551,-0.2668263,-0.93142194,0.2084831,0.0
-0.042410135,0.7199972,0.0884076,0.03471854,-0.048595086,-0.73830014,0.6718229,-2.2137234,0.094229095,0.16043217,1.2871981,0.9019005,-0.015245556,-2.181724,-0.061034393,-0.020318564,1.1211942,0.98783064,-0.07695069,-0.10015022,-0.087699406,0.59690475,0.5826425,-0.8233936,0.64326155,0.9861428,0.17574735,0.0,1.3284447,-1.3972265,0.24645664,-0.2615393,-0.9437664,0.20293869,0.0
-0.042825032,0.7157744,0.089042194,0.034673173,-0.049020883,-0.7387186,0.67133415,-2.220798,0.09668405,0.15840848,1.3050753,0.89236975,-0.0160406,-2.1906374,-0.06126322,-0.019874742,1.1414664,0.9769926,-0.07941237,-0.09878202,-0.08979874,0.5936127,0.5703269,-0.8295926,0.66431344,0.98810405,0.17800762,0.0,1.3177296,-1.3790302,0.26550916,-0.25426,-0.9618229,0.2017803,0.0
-0.04336746,0.71124035,0.08964855,0.03376859,-0.04925102,-0.7392446,0.67078424,-2.2276263,0.09857923,0.15491055,1.3237985,0.8839445,-0.017637353,-2.1981785,-0.061841097,-0.02025871,1.16185,0.9686647,-0.080440685,-0.096400276,-0.09068052,0.593144,0.5600897,-0.8344471,0.6824386,0.99147457,0.1805926,0.0,1.2964593,-1.3517311,0.295325,-0.2432358,-0.9860014,0.20310438,0.0
-0.04397957,0.70631397,0.09016888,0.032159336,-0.049463492,-0.73980856,0.6702257,-2.2339969,0.099922955,0.1504298,1.3432353,0.87629503,-0.019827373,-2.2045243,-0.06279061,-0.021066628,1.1825153,0.9622344,-0.08060784,-0.09335982,-0.09083322,0.5948138,0.5508955,-0.8374953,0.69848526,0.996478,0.18239404,0.0,1.2669114,-1.3168616,0.33322132,-0.22776294,-1.0148818,0.20627345,0.0
-0.044825938,0.70093054,0.09058379,0.029919084,-0.049865432,-0.74035996,0.6696906,-2.2396095,0.10090484,0.14560506,1.3633938,0.86878747,-0.0219273,-2.2097404,-0.06389849,-0.022048483,1.203672,0.95667696,-0.08022088,-0.08988043,-0.09072634,0.5987743,0.54347205,-0.8399731,0.7120266,1.0016624,0.18365283,0.0,1.2313341,-1.2764155,0.37739483,-0.20711172,-1.0467482,0.2105472,0.0
-0.045635536,0.6952593,0.091048434,0.027115192,-0.050657876,-0.7408522,0.669206,-2.24415,0.10173688,0.14109424,1.3842584,0.8607742,-0.0232465,-2.213882,-0.06495171,-0.02297045,1.2255148,0.9509768,-0.07961355,-0.08619076,-0.09083583,0.6056058,0.5388646,-0.8425731,0.7218193,1.0057658,0.18418247,0.0,1.1922565,-1.2325529,0.42587465,-0.18079117,-1.0797989,0.21492779,0.0
-0.046585325,0.6892545,0.09157808,0.023691922,-0.05198268,-0.74123794,0.668807,-2.24733,0.102438316,0.13715899,1.4058782,0.85223985,-0.023833677,-2.2167177,-0.065837465,-0.023570444,1.2480315,0.94557667,-0.07809678,-0.08258661,-0.0913812,0.6161112,0.5380258,-0.84547126,0.7265093,1.0081006,0.18367049,0.0,1.1516725,-1.186719,0.4770143,-0.14851968,-1.1130106,0.2184764,0.0
-0.04754244,0.6828602,0.09206307,0.019668141,-0.05378641,-0.74151933,0.6684828,-2.2492695,0.10296888,0.1336262,1.4282138,0.84346396,-0.02399486,-2.2183008,-0.066636704,-0.023876887,1.2711685,0.9408022,-0.07574105,-0.07915158,-0.09224428,0.6297542,0.54005355,-0.8481979,0.727232,1.0093994,0.18234141,0.0,1.1103481,-1.1393646,0.5295158,-0.10980253,-1.145234,0.2203805,0.0
-0.048823003,0.6760453,0.09248378,0.015241132,-0.0559903,-0.74172676,0.66818726,-2.2502754,0.10351396,0.13051966,1.4511601,0.83423877,-0.023417864,-2.2191195,-0.06745402,-0.023916863,1.295063,0.93546164,-0.073908776,-0.07581641,-0.09337002,0.64517975,0.5432719,-0.85044205,0.7263032,1.0104901,0.18075594,0.0,1.0696799,-1.0917475,0.581334,-0.06517143,-1.1743749,0.22000426,0.0
-0.050038263,0.6690922,0.092995666,0.010630431,-0.05854911,-0.74187416,0.66789365,-2.2506235,0.10427604,0.12791552,1.4745494,0.8243541,-0.021779334,-2.2196774,-0.06837417,-0.02386454,1.3198419,0.9283717,-0.074151605,-0.07259447,-0.09471864,0.66082907,0.54575706,-0.85217226,0.7263804,1.0120862,0.17961966,0.0,1.031914,-1.0458872,0.62974614,-0.01685001,-1.1984326,0.21730112,0.0
-0.051285204,0.66183084,0.09343632,0.0058577727,-0.061669927,-0.74189156,0.6676522,-2.2501025,0.105444066,0.12634209,1.4985155,0.8137877,-0.018066822,-2.220076,-0.06937129,-0.023687134,1.3458852,0.91916966,-0.07800882,-0.06990802,-0.09654723,0.67646885,0.5469212,-0.85385334,0.72831947,1.0140481,0.17950647,0.0,1.0007097,-1.0049996,0.671783,0.030674532,-1.2161688,0.21303171,0.0
-0.05244162,0.65433764,0.09397831,0.00085100846,-0.065375194,-0.741752,0.6674799,-2.2485788,0.10690793,0.1257756,1.5230818,0.80263567,-0.012760738,-2.2200968,-0.07037344,-0.023203082,1.3730294,0.9085334,-0.08433858,-0.067886926,-0.09878565,0.69239336,0.5472324,-0.8559179,0.7314717,1.0157893,0.1802727,0.0,0.97769743,-0.97039163,0.7064396,0.073949106,-1.2285416,0.20839027,0.0
-0.053453572,0.64675343,0.094605066,-0.0043080533,-0.069337875,-0.7415539,0.6672867,-2.2464783,0.10837374,0.12539424,1.5479374,0.79086167,-0.0077673965,-2.21973,-0.07139819,-0.022577176,1.4005917,0.89684707,-0.09078702,-0.06603488,-0.10088984,0.7078448,0.5464302,-0.8583158,0.7361548,1.0173756,0.1815196,0.0,0.9610654,-0.9404432,0.7349129,0.11304848,-1.2373728,0.20401429,0.0
-0.054514427,0.63899434,0.09524314,-0.009557965,-0.07319441,-0.7413974,0.6669942,-2.2442298,0.10954381,0.124336146,1.5727742,0.7784928,-0.004989611,-2.2189748,-0.07247506,-0.022015555,1.4279051,0.8844797,-0.094992146,-0.06376735,-0.10232908,0.72209626,0.54434013,-0.8609824,0.74266285,1.0189018,0.18285255,0.0,0.94751936,-0.91228896,0.7596646,0.15042736,-1.2443886,0.19986807,0.0
-0.05576142,0.6312607,0.09598021,-0.014961295,-0.07687566,-0.7413537,0.6665291,-2.2419145,0.11057577,0.12234345,1.5976963,0.76550597,-0.0050413497,-2.2177022,-0.073621176,-0.021698052,1.4548825,0.87156594,-0.096159466,-0.060725037,-0.10289486,0.73480505,0.54061234,-0.8638792,0.75159466,1.0205259,0.18420927,0.0,0.9349063,-0.8838976,0.7825315,0.18827203,-1.2501931,0.19598842,0.0
-0.056853425,0.6235856,0.09684304,-0.020557592,-0.08050297,-0.74137026,0.66593313,-2.239413,0.11153843,0.119768836,1.6228408,0.75191957,-0.0068551823,-2.2159567,-0.074851215,-0.021605842,1.4818224,0.85787725,-0.09558809,-0.057096932,-0.10281677,0.7464045,0.5355426,-0.86711466,0.7625692,1.0221772,0.1857822,0.0,0.923361,-0.8555874,0.80384886,0.22655226,-1.254571,0.19214621,0.0
-0.05766886,0.6158445,0.09778991,-0.026212236,-0.08404325,-0.7414006,0.66526294,-2.2368553,0.11207327,0.116684385,1.6480633,0.73769855,-0.009814926,-2.2139637,-0.07618556,-0.021646239,1.508679,0.8432672,-0.09406038,-0.053138755,-0.1022563,0.75745636,0.5300282,-0.8707104,0.7742171,1.0236506,0.18747889,0.0,0.91302526,-0.827909,0.8237432,0.26474962,-1.257657,0.18774584,0.0
-0.058596294,0.6080907,0.0988326,-0.031795513,-0.087464765,-0.74139434,0.66458523,-2.2343616,0.1118108,0.11313978,1.6731327,0.72280437,-0.013321341,-2.2119467,-0.07763929,-0.021735828,1.5354201,0.8275662,-0.09236272,-0.04908822,-0.10136898,0.76857454,0.5249913,-0.8745639,0.78507257,1.0248351,0.18913099,0.0,0.9039713,-0.80134964,0.84240097,0.30238217,-1.2596377,0.18223594,0.0
-0.059613794,0.6003393,0.099968076,-0.037348416,-0.090740256,-0.7413294,0.6639293,-2.2320275,0.11058961,0.108955525,1.6982038,0.7069167,-0.017889192,-2.2100017,-0.07934953,-0.0218904,1.5622026,0.81022453,-0.09033497,-0.044960078,-0.100110486,0.78005505,0.52079976,-0.87853616,0.7945166,1.0257292,0.19071431,0.0,0.8960674,-0.7758227,0.859986,0.339604,-1.2607701,0.17516078,0.0
-0.06055718,0.5927087,0.10115775,-0.042907316,-0.093910284,-0.74123544,0.66325706,-2.229756,0.10864028,0.10419534,1.7233266,0.69014025,-0.023633365,-2.2079904,-0.081265226,-0.022122823,1.5889806,0.7915262,-0.08767445,-0.04065345,-0.09843413,0.7917445,0.5170968,-0.88242793,0.8029918,1.0265526,0.19210602,0.0,0.8895603,-0.7512938,0.87622225,0.37593803,-1.2611339,0.16720381,0.0
-0.06146958,0.58512706,0.10244053,-0.04837795,-0.09697634,-0.7411486,0.6625361,-2.2274244,0.10614628,0.09921569,1.7482438,0.6731296,-0.029367803,-2.2058413,-0.08311744,-0.02236924,1.6154429,0.7724365,-0.0849438,-0.036158722,-0.096497804,0.8033817,0.5136598,-0.88634056,0.81103426,1.0273881,0.1932091,0.0,0.8833126,-0.72691375,0.892288,0.41256744,-1.260444,0.15872584,0.0
-0.06220869,0.57750034,0.10374528,-0.053635634,-0.09999055,-0.74107915,0.6617605,-2.2248394,0.10334712,0.094471306,1.7726763,0.6565409,-0.033890758,-2.20349,-0.084620394,-0.022467123,1.641289,0.7539831,-0.08270129,-0.031627417,-0.09448506,0.8148154,0.51023525,-0.89017737,0.8189485,1.0283887,0.19377916,0.0,0.8785901,-0.7038973,0.9070741,0.44725376,-1.2587018,0.15110512,0.0
-0.06306996,0.56983066,0.10514227,-0.05873907,-0.10288231,-0.7410777,0.6608849,-2.2219331,0.100026995,0.089702465,1.7965074,0.6408561,-0.036941133,-2.2007961,-0.08568892,-0.022556448,1.6664177,0.7362673,-0.08110108,-0.026924731,-0.09216368,0.8260568,0.50687534,-0.8939464,0.82654774,1.0297246,0.19345722,0.0,0.87602836,-0.6825973,0.9198,0.47848758,-1.2560116,0.14581959,0.0
-0.0637898,0.5622395,0.10660904,-0.06372779,-0.10564035,-0.74112165,0.6599377,-2.2188199,0.09615415,0.084740125,1.8199226,0.6256282,-0.039144617,-2.197847,-0.08647348,-0.022697212,1.6910499,0.7187952,-0.07982314,-0.021977998,-0.08953887,0.837085,0.50367594,-0.8978423,0.833925,1.0311908,0.19258715,0.0,0.8738706,-0.66153914,0.93225217,0.509222,-1.2522689,0.14123146,0.0
-0.06455643,0.5546775,0.1081611,-0.06844138,-0.1084525,-0.7411354,0.65899336,-2.2154891,0.09222904,0.08028518,1.8430325,0.6101187,-0.040614653,-2.194896,-0.08701169,-0.022454046,1.7152348,0.7016639,-0.07871732,-0.017253818,-0.08712515,0.8478812,0.5003383,-0.90166193,0.8414291,1.032571,0.19165784,0.0,0.8738792,-0.6425423,0.9428221,0.53703666,-1.2485054,0.1368302,0.0
-0.06521377,0.5473536,0.109775774,-0.07273459,-0.11147153,-0.7410424,0.6581338,-2.2120016,0.0887481,0.07697354,1.8659198,0.593582,-0.041456133,-2.1922128,-0.08736127,-0.021472162,1.7390559,0.68496805,-0.07765098,-0.013109136,-0.085422374,0.85826665,0.49650353,-0.9054782,0.8497184,1.0335243,0.1913391,0.0,0.87606156,-0.62593454,0.9516482,0.5621639,-1.2453562,0.13122748,0.0
-0.06586,0.5399205,0.11134309,-0.07653086,-0.11482672,-0.7407653,0.657438,-2.2082133,0.08573396,0.07527457,1.8885584,0.5758735,-0.041531365,-2.1898704,-0.08759528,-0.019354416,1.7626044,0.66868615,-0.076536566,-0.009710188,-0.08487465,0.8681302,0.49215692,-0.9097657,0.85928416,1.0336785,0.19234645,0.0,0.87837344,-0.6100831,0.96087146,0.58836854,-1.2423713,0.12206253,0.0
-0.066579886,0.5324199,0.11288155,-0.07991599,-0.118414,-0.74036455,0.65685,-2.2041547,0.08296685,0.07473712,1.9108944,0.55736554,-0.040829986,-2.1877341,-0.08766086,-0.016387666,1.7858176,0.65278363,-0.07547491,-0.0068564075,-0.085096255,0.8777732,0.4875686,-0.9140516,0.8692764,1.0334901,0.1939125,0.0,0.88216597,-0.5959601,0.9688679,0.6127815,-1.2399585,0.11155175,0.0
-0.06716183,0.52513736,0.11445643,-0.083025485,-0.121919215,-0.73999566,0.6562385,-2.2002902,0.080520906,0.07449088,1.9330908,0.5381099,-0.03965414,-2.185777,-0.08747301,-0.013375105,1.8085622,0.6373104,-0.074610494,-0.004088094,-0.08540943,0.8866424,0.48236677,-0.91865224,0.88036674,1.0328516,0.1956932,0.0,0.8859168,-0.58233166,0.9773251,0.6372834,-1.2371764,0.10037842,0.0
-0.067816086,0.5178548,0.11606638,-0.08597548,-0.12508862,-0.7398004,0.6554819,-2.196984,0.07849692,0.07382818,1.9552777,0.5181617,-0.038305603,-2.1839807,-0.08692184,-0.010967944,1.8307036,0.6223275,-0.0740733,-0.0011392721,-0.08520303,0.89469385,0.47651234,-0.9231047,0.8921846,1.0320501,0.19678238,0.0,0.89057785,-0.5703029,0.98528856,0.65931904,-1.2340282,0.09094434,0.0
-0.06853387,0.5106424,0.11771696,-0.08883143,-0.12785725,-0.7398308,0.6545319,-2.194175,0.07678649,0.072528794,1.9773792,0.4977848,-0.036656953,-2.1821184,-0.08600408,-0.009460818,1.8520652,0.6080998,-0.07416097,0.0022519492,-0.08418681,0.901934,0.46993262,-0.92721516,0.90478563,1.0312289,0.1973337,0.0,0.8965415,-0.560356,0.9925226,0.6779224,-1.2300204,0.084360555,0.0
-0.06934112,0.5035138,0.11932664,-0.09151022,-0.13037868,-0.740008,0.6534642,-2.191689,0.07538504,0.07103373,1.9993367,0.4768692,-0.034629222,-2.1802793,-0.08474798,-0.008409512,1.8727627,0.5945128,-0.074702576,0.0058198706,-0.08277675,0.90853596,0.462796,-0.93109107,0.91800183,1.0302732,0.19755413,0.0,0.90358293,-0.5522976,0.9991225,0.6938069,-1.2255645,0.07946065,0.0
-0.07016134,0.49654502,0.12094149,-0.09394184,-0.13266581,-0.7402815,0.6523481,-2.1898453,0.07451442,0.06940381,2.0213912,0.454899,-0.032591477,-2.178875,-0.08314207,-0.0075931707,1.8931308,0.5810527,-0.07511271,0.009268855,-0.081261225,0.91414577,0.45488274,-0.9355513,0.9323945,1.0286964,0.19721219,0.0,0.91015613,-0.5443291,1.0061903,0.7099224,-1.221507,0.07431026,0.0
-0.071176216,0.48958698,0.12241401,-0.09604105,-0.13476752,-0.7405968,0.65125287,-2.1889224,0.07442934,0.06775094,2.043717,0.4313544,-0.03089129,-2.178331,-0.08111186,-0.006734595,1.9135278,0.56720877,-0.074802384,0.012241836,-0.07995477,0.91956085,0.44705075,-0.93978727,0.94607013,1.0269266,0.19491887,0.0,0.91671443,-0.53658074,1.0126468,0.72544867,-1.2196262,0.068475984,0.0
-0.07214519,0.48264268,0.12379838,-0.09786439,-0.13661514,-0.74104625,0.6500841,-2.189303,0.07531437,0.06560815,2.0666945,0.40552324,-0.030120531,-2.178572,-0.07854476,-0.0060404353,1.9338311,0.55343145,-0.073294796,0.015054707,-0.07867705,0.92428696,0.43878177,-0.9443886,0.9600865,1.024529,0.19114706,0.0,0.9218072,-0.52751815,1.020211,0.7432954,-1.2201097,0.06026155,0.0
-0.07330991,0.4758117,0.12513009,-0.099425055,-0.13822885,-0.7416224,0.64884806,-2.1907368,0.07701098,0.06308655,2.0900955,0.37786084,-0.029875068,-2.179436,-0.075495735,-0.005557775,1.953939,0.5397905,-0.070989944,0.017746055,-0.07736906,0.92900944,0.43064347,-0.94824576,0.9731469,1.0222222,0.18549246,0.0,0.9267174,-0.5185299,1.0276175,0.7609481,-1.2226597,0.0512526,0.0
-0.074495964,0.46903092,0.12638742,-0.100608185,-0.13969967,-0.7421511,0.64774525,-2.192687,0.079226054,0.06103816,2.1133194,0.3495938,-0.029025517,-2.1812234,-0.072232366,-0.004922798,1.9741826,0.5251794,-0.06860808,0.019718388,-0.07644892,0.93366814,0.4227772,-0.95182556,0.98531395,1.0199344,0.1778929,0.0,0.9315247,-0.5098025,1.0345331,0.77802974,-1.2258462,0.042353,0.0
-0.07572253,0.46237078,0.12768869,-0.10130005,-0.14110617,-0.7424413,0.6469994,-2.1945977,0.081621416,0.060338944,2.1357138,0.32194015,-0.026506014,-2.1842582,-0.06901043,-0.0037350843,1.9948683,0.5085062,-0.06686087,0.020354675,-0.07636326,0.9380427,0.41532463,-0.95587957,0.9968775,1.0173401,0.16844195,0.0,0.93573624,-0.501134,1.041423,0.7952929,-1.2276857,0.033904336,0.0
-0.07695171,0.45577812,0.12897126,-0.10152906,-0.14242673,-0.742512,0.64659303,-2.1963513,0.084024556,0.061071295,2.1572647,0.29472458,-0.021778831,-2.188648,-0.06586075,-0.0021218236,2.0162425,0.48864278,-0.065772876,0.019762848,-0.07697603,0.9422477,0.40847206,-0.9605059,1.0076586,1.013748,0.15725721,0.0,0.9394565,-0.49247015,1.0481113,0.81256104,-1.2274656,0.026180957,0.0
-0.0779915,0.4492447,0.13022411,-0.10131735,-0.14367037,-0.7424091,0.64646924,-2.19816,0.08658998,0.062904835,2.178208,0.2674525,-0.015585579,-2.194244,-0.062596545,-0.00012652512,2.038113,0.4664654,-0.06498271,0.01805293,-0.078176215,0.9466226,0.4023506,-0.96468925,1.0170045,1.0099868,0.14398623,0.0,0.94427997,-0.48542476,1.0526334,0.826672,-1.2273414,0.02019568,0.0
-0.079200804,0.44277582,0.13139494,-0.10062979,-0.1448184,-0.7420981,0.6466775,-2.2001328,0.08944584,0.06576979,2.1984515,0.2408872,-0.008789582,-2.2008884,-0.05932749,0.0024208669,2.06,0.44387078,-0.064644314,0.015064125,-0.08024278,0.94949096,0.39567077,-0.9708821,1.0278451,1.0057403,0.12961808,0.0,0.9463287,-0.47626966,1.0600764,0.8454384,-1.2254686,0.012348154,0.0
-0.0805307,0.43643782,0.132595,-0.099382326,-0.14599071,-0.74149215,0.6473015,-2.2021267,0.09281246,0.06984768,2.2177355,0.2158058,-0.0021806795,-2.208419,-0.056074947,0.005934326,2.0815327,0.42280975,-0.06493722,0.010277043,-0.083563305,0.95184535,0.38922286,-0.97688764,1.038006,1.0039247,0.11274703,0.0,0.9486402,-0.46839243,1.066636,0.86209124,-1.2251482,0.005610188,0.0
-0.08183228,0.4301321,0.13367076,-0.09748964,-0.14727981,-0.7404881,0.64844567,-2.203899,0.09680775,0.075547256,2.235987,0.19189648,0.00440668,-2.2169106,-0.052831072,0.010612954,2.1028013,0.40316114,-0.066249065,0.0033043819,-0.088532954,0.9532417,0.38259676,-0.98346704,1.0483928,1.0040978,0.093552634,0.0,0.95064014,-0.4612077,1.0728848,0.8778798,-1.2267526,-0.0006197788,0.0
-0.08307444,0.42388886,0.13465694,-0.09502151,-0.14864609,-0.73914576,0.6500299,-2.20542,0.10132622,0.082741864,2.2532935,0.16888653,0.01129011,-2.2263663,-0.049480274,0.016289739,2.123945,0.38413706,-0.06836689,-0.005618831,-0.094903916,0.95382744,0.3759445,-0.99048346,1.0586767,1.0057633,0.072132595,0.0,0.9526188,-0.45491815,1.0783912,0.8923453,-1.2298628,-0.0060955156,0.0
-0.08436186,0.41775987,0.13552575,-0.092122234,-0.14998242,-0.73759645,0.65189743,-2.2069838,0.106261425,0.09065985,2.2697268,0.14758213,0.017951796,-2.2364743,-0.046030845,0.022687368,2.1445808,0.36670527,-0.07062215,-0.015857514,-0.10203023,0.9534458,0.3691852,-0.99786407,1.0687081,1.0093844,0.04867407,0.0,0.95462215,-0.44954962,1.0831679,0.9054557,-1.233566,-0.01073368,0.0
-0.08569282,0.41168264,0.13622805,-0.08894395,-0.1511565,-0.73599446,0.65387523,-2.2089012,0.1115225,0.09853655,2.2853167,0.12879103,0.023876164,-2.2469316,-0.042477522,0.029565088,2.1643004,0.3518063,-0.07239534,-0.026799994,-0.10928188,0.95208836,0.36231473,-1.0052539,1.0781361,1.0156562,0.02325212,0.0,0.9569417,-0.44535357,1.0868992,0.91667324,-1.2371924,-0.01424704,0.0
-0.08703244,0.40570855,0.13678567,-0.08542985,-0.15219924,-0.7343191,0.6559822,-2.2109993,0.11718456,0.10638312,2.2999394,0.112789914,0.028687596,-2.2573736,-0.038858887,0.03709525,2.1825964,0.34083045,-0.07408519,-0.038511045,-0.116757825,0.9494362,0.35514575,-1.0135103,1.0874635,1.0286773,-0.006639158,0.0,0.9591162,-0.44191363,1.0899029,0.9265791,-1.2404382,-0.016557734,0.0
-0.08828156,0.39979354,0.13714512,-0.081552796,-0.15317434,-0.7325093,0.65826815,-2.2130332,0.12330094,0.114573784,2.3135192,0.09912659,0.032770477,-2.2680018,-0.035149433,0.04539347,2.1998305,0.332882,-0.075901344,-0.05128683,-0.1247545,0.94566196,0.34773257,-1.0222859,1.0962602,1.0471661,-0.040524628,0.0,0.96128505,-0.4393356,1.091997,0.93500274,-1.2439018,-0.017710943,0.0
-0.08947037,0.3938624,0.13726011,-0.07743133,-0.1540406,-0.73063725,0.6606399,-2.2154076,0.12977387,0.12283255,2.326501,0.08742209,0.03674475,-2.2793195,-0.031221995,0.054047223,2.2168038,0.32558048,-0.07696542,-0.06476725,-0.13288684,0.9408876,0.3400458,-1.031062,1.104204,1.0622175,-0.07298673,0.0,0.9637901,-0.43794787,1.0934052,0.94200057,-1.2473208,-0.018434409,0.0
-0.09073055,0.3879392,0.13722554,-0.07318327,-0.15475337,-0.72877705,0.66300803,-2.2185338,0.13650295,0.1309088,2.3392723,0.07732817,0.04122032,-2.2919478,-0.027028728,0.06264572,2.2343743,0.31650484,-0.07642339,-0.078604154,-0.14078008,0.9356796,0.3323195,-1.0381845,1.1109272,1.0656881,-0.09848029,0.0,0.96718705,-0.43829173,1.0939242,0.94715583,-1.2507375,-0.01920371,0.0
-0.09196462,0.38203365,0.1369852,-0.068801284,-0.15533768,-0.7269296,0.66536456,-2.2222726,0.14361392,0.13893108,2.3517478,0.06894221,0.04666835,-2.3059676,-0.022542017,0.07136419,2.2526076,0.30510297,-0.07322652,-0.09308208,-0.14855295,0.9298043,0.3240022,-1.0429395,1.1179097,1.0532464,-0.11497723,0.0,0.97149897,-0.4407586,1.0936223,0.95026684,-1.253735,-0.020030819,0.0
-0.09329148,0.37655172,0.13667357,-0.06248994,-0.1586887,-0.7217271,0.6708375,-2.220207,0.14840597,0.15835202,2.3562,0.07416128,0.05146371,-2.3228135,-0.0180558,0.09200993,2.273227,0.29296502,-0.06805075,-0.11892291,-0.16479516,0.9227333,0.3140882,-1.0454891,1.1255473,1.0284262,-0.12481978,0.0,0.9762481,-0.44680563,1.0924044,0.9499546,-1.2583421,-0.019653993,0.0
-0.09453885,0.37119678,0.1362177,-0.055187043,-0.16372605,-0.7145365,0.67792755,-2.214733,0.15159018,0.18392794,2.3562,0.08752058,0.055194054,-2.3412504,-0.012738182,0.11930335,2.2953792,0.2805058,-0.06280543,-0.15105887,-0.18561243,0.9152394,0.30419648,-1.0477525,1.1319175,0.9964669,-0.1292804,0.0,0.9823035,-0.455998,1.0888895,0.9455948,-1.2654731,-0.018160053,0.0
-0.09582552,0.36586922,0.13564946,-0.049069963,-0.16859944,-0.7075771,0.68447137,-2.2085638,0.15369251,0.20704415,2.3562,0.102766275,0.05772306,-2.3562,-0.005459218,0.14479017,2.3170607,0.2677449,-0.05749423,-0.18169594,-0.20421356,0.9098688,0.2963027,-1.0497113,1.1339246,0.9649624,-0.13135879,0.0,0.98894423,-0.46434897,1.0860274,0.9425878,-1.2726033,-0.017559005,0.0
-0.09724029,0.360846,0.13541076,-0.04767562,-0.17159314,-0.7025737,0.68896514,-2.200959,0.15259393,0.21925917,2.3562,0.124253474,0.058993716,-2.3562,0.004864689,0.16108342,2.3354523,0.25233248,-0.04787894,-0.20502163,-0.21312034,0.91057193,0.29186013,-1.0504487,1.1290787,0.937995,-0.13141727,0.0,0.99670506,-0.46716836,1.0863224,0.94481194,-1.2762907,-0.016094899,0.0
-0.098517306,0.3556581,0.13507901,-0.04377296,-0.1795262,-0.6949111,0.6949481,-2.1853232,0.15448956,0.24326977,2.3562,0.13668522,0.05969437,-2.3562,0.027445199,0.19049577,2.3562,0.23999877,-0.03232463,-0.2387464,-0.23384751,0.9068724,0.28108555,-1.0587747,1.1252048,0.895486,-0.12568428,0.0,1.0215441,-0.4932773,1.0685558,0.9171127,-1.2975408,-0.010737322,0.0
-0.09943925,0.3516458,0.13449709,-0.041663054,-0.17939085,-0.6953117,0.694712,-2.1851296,0.16134183,0.24288967,2.3562,0.16301323,0.059668303,-2.3562,0.041152667,0.19100575,2.3562,0.26495704,-0.027647082,-0.24680129,-0.23521361,0.90346426,0.2777238,-1.0648617,1.1153806,0.86002326,-0.12228933,0.0,1.0405706,-0.50912005,1.0512316,0.8961665,-1.3128128,-0.0038755862,0.0
-0.10030529,0.3475559,0.13369295,-0.039023627,-0.17998825,-0.6948742,0.6951484,-2.184817,0.16731021,0.24552965,2.3562,0.18813714,0.058977585,-2.3562,0.05626621,0.19513112,2.3562,0.2937645,-0.02142949,-0.25661427,-0.23869121,0.90098387,0.2766477,-1.0692806,1.1033887,0.82478464,-0.12470147,0.0,1.0568722,-0.5225807,1.0380505,0.8797632,-1.3244367,0.0027894198,0.0
-0.10112631,0.34340265,0.13274445,-0.035499204,-0.18187271,-0.69330144,0.6964161,-2.18383,0.17271402,0.25235823,2.3562,0.21174404,0.05700017,-2.3562,0.074237026,0.20447247,2.3562,0.3283849,-0.01245049,-0.26932332,-0.24567519,0.8990358,0.27773732,-1.0731459,1.0889528,0.78546274,-0.1352896,0.0,1.0736581,-0.53669727,1.0230284,0.8605047,-1.3367065,0.013920735,0.0
-0.10170147,0.3392508,0.13158733,-0.030905068,-0.18518609,-0.6906748,0.6983691,-2.1817682,0.1782675,0.26346734,2.3562,0.2335553,0.054002278,-2.3562,0.09632494,0.21906304,2.3562,0.36870483,-0.0006035473,-0.2849976,-0.25664917,0.8973912,0.28100243,-1.0753607,1.0707784,0.7433347,-0.15161346,0.0,1.0904019,-0.55146277,1.0072333,0.8396797,-1.3493928,0.027684368,0.0
-0.10203519,0.33500877,0.13020654,-0.024965672,-0.19005889,-0.6869966,0.7009209,-2.1782875,0.18435702,0.2796125,2.3562,0.25223374,0.051238205,-2.3562,0.123189814,0.23940943,2.3562,0.41365463,0.013803184,-0.30391023,-0.27199504,0.8957262,0.28642347,-1.0741427,1.0497965,0.7056313,-0.16990156,0.0,1.1108356,-0.57132614,0.98755443,0.81203806,-1.3636652,0.042830158,0.0
-0.10217119,0.3307644,0.12869793,-0.017597249,-0.19631128,-0.68239325,0.7039118,-2.1735253,0.19103493,0.30074498,2.3562,0.2670939,0.04981756,-2.3562,0.15451747,0.26522157,2.3562,0.4612382,0.029804891,-0.32573032,-0.29139018,0.893788,0.2938996,-1.0689923,1.0277306,0.67895705,-0.18556261,0.0,1.1354282,-0.59778017,0.965116,0.77848154,-1.3778392,0.05530603,0.0
-0.10193163,0.3267583,0.12712832,-0.008806749,-0.20392706,-0.67684793,0.7072575,-2.1677966,0.19808196,0.32703978,2.3562,0.27864346,0.050413094,-2.3562,0.18958439,0.29665568,2.3562,0.510984,0.046291698,-0.35049215,-0.31429335,0.89159894,0.30335507,-1.0605606,1.0047909,0.66662526,-0.19792862,0.0,1.1723974,-0.6386082,0.93289894,0.72956294,-1.3938429,0.0612283,0.0
-0.10134691,0.32304993,0.12538604,0.0012276042,-0.21289222,-0.6705367,0.710673,-2.161149,0.20572026,0.3573405,2.3562,0.2880441,0.051995777,-2.3562,0.22698432,0.3325963,2.3562,0.5623147,0.061686445,-0.37837678,-0.3404946,0.8891504,0.3146223,-1.0496204,0.9801892,0.6636651,-0.20854285,0.0,1.232331,-0.7018711,0.8793112,0.64999294,-1.4133676,0.066100776,0.0
-0.100874454,0.31972748,0.123568445,0.012010731,-0.2230036,-0.6639936,0.7136089,-2.1530375,0.21449074,0.38912013,2.3562,0.2955186,0.053179715,-2.3562,0.2643224,0.36998835,2.3562,0.6124941,0.0734109,-0.40939122,-0.36983833,0.88629377,0.32677445,-1.0359792,0.95486337,0.6640915,-0.21599364,0.0,1.3267193,-0.79477257,0.7940533,0.5267878,-1.4296296,0.08020954,0.0
-0.10041694,0.31644157,0.1216267,0.02301252,-0.23413038,-0.6576652,0.7156325,-2.142622,0.22472475,0.420262,2.3562,0.3010428,0.052704975,-2.3562,0.29961532,0.40598783,2.3562,0.65926033,0.07955877,-0.44359773,-0.40287092,0.8830181,0.33900428,-1.0190139,0.93019,0.6621101,-0.21881829,0.0,1.4567608,-0.91887647,0.67794746,0.36705908,-1.4221058,0.10882659,0.0
-0.10005756,0.3134712,0.119872056,0.034180105,-0.24519514,-0.6516618,0.7169714,-2.1319375,0.23536572,0.44947627,2.3562,0.3048802,0.05006654,-2.3562,0.3331905,0.43976346,2.3562,0.70175445,0.081148885,-0.47842818,-0.43851244,0.8802531,0.35374197,-0.99859816,0.9067168,0.65964234,-0.21503234,0.0,1.5676919,-1.0401229,0.5720416,0.22904228,-1.3837805,0.15316966,0.0
-0.09994291,0.31083974,0.118361026,0.045009006,-0.25349066,-0.6463182,0.71832407,-2.126273,0.24400069,0.47403657,2.3562,0.30940434,0.046327632,-2.3562,0.3647289,0.47011665,2.3562,0.73846173,0.08305115,-0.5066829,-0.468957,0.8809427,0.37625718,-0.9758259,0.8804213,0.66313136,-0.20803845,0.0,1.6061652,-1.0997801,0.52525645,0.16709277,-1.3562088,0.20135729,0.0
-0.099981435,0.30849248,0.11716375,0.055260133,-0.25932574,-0.6417048,0.71966064,-2.1243947,0.25122198,0.49433345,2.3562,0.31405756,0.042442717,-2.3562,0.39380804,0.49720436,2.3562,0.7691453,0.086819395,-0.52908754,-0.49355054,0.88565326,0.40561017,-0.95006686,0.84872574,0.6695296,-0.20241037,0.0,1.6108346,-1.1174818,0.5092995,0.14444785,-1.3449302,0.24756975,0.0
-0.09977159,0.3065786,0.11635893,0.06519626,-0.26384732,-0.63761044,0.72082394,-2.1235852,0.25821024,0.51232946,2.3562,0.31705412,0.0391765,-2.3562,0.42093474,0.5225253,2.3562,0.79451597,0.093138665,-0.54845816,-0.5150586,0.89280677,0.43842155,-0.9203908,0.81288934,0.6749879,-0.20089504,0.0,1.6051645,-1.1210014,0.50161177,0.13332917,-1.3338064,0.28969803,0.0
-0.09995745,0.30482015,0.11593352,0.07362667,-0.26392382,-0.63481903,0.722446,-2.1295795,0.2626008,0.5234551,2.3562,0.32102484,0.037338156,-2.3562,0.44429156,0.54273224,2.3562,0.8117955,0.107481144,-0.56184447,-0.5236,0.89715207,0.46964502,-0.89592034,0.78252625,0.6742381,-0.20141433,0.0,1.5900903,-1.110019,0.5018576,0.13324705,-1.3201982,0.3313612,0.0
-0.100091375,0.30344057,0.11598101,0.08130486,-0.26089486,-0.63284546,0.7244516,-2.1405115,0.2653796,0.5300984,2.3562,0.32476342,0.03631233,-2.3562,0.46575582,0.5601076,2.3562,0.8233722,0.12812994,-0.57102334,-0.5236,0.9010718,0.50127447,-0.8713129,0.7534237,0.671512,-0.2042142,0.0,1.5648075,-1.0861934,0.50971,0.14229473,-1.3048553,0.37622273,0.0
-0.10029793,0.30228916,0.116338775,0.08976492,-0.25697377,-0.6308734,0.7265711,-2.1526952,0.26849088,0.5364488,2.3562,0.3253351,0.03553629,-2.3562,0.4885519,0.57882637,2.3562,0.8320547,0.152465,-0.5756948,-0.5236,0.9221152,0.5492149,-0.8222057,0.6954243,0.68023574,-0.22209086,0.0,1.4965378,-1.0193055,0.5506433,0.19026588,-1.3038388,0.41720077,0.0
-0.10046371,0.30149755,0.11714174,0.09915734,-0.252094,-0.6288407,0.7288182,-2.1661499,0.27186438,0.5427426,2.3562,0.32230774,0.03499254,-2.3562,0.51259774,0.5992622,2.3562,0.83806354,0.17940587,-0.57701576,-0.5236,0.9397532,0.59672207,-0.7803054,0.6439943,0.6865602,-0.23480335,0.0,1.373348,-0.9133063,0.6286335,0.29176795,-1.3015738,0.4461824,0.0
-0.10073929,0.30093983,0.118416585,0.10761302,-0.24589528,-0.6255873,0.73252684,-2.1803768,0.27079678,0.5492354,2.3562,0.31407908,0.035011463,-2.3562,0.5236,0.6193991,2.3562,0.8422732,0.20028037,-0.57787555,-0.5236,0.9623686,0.65001535,-0.73769015,0.58852655,0.6939451,-0.24696292,0.0,1.1809875,-0.7550833,0.7569588,0.49001965,-1.2691313,0.44602928,0.0
-0.10100743,0.30056223,0.120033704,0.114490695,-0.23907045,-0.6218372,0.73692316,-2.193698,0.2665746,0.55496633,2.3562,0.3019729,0.035641875,-2.3562,0.5236,0.636878,2.3562,0.84395885,0.21586277,-0.5806801,-0.5236,0.9896621,0.7051963,-0.6916274,0.5307754,0.6992831,-0.25978482,0.0,0.9834375,-0.59101737,0.90783906,0.74584717,-1.1637558,0.39984822,0.0
-0.10154129,0.300617,0.121919535,0.12092544,-0.23260345,-0.61863136,0.7406538,-2.2050536,0.26327977,0.5598733,2.3562,0.28786018,0.03661131,-2.3562,0.5236,0.65232027,2.3562,0.84247434,0.23121215,-0.5852636,-0.5236,1.0148245,0.755849,-0.6460103,0.4780651,0.69993883,-0.271167,0.0,0.8285043,-0.45453942,1.0662102,0.97957104,-0.996482,0.32989612,0.0
-0.10195598,0.300869,0.12395174,0.12700279,-0.22712663,-0.61589354,0.7436122,-2.2132838,0.26126024,0.56478894,2.3562,0.27162185,0.037915073,-2.3562,0.5236,0.66582465,2.3562,0.8383204,0.24462247,-0.59267414,-0.5236,1.0329571,0.79796886,-0.6043854,0.43599573,0.69485545,-0.2798687,0.0,0.74038696,-0.3797477,1.1852444,1.0944277,-0.8445068,0.2933036,0.0
-0.10238435,0.3013367,0.12613365,0.13300245,-0.22246982,-0.6134572,0.7459811,-2.2185652,0.260528,0.57014966,2.3562,0.25245857,0.03995897,-2.3562,0.5236,0.6780734,2.3562,0.8316299,0.25658715,-0.6015356,-0.5236,1.0428141,0.83237666,-0.5678215,0.40500492,0.6861073,-0.28650045,0.0,0.698274,-0.3548684,1.2290437,1.1179831,-0.7772605,0.28649467,0.0
-0.10282667,0.30216148,0.12853853,0.13905963,-0.21798664,-0.611232,0.7480239,-2.22233,0.26036015,0.57551414,2.3562,0.23024498,0.04248797,-2.3562,0.5236,0.6895367,2.3562,0.8220727,0.2684399,-0.61020917,-0.5236,1.0472323,0.86297685,-0.53469294,0.38124135,0.6757034,-0.29153708,0.0,0.66850334,-0.34247404,1.2389225,1.1182883,-0.7579252,0.28480878,0.0
-0.10329852,0.30306596,0.1311712,0.1452064,-0.21352285,-0.6091644,0.74982786,-2.225455,0.26002926,0.5806552,2.3562,0.20567235,0.044568986,-2.3562,0.5236,0.70037633,2.3562,0.81007683,0.27998474,-0.61846334,-0.5236,1.0473765,0.89101446,-0.50478745,0.36319378,0.66350436,-0.2938595,0.0,0.6422674,-0.33425608,1.2387303,1.1104252,-0.75408757,0.2837495,0.0
-0.103760384,0.30419606,0.13403459,0.15142924,-0.20901759,-0.6072441,0.75142235,-2.2285252,0.25896993,0.58549017,2.3562,0.17924927,0.04533338,-2.3562,0.5236,0.71075463,2.3562,0.796276,0.2907914,-0.6262298,-0.5236,1.0455433,0.91761017,-0.47594428,0.3479884,0.6495602,-0.29359657,0.0,0.6182201,-0.32891747,1.2348152,1.0971322,-0.747952,0.28416213,0.0
-0.10394626,0.3054005,0.13717017,0.15776677,-0.20448804,-0.605385,0.7528634,-2.2316496,0.25712252,0.59025306,2.3562,0.15124817,0.044421013,-2.3562,0.5236,0.72098863,2.3562,0.7807384,0.300941,-0.6336035,-0.5236,1.0403187,0.94255185,-0.45047793,0.33698896,0.6336907,-0.28866622,0.0,0.5963282,-0.32701376,1.2289934,1.0769243,-0.73699445,0.28626087,0.0
-0.104029045,0.30660912,0.14044382,0.1641749,-0.19985163,-0.6036704,0.754114,-2.234639,0.2547609,0.59478253,2.3562,0.121369675,0.042412467,-2.3562,0.5236,0.7307109,2.3562,0.7631202,0.31067556,-0.6402681,-0.5236,1.0339803,0.9670475,-0.4249487,0.327509,0.61624515,-0.2818518,0.0,0.5761506,-0.32865405,1.2215651,1.0488228,-0.7268159,0.28975236,0.0
-0.10399416,0.30794433,0.14397198,0.17062804,-0.19513366,-0.60220444,0.75508857,-2.2373946,0.2518948,0.59880626,2.3562,0.089600034,0.039799612,-2.3562,0.5236,0.73948485,2.3562,0.7427619,0.31962678,-0.6463352,-0.5236,1.023964,0.98922294,-0.40237513,0.32222137,0.5977568,-0.27298114,0.0,0.55670244,-0.33288214,1.2129595,1.0154378,-0.71511513,0.29501143,0.0
-0.10426144,0.3094292,0.1478893,0.1770743,-0.19031036,-0.60112834,0.75569266,-2.239921,0.24850446,0.60193384,2.3562,0.05604005,0.03707159,-2.3562,0.5236,0.74672234,2.3562,0.7190748,0.32742587,-0.6515092,-0.5236,1.0150084,1.0110942,-0.37675172,0.31621832,0.57775164,-0.26635784,0.0,0.5394391,-0.34072164,1.1968875,0.9748591,-0.70477515,0.30546325,0.0
-0.10441325,0.3110654,0.15211374,0.18353821,-0.18539579,-0.6004737,0.75589246,-2.2420907,0.24456076,0.6042207,2.3562,0.020403259,0.034400783,-2.3562,0.5236,0.75213915,2.3562,0.69141394,0.33373204,-0.6558621,-0.5236,1.005345,1.0314623,-0.34960142,0.31129548,0.5561848,-0.26175487,0.0,0.5263751,-0.35384753,1.1687535,0.9237768,-0.6987644,0.32319444,0.0
-0.10459079,0.3126465,0.15661842,0.1900324,-0.18040264,-0.60021377,0.75570244,-2.2438505,0.2401715,0.6058622,2.3562,-0.01708719,0.03158015,-2.3562,0.5236,0.7559356,2.3562,0.66001564,0.33870965,-0.65946716,-0.5236,0.99189633,1.0495325,-0.325744,0.310271,0.5331673,-0.25586936,0.0,0.51601833,-0.37096286,1.1344436,0.8646647,-0.69286066,0.34605438,0.0
-0.10426092,0.31434196,0.16150469,0.19646567,-0.17533511,-0.60036904,0.75512636,-2.2452176,0.23552276,0.6066977,2.3562,-0.05566666,0.028479662,-2.3562,0.5236,0.7582491,2.3562,0.62544805,0.34252885,-0.66220254,-0.5236,0.97523177,1.0654259,-0.3048409,0.31257665,0.50974435,-0.24870668,0.0,0.5062655,-0.3896063,1.0989832,0.8032264,-0.68280095,0.37127548,0.0
-0.103834555,0.31622455,0.16668262,0.20278323,-0.17021884,-0.60093606,0.75417525,-2.2462628,0.23078156,0.6065973,2.3562,-0.09441799,0.02495273,-2.3562,0.5236,0.75933063,2.3562,0.58822465,0.34546554,-0.66398,-0.5236,0.9556389,1.0786602,-0.28644368,0.31802568,0.4874957,-0.24038814,0.0,0.49442133,-0.40670758,1.0671005,0.7463598,-0.6651589,0.3955406,0.0
-0.10345314,0.31809518,0.1719885,0.20908993,-0.16517551,-0.6016732,0.7529859,-2.246844,0.22542398,0.6060812,2.3547935,-0.12977898,0.020540541,-2.3562,0.5236,0.75990933,2.3562,0.54822135,0.347213,-0.6655204,-0.5236,0.93325615,1.0892192,-0.26912406,0.32586744,0.46601924,-0.23196593,0.0,0.48327765,-0.42491046,1.0326073,0.6890826,-0.6401045,0.42224273,0.0
-0.10312431,0.32058415,0.1777259,0.21648131,-0.16086657,-0.6005388,0.75273573,-2.2460005,0.21587917,0.6094567,2.3417606,-0.1391996,0.014199435,-2.3562,0.5236,0.76589113,2.3562,0.50381,0.34810823,-0.6716719,-0.5236,0.90575653,1.0986215,-0.2539335,0.33481815,0.44423172,-0.22280063,0.0,0.46928695,-0.4428161,0.99787587,0.6351441,-0.60683894,0.44828424,0.0
-0.10276502,0.32304376,0.18384147,0.22384958,-0.15643993,-0.59980345,0.7520996,-2.2449932,0.2064616,0.6120008,2.32849,-0.14888681,0.007851412,-2.3562,0.5236,0.770696,2.3562,0.4562579,0.34827238,-0.6766417,-0.5236,0.8766695,1.1061703,-0.24008867,0.3453721,0.42421433,-0.21251093,0.0,0.45276722,-0.45872146,0.96619827,0.58735275,-0.5719319,0.4717884,0.0
-0.10253699,0.32536054,0.19031732,0.23120913,-0.15182944,-0.59943825,0.75110847,-2.2438009,0.19741899,0.61377084,2.3150156,-0.15892783,0.0020322348,-2.3562,0.5236,0.77448535,2.3562,0.40541688,0.34821725,-0.6802689,-0.5236,0.84745705,1.1135488,-0.2272815,0.3560037,0.4061564,-0.20077145,0.0,0.4323524,-0.471335,0.9401529,0.5480449,-0.54200536,0.4899884,0.0
-0.10201612,0.3276131,0.19700302,0.23859008,-0.14699581,-0.59950745,0.74970526,-2.2423675,0.18882681,0.6147583,2.301292,-0.16944726,-0.00316729,-2.3562,0.5236,0.7772694,2.3562,0.35077307,0.34823218,-0.6824628,-0.5236,0.8176641,1.119992,-0.21551521,0.36727306,0.39230275,-0.1872063,0.0,0.40951157,-0.48200518,0.91748816,0.5141263,-0.51845324,0.5047484,0.0
-0.10161487,0.32995152,0.20405515,0.2459946,-0.14195693,-0.6000171,0.74787325,-2.2407587,0.18066166,0.6149441,2.2873876,-0.18038025,-0.007993308,-2.3562,0.5236,0.7789769,2.3562,0.29281083,0.34794036,-0.6832959,-0.5236,0.7869177,1.1252699,-0.20485033,0.37940013,0.38136917,-0.17209521,0.0,0.38479584,-0.49139604,0.89712656,0.4845113,-0.49845582,0.51685274,0.0
-0.10136263,0.33207443,0.21128252,0.25334597,-0.1367274,-0.60089976,0.7456815,-2.2390096,0.17306991,0.61439776,2.273493,-0.19156192,-0.0124102095,-2.3562,0.5236,0.7795927,2.3562,0.23325706,0.34677663,-0.6827612,-0.5236,0.75648874,1.1301762,-0.19484809,0.39107332,0.3699095,-0.15609077,0.0,0.35754183,-0.4982062,0.87987095,0.46102867,-0.48478016,0.5242475,0.0
-0.10093776,0.33399016,0.2187167,0.2605838,-0.13137521,-0.60204375,0.7432227,-2.23716,0.16604276,0.6132227,2.2597268,-0.20281434,-0.016421607,-2.3562,0.5236,0.7792001,2.3562,0.17392069,0.344201,-0.6809716,-0.5236,0.727851,1.1354028,-0.18479718,0.40086052,0.35458663,-0.13992722,0.0,0.3274937,-0.5017563,0.8661729,0.44478896,-0.48029274,0.5249967,0.0
-0.10064401,0.3355998,0.22621237,0.26769754,-0.12591511,-0.60340375,0.7405318,-2.2351315,0.15948679,0.6114913,2.2460415,-0.21421905,-0.020004993,-2.3562,0.5236,0.7778607,2.3562,0.11558767,0.33987057,-0.6780568,-0.5236,0.70168453,1.1414019,-0.17472164,0.4084422,0.33304453,-0.12339002,0.0,0.29640397,-0.50357014,0.8542218,0.4333052,-0.49091208,0.51898926,0.0
-0.10031863,0.33721462,0.23394868,0.2747125,-0.120338164,-0.6049685,0.73760754,-2.2329037,0.15334561,0.6092867,2.2324457,-0.22582194,-0.023184247,-2.3562,0.5236,0.7757088,2.3562,0.05811847,0.33419943,-0.67415285,-0.5236,0.6774619,1.14758,-0.16476892,0.41430885,0.30748153,-0.10597732,0.0,0.2647274,-0.5045979,0.8437708,0.42567587,-0.5137543,0.50694984,0.0
-0.10005166,0.3385146,0.2417335,0.28161833,-0.11470309,-0.6066682,0.73449856,-2.230491,0.14766459,0.6067461,2.2189674,-0.23738945,-0.02601397,-2.3562,0.5236,0.7729477,2.3562,0.002153687,0.3278672,-0.6694607,-0.5236,0.6530584,1.1526494,-0.15494332,0.41912606,0.28170714,-0.08928802,0.0,0.23059264,-0.50195575,0.83257794,0.4249565,-0.5406023,0.49283132,0.0
-0.09980301,0.33965293,0.2496066,0.2883363,-0.10899648,-0.60874826,0.7310319,-2.2277606,0.14301044,0.60359716,2.2056527,-0.24872229,-0.028466238,-2.3562,0.5236,0.7690777,2.354697,-0.047850773,0.32145375,-0.6634419,-0.5236,0.6298918,1.156764,-0.14607164,0.42144185,0.25690183,-0.0712209,0.0,0.1985698,-0.5014145,0.82102776,0.423447,-0.5598951,0.47555336,0.0
-0.09954091,0.3416574,0.25823689,0.29439512,-0.101182826,-0.6147294,0.72470784,-2.2251625,0.14490475,0.5932496,2.1920152,-0.25990906,-0.029619023,-2.3562,0.5236,0.7549061,2.3355744,-0.05788383,0.31496117,-0.646867,-0.5236,0.60248137,1.1585674,-0.13698523,0.42690843,0.23690948,-0.057313543,0.0,0.1528743,-0.4834347,0.80722,0.44698724,-0.5751046,0.46412894,0.0
-0.09918934,0.34340236,0.26701784,0.30018312,-0.093292825,-0.6208857,0.7181139,-2.2220464,0.14754948,0.5824638,2.1783965,-0.27084017,-0.030426819,-2.3562,0.5236,0.73993856,2.3159058,-0.06663139,0.30822366,-0.6294677,-0.5236,0.57697207,1.1598871,-0.12874956,0.42996246,0.2156552,-0.041409764,0.0,0.11036976,-0.46951962,0.79186356,0.46780914,-0.5848809,0.44977954,0.0
-0.09883104,0.34481516,0.27575818,0.30571958,-0.08534855,-0.62711465,0.7113216,-2.2186391,0.15073341,0.57142293,2.1649895,-0.2816462,-0.031069703,-2.3562,0.5236,0.7245223,2.2961028,-0.07497783,0.30113927,-0.61134857,-0.5236,0.5498421,1.1590842,-0.12191503,0.43245697,0.1981407,-0.0261412,0.0,0.06668172,-0.45263326,0.77481097,0.49430215,-0.59436244,0.43389016,0.0
-0.098570295,0.34594747,0.2844797,0.311038,-0.07752313,-0.6332955,0.70440215,-2.2148616,0.15429893,0.56057876,2.1518378,-0.292365,-0.031685807,-2.3562,0.5236,0.7091505,2.2765443,-0.08287892,0.29357105,-0.5927349,-0.5236,0.52054715,1.1556964,-0.11637356,0.43418723,0.18726408,-0.012662887,0.0,0.026625862,-0.43798143,0.7553432,0.5177722,-0.6047036,0.41639882,0.0
-0.09820709,0.34676862,0.29350758,0.3150554,-0.07065587,-0.63800734,0.69906694,-2.208739,0.15341076,0.55185544,2.1374707,-0.30197325,-0.0323844,-2.3562,0.5134747,0.6932323,2.258345,-0.09439989,0.28003895,-0.57844895,-0.5236,0.48814687,1.1488253,-0.113953836,0.4373376,0.18515843,-0.0013060222,0.0,-0.013853394,-0.4187831,0.7347389,0.5479849,-0.6193477,0.39703372,0.0
-0.09778867,0.34733775,0.3026462,0.31822968,-0.06447495,-0.64176553,0.69477326,-2.2009056,0.14971511,0.54455376,2.1222563,-0.31080872,-0.033068802,-2.3562,0.49656177,0.6767659,2.2410357,-0.10798109,0.26246384,-0.56686676,-0.5236,0.4542771,1.1393967,-0.11269733,0.44083732,0.1895898,0.008265752,0.0,-0.05193653,-0.4001765,0.71172655,0.5784084,-0.6350709,0.37641183,0.0
-0.09736492,0.3476528,0.31168532,0.32123798,-0.058387853,-0.64544487,0.69050556,-2.1927938,0.14621824,0.53741926,2.1072407,-0.31943968,-0.03358441,-2.3562,0.47912562,0.6601018,2.223889,-0.12108148,0.24465995,-0.5549555,-0.5236,0.41918308,1.1279975,-0.11222696,0.44372958,0.19769889,0.017078608,0.0,-0.0880226,-0.38210735,0.6862704,0.6081103,-0.65002424,0.35454428,0.0
-0.09688248,0.34771714,0.32088017,0.32200837,-0.047128648,-0.64943564,0.6872575,-2.1924284,0.13992831,0.52158904,2.093783,-0.3270451,-0.03243226,-2.3562,0.45925584,0.6376417,2.2056375,-0.13635054,0.23157544,-0.53565544,-0.5076567,0.3837964,1.1115301,-0.11642417,0.44257012,0.2077318,0.025363805,0.0,-0.117209025,-0.36902136,0.65597284,0.6353601,-0.6625748,0.331977,0.0
-0.09652081,0.34758338,0.33011615,0.32179576,-0.03447664,-0.6534473,0.68429935,-2.193646,0.13289076,0.5029661,2.080966,-0.33418763,-0.030542513,-2.3562,0.43751088,0.61247724,2.1870465,-0.1523702,0.2190579,-0.5138545,-0.48731565,0.3476718,1.0920684,-0.122846186,0.4400074,0.21850419,0.034337316,0.0,-0.14243874,-0.35801667,0.6227276,0.6593391,-0.6731431,0.3085199,0.0
-0.09613033,0.34720746,0.33929512,0.3208959,-0.021234509,-0.6574573,0.6814138,-2.1951485,0.1256856,0.48273042,2.068657,-0.34105843,-0.028270992,-2.3562,0.41412145,0.5851379,2.168265,-0.16861981,0.20597133,-0.4904974,-0.46509358,0.31097117,1.0700046,-0.12997481,0.43682155,0.23138131,0.043241,0.0,-0.16542777,-0.3478094,0.5880393,0.6822024,-0.68168956,0.2830823,0.0
-0.095595896,0.3465576,0.34838754,0.31925687,-0.007324616,-0.66155505,0.678503,-2.1969783,0.11861261,0.46066225,2.0569756,-0.34776282,-0.025830127,-2.3562,0.3892337,0.5552881,2.1492116,-0.18484399,0.19224036,-0.46552607,-0.44094306,0.27331924,1.0457542,-0.13980876,0.43417355,0.24513449,0.052982464,0.0,-0.18586013,-0.33843237,0.551207,0.7025202,-0.6874723,0.2575591,0.0
-0.09508612,0.34560642,0.3573936,0.31685227,0.007294959,-0.6658088,0.6754629,-2.199221,0.111916475,0.4364995,2.0460691,-0.354397,-0.023457423,-2.3562,0.36296633,0.52253246,2.1297774,-0.20078772,0.17773008,-0.4388845,-0.4148766,0.23709567,1.0201073,-0.14978561,0.4312338,0.25917703,0.062296897,0.0,-0.20407738,-0.33073035,0.5155602,0.7197039,-0.6865816,0.23145078,0.0
-0.09467857,0.34452683,0.36627206,0.3136506,0.022654276,-0.6702318,0.67223465,-2.2019653,0.1056978,0.4100587,2.0360274,-0.360951,-0.021276327,-2.3562,0.33526134,0.48666194,2.109952,-0.21616365,0.16246367,-0.41061372,-0.38692138,0.20213516,0.9927817,-0.16018705,0.4280758,0.27366814,0.07184589,0.0,-0.22017284,-0.32413003,0.48055074,0.7333964,-0.6785594,0.20441833,0.0
-0.09432319,0.3434037,0.37507254,0.30962524,0.03884688,-0.6747837,0.6687975,-2.2054088,0.09989647,0.38112375,2.0269458,-0.36740878,-0.0192056,-2.3562,0.30571473,0.4473318,2.0896945,-0.23087177,0.1462345,-0.38058805,-0.35684037,0.16635126,0.9635533,-0.1724434,0.4253408,0.28872424,0.08174747,0.0,-0.23433647,-0.3183227,0.44551942,0.7438234,-0.66482407,0.1765105,0.0
-0.09410988,0.34210876,0.38378137,0.30437583,0.05665093,-0.679563,0.6650866,-2.2104895,0.09428462,0.34813893,2.0190642,-0.37366912,-0.017063836,-2.3562,0.27324137,0.40265563,2.068575,-0.24517839,0.12850647,-0.34701046,-0.32276347,0.1319738,0.9329601,-0.1851096,0.42174172,0.3041021,0.090955496,0.0,-0.24647322,-0.3142683,0.41164595,0.75163084,-0.6455215,0.14852498,0.0
-0.09374419,0.3405394,0.3923922,0.29756352,0.07672584,-0.68458223,0.6609964,-2.21808,0.088651754,0.30980894,2.012687,-0.37970895,-0.014749111,-2.3562,0.23676741,0.35090473,2.0463133,-0.25892887,0.10863835,-0.30849057,-0.28313234,0.097982496,0.90124893,-0.20060869,0.4179213,0.318887,0.0998526,0.0,-0.25589812,-0.3125746,0.3769831,0.75571764,-0.62323064,0.12330643,0.0
-0.093491755,0.3389516,0.40092868,0.28946728,0.098830335,-0.68954635,0.65648085,-2.2283044,0.08280209,0.2668025,2.0077205,-0.38539767,-0.012383818,-2.3562,0.19650126,0.292792,2.023181,-0.2708991,0.08671986,-0.2655332,-0.23849191,0.064155355,0.86825174,-0.21784146,0.41326803,0.33391148,0.10800247,0.0,-0.26354015,-0.31318533,0.34233925,0.75589806,-0.5962026,0.09995701,0.0
-0.09323563,0.33719206,0.40915188,0.28299466,0.11884043,-0.69320565,0.65211725,-2.2371657,0.077282555,0.22906213,2.001901,-0.39085928,-0.0105710225,-2.3562,0.15930876,0.24068865,2.0017266,-0.27813172,0.06642542,-0.2270628,-0.19871202,0.030326093,0.83540356,-0.23349078,0.4087468,0.34795606,0.11599374,0.0,-0.2722887,-0.31403607,0.31026942,0.7514275,-0.5643089,0.07773184,0.0
-0.092994645,0.33543012,0.41706687,0.28118706,0.13211037,-0.6945946,0.64885986,-2.2393548,0.072945125,0.20784105,1.9924744,-0.39634177,-0.009637684,-2.3562,0.13309383,0.20878087,1.9845349,-0.2799881,0.051996365,-0.20320946,-0.17487854,-0.00065626117,0.8059377,-0.2425198,0.4045574,0.3579391,0.12292667,0.0,-0.28441423,-0.31300902,0.28618357,0.7434379,-0.52930474,0.056696877,0.0
-0.092670575,0.33358714,0.42484897,0.2827184,0.14033152,-0.6945138,0.6465509,-2.2362676,0.06952792,0.1988237,1.9802856,-0.401805,-0.009246331,-2.3562,0.11504719,0.19187485,1.9704359,-0.27916133,0.042127963,-0.19019839,-0.16278177,-0.030875456,0.778798,-0.25040248,0.40329346,0.3628255,0.1303279,0.0,-0.2967547,-0.3105015,0.26434323,0.7306204,-0.49735504,0.041464556,0.0
-0.09232694,0.3316313,0.43252987,0.2863848,0.14504297,-0.69354045,0.64494026,-2.2293549,0.06670013,0.19808954,1.9662164,-0.40721986,-0.009270188,-2.3562,0.10189812,0.18485335,1.9584893,-0.27715898,0.035095323,-0.18500187,-0.1588996,-0.055762023,0.75524354,-0.2517792,0.39931318,0.36260697,0.13354464,0.0,-0.31013927,-0.30777207,0.25266656,0.7167632,-0.46070182,0.02679686,0.0
-0.09195028,0.3295515,0.44013602,0.2909425,0.14806493,-0.69209296,0.64376754,-2.2206128,0.06385594,0.20122819,1.9512331,-0.41246983,-0.009472512,-2.3562,0.09037616,0.18225935,1.9476826,-0.27483812,0.02923415,-0.18350388,-0.15864709,-0.07786943,0.7332625,-0.25109348,0.39401957,0.35895768,0.13423344,0.0,-0.32259867,-0.30528793,0.24565125,0.70028937,-0.42134467,0.01464132,0.0
-0.091657475,0.327253,0.44796684,0.29330343,0.14932887,-0.69152266,0.6430167,-2.205233,0.06084485,0.20402317,1.9356732,-0.41780162,-0.009604439,-2.345642,0.08319729,0.18233487,1.9355913,-0.2767961,0.02696002,-0.18224896,-0.15929043,-0.094381094,0.7122084,-0.24994142,0.3896654,0.35324717,0.13323435,0.0,-0.331739,-0.30214372,0.24190222,0.6851669,-0.38446972,0.006142115,0.0
-0.09141269,0.32467824,0.4561671,0.29248056,0.14953129,-0.6923295,0.64247596,-2.1830888,0.057953265,0.20391947,1.9199729,-0.42323482,-0.009468295,-2.322555,0.080462635,0.18272358,1.9211584,-0.28372678,0.028176555,-0.17884834,-0.15870741,-0.10589928,0.69072336,-0.24909481,0.38827562,0.34811893,0.13153999,0.0,-0.3372408,-0.29804882,0.23929644,0.6734594,-0.35506225,0.0018619334,0.0
-0.0912225,0.32201248,0.46435347,0.29133004,0.14982763,-0.69321054,0.6419795,-2.1609085,0.05517042,0.20326598,1.904335,-0.42834646,-0.008970998,-2.2991562,0.077390894,0.1823127,1.9065716,-0.2905482,0.028967876,-0.17486075,-0.15747276,-0.11589718,0.66965616,-0.24855544,0.38729882,0.34208265,0.13044348,0.0,-0.34225637,-0.2935644,0.2359771,0.663099,-0.3338295,0.001966251,0.0
-0.09099424,0.31936976,0.47243723,0.28993014,0.15009013,-0.6941574,0.64152867,-2.1385472,0.052561425,0.20235965,1.8887,-0.43317887,-0.008238771,-2.2754786,0.07416395,0.18144083,1.891895,-0.29719618,0.029474858,-0.1706423,-0.15603274,-0.12349818,0.65033627,-0.24864873,0.38542673,0.33348036,0.12976304,0.0,-0.34677467,-0.28891927,0.23348153,0.653658,-0.31779948,0.005682244,0.0
-0.09085367,0.31660947,0.48047024,0.28837922,0.15022889,-0.6951287,0.64114344,-2.1158845,0.05004838,0.20138986,1.8729655,-0.43777934,-0.007502727,-2.25153,0.07082166,0.18037713,1.8771085,-0.30364415,0.02984398,-0.16649364,-0.1545838,-0.12946312,0.63236845,-0.2491235,0.3835532,0.3245394,0.12885526,0.0,-0.35068786,-0.28433466,0.23205969,0.6448743,-0.3069108,0.011597729,0.0
-0.090718806,0.31371653,0.48852724,0.28670022,0.15026714,-0.69608265,0.64085233,-2.09291,0.047425248,0.20033671,1.857032,-0.44216898,-0.0069933627,-2.2273135,0.06727341,0.17919828,1.8621726,-0.30993706,0.030218098,-0.16254559,-0.15302482,-0.13546094,0.6138006,-0.24952805,0.38382253,0.3187784,0.12688468,0.0,-0.35350597,-0.28009716,0.23054425,0.6358965,-0.30181733,0.01928505,0.0
-0.090697125,0.3107357,0.49652448,0.2849905,0.15004449,-0.6969898,0.64068115,-2.069448,0.044611864,0.19954129,1.8407917,-0.446387,-0.0068369373,-2.2028475,0.06353522,0.17830297,1.8471662,-0.31612656,0.030650655,-0.1592714,-0.1518776,-0.1394566,0.5977412,-0.25034702,0.38373157,0.31310153,0.12426903,0.0,-0.35598302,-0.2760189,0.23132409,0.62796605,-0.3030708,0.027619477,0.0
-0.090592325,0.30773607,0.5044768,0.28317177,0.1496586,-0.6978735,0.64061594,-2.0456266,0.04168551,0.19877078,1.8243532,-0.4503881,-0.0068818964,-2.1781206,0.059570584,0.1773983,1.8321072,-0.32218963,0.031058704,-0.15635526,-0.15079778,-0.14233176,0.5826135,-0.25145546,0.38436028,0.3082679,0.120846294,0.0,-0.3578086,-0.27209735,0.23353916,0.6206316,-0.31051084,0.037605766,0.0
-0.0904698,0.3045779,0.5124786,0.28122967,0.1491544,-0.69878966,0.6405903,-2.0214777,0.038860805,0.19794568,1.8077197,-0.45410937,-0.0069975224,-2.1531115,0.05555085,0.17633419,1.8168253,-0.3279564,0.03139061,-0.15347658,-0.14978258,-0.14384104,0.56920743,-0.25309518,0.38477835,0.3044902,0.11704137,0.0,-0.35897762,-0.26835576,0.23694764,0.6136123,-0.3205898,0.047874052,0.0
-0.09036763,0.3014265,0.5205049,0.27904847,0.14873102,-0.69983065,0.64050615,-1.9971873,0.036420498,0.19661969,1.791012,-0.457528,-0.0070320056,-2.127778,0.051666353,0.17456418,1.8011351,-0.3332976,0.03158779,-0.1499217,-0.1482806,-0.14515734,0.5554611,-0.25512716,0.38610783,0.30443302,0.113105655,0.0,-0.35918385,-0.265233,0.24125834,0.6061839,-0.32959515,0.057259224,0.0
-0.09052222,0.29823664,0.52842814,0.27666375,0.14830282,-0.700982,0.6403809,-1.9726762,0.034395378,0.19498958,1.7741935,-0.46059775,-0.00690867,-2.1021404,0.04798131,0.17227766,1.78506,-0.33808365,0.031641707,-0.14584528,-0.14662433,-0.14552675,0.54287416,-0.25794727,0.38736856,0.3077499,0.109043494,0.0,-0.3584856,-0.2625651,0.24660861,0.5984549,-0.33762893,0.06540308,0.0
-0.0905522,0.29496214,0.53633046,0.2740637,0.14788932,-0.70226854,0.640185,-1.9479485,0.03284594,0.19298853,1.7572958,-0.46333858,-0.006708263,-2.076192,0.044538457,0.16941725,1.7686275,-0.34241366,0.031577412,-0.14116944,-0.14468853,-0.14517683,0.5309421,-0.2616033,0.38906965,0.31397384,0.10481249,0.0,-0.35679471,-0.26039073,0.2532162,0.5904649,-0.34629753,0.07286545,0.0
-0.09049767,0.29161444,0.54426396,0.27134064,0.14738443,-0.70358175,0.6400195,-1.9228747,0.03144478,0.19097829,1.7401186,-0.46580216,-0.0065785465,-2.0499036,0.041142482,0.16640884,1.7518481,-0.3464518,0.031408615,-0.13649516,-0.14278127,-0.14413567,0.520015,-0.26572314,0.39091522,0.32177135,0.10068467,0.0,-0.3544483,-0.25856975,0.26066554,0.5826451,-0.3540623,0.079784505,0.0
-0.09059499,0.28822464,0.5522054,0.26850316,0.14681642,-0.70491713,0.6398772,-1.8974253,0.030157004,0.1889494,1.7225676,-0.468056,-0.0066386056,-2.023225,0.037819166,0.16326241,1.7346665,-0.35021138,0.031166062,-0.1318762,-0.14072174,-0.14289403,0.5094825,-0.2700912,0.39318484,0.32982385,0.09700376,0.0,-0.3514517,-0.2571991,0.26890808,0.5749812,-0.35963038,0.0860446,0.0
-0.09074574,0.2848161,0.5601841,0.265587,0.14614771,-0.7062375,0.63979137,-1.8716273,0.028902877,0.18701841,1.7046624,-0.4700726,-0.0069151837,-1.9962052,0.03443304,0.1600551,1.7171228,-0.35378823,0.030822843,-0.1273886,-0.13849388,-0.14156272,0.49890047,-0.2748813,0.3959722,0.33898404,0.093773276,0.0,-0.34770882,-0.25646347,0.2783221,0.56743973,-0.36274976,0.09153181,0.0
-0.09082004,0.28133357,0.56819737,0.26257688,0.14538702,-0.70757115,0.6397336,-1.8454959,0.027740886,0.18514739,1.6864429,-0.47183844,-0.0073435297,-1.9688693,0.031064915,0.15675415,1.6992357,-0.35710338,0.030376876,-0.122989774,-0.13630988,-0.13951042,0.48996618,-0.2795816,0.3985778,0.3491532,0.090488546,0.0,-0.34366435,-0.2558056,0.28745872,0.56064624,-0.36457974,0.09674994,0.0
-0.090888,0.2775905,0.5762639,0.25945365,0.14452696,-0.7089566,0.6396689,-1.8189125,0.026811244,0.1832881,1.6678151,-0.47332066,-0.007915412,-1.941082,0.02792549,0.1533924,1.6808903,-0.36012194,0.029879414,-0.1186266,-0.13413721,-0.13713616,0.48119745,-0.2844661,0.40160313,0.35897788,0.0876171,0.0,-0.33880967,-0.25551578,0.2974855,0.5538186,-0.3647603,0.1013936,0.0
-0.09101233,0.2741174,0.5843028,0.25627103,0.14346239,-0.7103581,0.6396368,-1.7917113,0.025984501,0.1816119,1.6486212,-0.4744498,-0.0086394185,-1.9127614,0.02504792,0.15027405,1.6620761,-0.36279655,0.029400632,-0.11460894,-0.13221586,-0.13441679,0.47296658,-0.28921014,0.4049001,0.36545813,0.085014075,0.0,-0.33356935,-0.2553194,0.3081991,0.5474609,-0.3642807,0.10572735,0.0
-0.091215655,0.27038184,0.5924074,0.25298423,0.14226112,-0.7118461,0.63955915,-1.7639508,0.025467658,0.17999439,1.6289344,-0.47520792,-0.009533713,-1.8838967,0.022606103,0.1472773,1.642712,-0.36510286,0.028929915,-0.1107961,-0.1305062,-0.13126326,0.46559748,-0.29340377,0.40842727,0.36791125,0.082655005,0.0,-0.32810506,-0.25502276,0.3192266,0.5417043,-0.36270735,0.10979549,0.0
-0.09146195,0.2667133,0.60056835,0.24963826,0.14087294,-0.7133837,0.63946795,-1.7356389,0.025160192,0.17855977,1.608726,-0.47560716,-0.010591026,-1.8545601,0.020485632,0.14449164,1.6228683,-0.36708215,0.028449804,-0.10724257,-0.12908857,-0.12751225,0.45918694,-0.29698703,0.41193077,0.3675442,0.08027742,0.0,-0.32234576,-0.25454965,0.33025518,0.53654724,-0.36012653,0.11378823,0.0
-0.09169169,0.26298398,0.60873824,0.24617423,0.13937986,-0.7149258,0.6394158,-1.7068129,0.024911312,0.17713317,1.5880139,-0.47567624,-0.011749055,-1.8247077,0.018513585,0.14171128,1.6025205,-0.36871657,0.027961038,-0.10380255,-0.12767193,-0.12327055,0.45314687,-0.300224,0.41540828,0.36593482,0.07778099,0.0,-0.31616008,-0.25424838,0.34178135,0.5319126,-0.35736287,0.11747336,0.0
-0.092027806,0.25919163,0.6169534,0.2425235,0.137872,-0.7164267,0.639458,-1.6775103,0.024575934,0.17552257,1.5667933,-0.47539476,-0.012945417,-1.7943057,0.0164733,0.13871413,1.5816736,-0.36998844,0.027467912,-0.10035306,-0.12591444,-0.11864723,0.4473933,-0.30324507,0.41869995,0.36416674,0.07485951,0.0,-0.3096837,-0.25401792,0.35331118,0.5281919,-0.3563955,0.120937936,0.0
-0.09227245,0.2552281,0.6252446,0.23871012,0.13632512,-0.71787643,0.63959867,-1.647742,0.024115194,0.17374648,1.545081,-0.47472912,-0.014159154,-1.7633725,0.014346774,0.13549216,1.5603235,-0.37087715,0.026998876,-0.096849605,-0.12382411,-0.113620706,0.44189748,-0.30610892,0.42176324,0.36192736,0.07164663,0.0,-0.30288133,-0.25376582,0.36465845,0.5253951,-0.3572299,0.12431708,0.0
-0.092629336,0.25128704,0.63350224,0.23472857,0.13474114,-0.7192987,0.63980985,-1.6175072,0.02360967,0.17195824,1.5228735,-0.47371534,-0.015286412,-1.7319099,0.012228624,0.13211456,1.5384545,-0.37141052,0.026582167,-0.09333086,-0.12144704,-0.10820853,0.43670347,-0.3087939,0.424711,0.3588374,0.068249434,0.0,-0.29579479,-0.25353333,0.375791,0.5234315,-0.35959145,0.12772928,0.0
-0.09312938,0.24714178,0.64183605,0.23059969,0.13308328,-0.72067887,0.6401052,-1.5867261,0.023073705,0.17024702,1.5000865,-0.4723406,-0.016363004,-1.6998805,0.010182664,0.12881872,1.5160447,-0.37160444,0.02625806,-0.089925274,-0.11897568,-0.10248236,0.43182173,-0.3113326,0.42767137,0.3559727,0.064440385,0.0,-0.28838438,-0.25322726,0.3866389,0.522187,-0.36275598,0.13109513,0.0
-0.09365842,0.24297898,0.65017056,0.22632518,0.13134517,-0.72200656,0.6404935,-1.5553569,0.02258644,0.16847008,1.4766877,-0.4706759,-0.017527295,-1.6672087,0.008306331,0.12551096,1.4930075,-0.37149778,0.025866816,-0.08667903,-0.11641891,-0.09661489,0.42704678,-0.313791,0.43082753,0.3544917,0.059938084,0.0,-0.2806187,-0.2528999,0.3975622,0.52159804,-0.3667945,0.13420813,0.0
-0.094270855,0.23873971,0.6586069,0.22190268,0.12950002,-0.7232676,0.64099365,-1.5233006,0.022176446,0.16670766,1.4526167,-0.46873114,-0.018812964,-1.6338369,0.0065876297,0.12223332,1.4693573,-0.3711671,0.025374325,-0.083693184,-0.11388733,-0.090668604,0.42249188,-0.31611717,0.43425155,0.3546529,0.054573532,0.0,-0.27255815,-0.25243893,0.40836883,0.52175355,-0.37162685,0.13696264,0.0
-0.09491507,0.23445044,0.66699165,0.21731536,0.12757793,-0.7244733,0.6415889,-1.4906278,0.021840146,0.16488439,1.4279174,-0.4664834,-0.020189451,-1.5997952,0.005012554,0.11889824,1.4450815,-0.37055665,0.024813691,-0.080884166,-0.111237675,-0.08467252,0.41789374,-0.31827837,0.4380308,0.35613486,0.04849405,0.0,-0.26411873,-0.2520119,0.41992736,0.5226758,-0.37707922,0.13858044,0.0
-0.09559866,0.23007292,0.6753934,0.2126171,0.12557113,-0.7256247,0.6422576,-1.4574676,0.021432193,0.16299674,1.4025875,-0.46382514,-0.02158576,-1.5652443,0.0035632448,0.11561719,1.4202076,-0.36957908,0.024251567,-0.07818945,-0.10853728,-0.07861289,0.4133555,-0.32025808,0.44205752,0.358639,0.041821394,0.0,-0.2555532,-0.251643,0.43191093,0.52450126,-0.38244322,0.13969019,0.0
-0.0962726,0.22561522,0.6837774,0.2078467,0.1235004,-0.7267155,0.6429868,-1.4239887,0.020834863,0.16095245,1.3766493,-0.4606474,-0.02293275,-1.5303195,0.0022232267,0.1124079,1.39469,-0.3681233,0.023750845,-0.075503774,-0.10577599,-0.072314754,0.40928733,-0.32223386,0.4460201,0.3617834,0.03481017,0.0,-0.24678962,-0.25104654,0.44199178,0.52684045,-0.38741678,0.14226034,0.0
-0.09695237,0.22112128,0.6921025,0.20301129,0.1213724,-0.72775847,0.64375675,-1.3902161,0.020046901,0.15876086,1.350056,-0.45686683,-0.024182407,-1.4950536,0.0010429114,0.10932033,1.3684909,-0.3661529,0.023308301,-0.07276021,-0.10294482,-0.06586892,0.40540433,-0.32421628,0.45022067,0.3658225,0.027486635,0.0,-0.23760742,-0.250441,0.4506933,0.5295121,-0.39166394,0.14579208,0.0
-0.097685196,0.21664856,0.7004419,0.19807492,0.11919031,-0.7287528,0.64457697,-1.3560735,0.019163469,0.15640214,1.32282,-0.4525542,-0.025382925,-1.4593484,3.700531e-05,0.106276564,1.3415929,-0.36368576,0.02289954,-0.07000515,-0.09994203,-0.059462253,0.40109086,-0.32611004,0.45500433,0.37127468,0.019703187,0.0,-0.22777878,-0.25017884,0.46004406,0.5324751,-0.3947428,0.14855945,0.0
-0.09838747,0.21211283,0.70870566,0.1930457,0.116921686,-0.729673,0.6454766,-1.3214952,0.018106071,0.1539137,1.2949326,-0.44777393,-0.026626457,-1.4231851,-0.0009403835,0.10329111,1.3140831,-0.36083692,0.022553077,-0.06737894,-0.09690374,-0.05293971,0.39697966,-0.3280323,0.45983976,0.37758982,0.01183926,0.0,-0.21771492,-0.24997184,0.46877187,0.5357907,-0.3971772,0.15169813,0.0
-0.09917362,0.20756334,0.7169786,0.18792287,0.11453924,-0.73050225,0.64647675,-1.2864352,0.01686675,0.15126048,1.2664412,-0.44260043,-0.028005805,-1.3865165,-0.0019724004,0.10029663,1.2860128,-0.35771087,0.02229756,-0.06495809,-0.093810424,-0.046125576,0.39316604,-0.33014944,0.46427402,0.3843735,0.004259293,0.0,-0.20740306,-0.24978381,0.47663328,0.53911793,-0.39963377,0.15570563,0.0
-0.099897936,0.20286661,0.72517824,0.18267974,0.112056196,-0.7312152,0.64760786,-1.2507949,0.015354765,0.14838116,1.2372173,-0.4370793,-0.02958267,-1.3492343,-0.003171768,0.09720422,1.2573131,-0.35435078,0.022163004,-0.06279583,-0.09066079,-0.03899376,0.38994253,-0.33247322,0.46825922,0.39195827,-0.0029226546,0.0,-0.1969257,-0.24955986,0.48310462,0.5425239,-0.4019016,0.1606629,0.0
-0.100660816,0.19814005,0.73328966,0.17728913,0.109495796,-0.7318472,0.6488288,-1.214618,0.013716653,0.14523852,1.207317,-0.43113363,-0.031304684,-1.311329,-0.004366392,0.09399114,1.227918,-0.35065767,0.022129871,-0.060715087,-0.08729568,-0.03151371,0.38649067,-0.33505726,0.47207743,0.40062368,-0.009950417,0.0,-0.18570355,-0.24969284,0.48987803,0.5457472,-0.40367436,0.1655719,0.0
-0.10142499,0.1934098,0.7413037,0.17186034,0.106811024,-0.73239833,0.65011394,-1.1780593,0.0119207855,0.142013,1.1767974,-0.42474985,-0.0330893,-1.2730848,-0.0055488846,0.0909165,1.1980102,-0.34663036,0.022171713,-0.058856327,-0.083998024,-0.023940781,0.3833032,-0.33782497,0.47564062,0.40932593,-0.016657766,0.0,-0.17443694,-0.24988616,0.49615192,0.54904455,-0.4050811,0.17091188,0.0
-0.10210655,0.18863145,0.7491634,0.16636439,0.1040551,-0.73290217,0.6514215,-1.14128,0.010181763,0.13865136,1.14586,-0.4179695,-0.034851145,-1.2346315,-0.0065157707,0.08796598,1.1676675,-0.34210062,0.022245245,-0.057109028,-0.08071575,-0.016098661,0.38012484,-0.34081432,0.4788482,0.4180133,-0.023048462,0.0,-0.1626756,-0.2501198,0.50219935,0.55192417,-0.40533963,0.17602931,0.0
-0.10283396,0.18393146,0.75680894,0.16091281,0.10111754,-0.73334616,0.65275246,-1.1041497,0.008232315,0.13538994,1.114216,-0.4106915,-0.03656923,-1.1960342,-0.007480149,0.08543164,1.1369288,-0.33712092,0.022428881,-0.055587176,-0.07773902,-0.008220495,0.37729678,-0.34397995,0.48166487,0.42614552,-0.029028058,0.0,-0.15110235,-0.25008202,0.5073031,0.5549136,-0.40529564,0.18236372,0.0
-0.103577696,0.17916878,0.7643554,0.15539601,0.09807378,-0.73372865,0.65412223,-1.0666302,0.006204028,0.13199794,1.0819234,-0.40297234,-0.038296472,-1.1570764,-0.008366178,0.0830357,1.1056089,-0.33165333,0.022718024,-0.05421133,-0.074810795,8.926116e-05,0.37453738,-0.3474922,0.48404688,0.43454152,-0.03449763,0.0,-0.13897152,-0.24988265,0.51176095,0.5575008,-0.40435427,0.18939789,0.0
-0.104239374,0.17438255,0.7717515,0.14985085,0.09496124,-0.73404133,0.655523,-1.0289873,0.0042210394,0.12846893,1.0492352,-0.39480987,-0.04004559,-1.1180199,-0.009091073,0.08076155,1.0739182,-0.3257606,0.023012282,-0.052995704,-0.07192871,0.008494449,0.37205896,-0.35133612,0.48602867,0.44188657,-0.03971581,0.0,-0.12675093,-0.24961926,0.5153384,0.55982935,-0.4036391,0.19685511,0.0
-0.10503638,0.16961886,0.7789609,0.14425555,0.09187325,-0.7342816,0.6569476,-0.99148923,0.0024730577,0.12471064,1.0164514,-0.38626984,-0.041828055,-1.079051,-0.00952197,0.07848815,1.0419759,-0.31946486,0.023159768,-0.051978886,-0.06902676,0.016604664,0.3700437,-0.35517812,0.48777565,0.44737464,-0.045122664,0.0,-0.1149938,-0.24926674,0.5180555,0.56225383,-0.40356678,0.20395455,0.0
-0.10583135,0.16478536,0.7859777,0.13849472,0.0888424,-0.7344459,0.65841895,-0.95400524,0.0011280616,0.120551795,0.98357534,-0.37733808,-0.043676216,-1.039902,-0.009536388,0.07599269,1.0096003,-0.31269616,0.023123328,-0.05112207,-0.065845996,0.0251141,0.3681756,-0.35953152,0.4887878,0.45079017,-0.050544914,0.0,-0.10244529,-0.24899621,0.5202934,0.56379235,-0.40493748,0.21034668,0.0
-0.10664256,0.16011031,0.7926687,0.13267231,0.085798614,-0.7345157,0.659942,-0.91647416,-2.5288917e-05,0.116128735,0.95037884,-0.3679591,-0.04556947,-1.000637,-0.0093058925,0.073456176,0.97680014,-0.3054903,0.022991588,-0.050477926,-0.062589504,0.033554647,0.3667033,-0.3640742,0.48940682,0.4525062,-0.056067456,0.0,-0.089898765,-0.24877489,0.5220345,0.56512135,-0.4069787,0.21620859,0.0
-0.10758397,0.15552002,0.7991201,0.1268327,0.082770206,-0.734542,0.6614459,-0.8791029,-0.00092409883,0.111586876,0.9170487,-0.35823765,-0.047452565,-0.96149856,-0.008748625,0.07108916,0.94370127,-0.297841,0.022839416,-0.04987341,-0.059336647,0.042003613,0.3655651,-0.3689306,0.48964834,0.4528863,-0.0615896,0.0,-0.07721763,-0.24861352,0.5233401,0.5660962,-0.4084685,0.22147512,0.0
-0.10861768,0.15091857,0.805325,0.121068075,0.079759136,-0.73457056,0.66286284,-0.84211355,-0.0015590953,0.10710849,0.8837603,-0.3482902,-0.04927488,-0.9227855,-0.007836069,0.06914191,0.91047245,-0.28977093,0.022738833,-0.049192768,-0.056246463,0.050211776,0.36473355,-0.37379178,0.48978418,0.45223296,-0.06700143,0.0,-0.0647848,-0.2485005,0.52431726,0.56686795,-0.40814784,0.22605552,0.0
-0.109607,0.14644532,0.81123054,0.115355566,0.076773725,-0.7346485,0.6641464,-0.8054937,-0.0018378143,0.102782995,0.85051095,-0.33808264,-0.051014014,-0.8844665,-0.0064387866,0.06777101,0.87700486,-0.28119168,0.02276106,-0.048298053,-0.0533261,0.058201123,0.36415303,-0.37874588,0.48980138,0.4502594,-0.07226747,0.0,-0.052469753,-0.24851374,0.52499163,0.5673749,-0.40520325,0.22981554,0.0
-0.1105059,0.14199626,0.8169671,0.109660156,0.07381303,-0.734742,0.6653424,-0.7691165,-0.0018165492,0.09852374,0.8171602,-0.32758415,-0.052704375,-0.84639657,-0.004640175,0.066845596,0.8432236,-0.27211988,0.022861514,-0.047282957,-0.050515436,0.066047594,0.36384946,-0.38396364,0.4896604,0.44693366,-0.07739036,0.0,-0.040101297,-0.2486805,0.52534693,0.5675565,-0.4004094,0.23275991,0.0
-0.1114414,0.13777424,0.82239056,0.10404351,0.07086543,-0.7347715,0.66653126,-0.7330662,-0.0017015573,0.094223164,0.7837671,-0.31687364,-0.05438938,-0.80865276,-0.0027553022,0.06615944,0.8092784,-0.26271942,0.022935957,-0.04635087,-0.047837682,0.07369861,0.36381188,-0.38933277,0.48946932,0.44307214,-0.08245781,0.0,-0.027854905,-0.24893148,0.5254927,0.56753576,-0.39486688,0.23501599,0.0
-0.11236496,0.13336337,0.8276462,0.098562285,0.06792662,-0.7346611,0.66779083,-0.69740266,-0.0016546145,0.08988387,0.75030404,-0.3060296,-0.056109756,-0.77135926,-0.0010883575,0.06546036,0.7754066,-0.2531157,0.022875048,-0.0456976,-0.045292567,0.08117052,0.36398566,-0.39477888,0.4892895,0.43960372,-0.08765753,0.0,-0.015839914,-0.2492349,0.5255541,0.5674693,-0.38966635,0.23666848,0.0
-0.11323215,0.12892225,0.8326673,0.09319329,0.06498989,-0.73439103,0.6691496,-0.66196424,-0.0017237255,0.085497886,0.7166128,-0.2951037,-0.057982724,-0.7343515,0.00023485576,0.064517885,0.7414423,-0.2432646,0.022646138,-0.045352086,-0.04285883,0.088595316,0.36450332,-0.40063676,0.48897278,0.4366931,-0.09328151,0.0,-0.0037973726,-0.2496822,0.52550435,0.56730676,-0.38481843,0.23739025,0.0
-0.11417516,0.12471358,0.83737373,0.087932706,0.062053494,-0.73400503,0.6705623,-0.6267652,-0.0018107828,0.08108038,0.6827104,-0.28403527,-0.059965078,-0.69762385,0.0013860493,0.06343074,0.7073039,-0.2331099,0.022315979,-0.045221273,-0.040534962,0.09583861,0.3653084,-0.40659916,0.48859036,0.43379408,-0.09917662,0.0,0.008023508,-0.25018692,0.52546,0.5671735,-0.379794,0.2371932,0.0
-0.11502991,0.120631926,0.8418273,0.08279955,0.059170242,-0.7335216,0.6720039,-0.59212303,-0.0018726615,0.07662648,0.6488946,-0.272758,-0.061853044,-0.6614541,0.0024365678,0.06221696,0.67323655,-0.22275437,0.021901522,-0.04525084,-0.038294703,0.102836505,0.3662458,-0.41243333,0.48826188,0.43106514,-0.104932375,0.0,0.019449277,-0.2506806,0.52546626,0.5670611,-0.3748087,0.2365617,0.0
-0.115816996,0.116612345,0.8459669,0.077826515,0.05637262,-0.73295313,0.67345744,-0.5583463,-0.0018642398,0.072136804,0.615478,-0.26121762,-0.063437656,-0.626135,0.0034491816,0.06089182,0.63951105,-0.21231918,0.021409115,-0.04537137,-0.036103915,0.1095954,0.3673049,-0.41834474,0.48803362,0.42864963,-0.11001176,0.0,0.030603196,-0.251178,0.5254002,0.5666934,-0.3701186,0.23602106,0.0
-0.11666391,0.11268943,0.8498904,0.073004834,0.053693876,-0.73228174,0.674945,-0.5254672,-0.0017771138,0.06746804,0.58239377,-0.24933605,-0.0646835,-0.59167737,0.0044685267,0.05947068,0.60604554,-0.20178166,0.020779949,-0.04562936,-0.033928122,0.116047636,0.36843506,-0.42431828,0.4879245,0.42638204,-0.11397578,0.0,0.041445017,-0.25165653,0.5251783,0.5658542,-0.3656126,0.23590155,0.0
-0.11743781,0.10886323,0.8535277,0.06832506,0.051108096,-0.731509,0.67647195,-0.49330616,-0.0016364192,0.06261013,0.5494743,-0.23714907,-0.06569623,-0.5579211,0.0054878024,0.057994965,0.5727123,-0.19109638,0.02003064,-0.046032447,-0.031766597,0.12222048,0.36966357,-0.4304814,0.4879642,0.4242698,-0.11702959,0.0,0.052059397,-0.2521324,0.5246902,0.5645569,-0.36126453,0.23605822,0.0
-0.11803966,0.10520489,0.85684305,0.06379406,0.048582364,-0.7306896,0.67798436,-0.46188724,-0.0014379782,0.05777162,0.51692796,-0.22480223,-0.06647668,-0.5249015,0.006483795,0.056514733,0.53970367,-0.18033153,0.019269232,-0.04644142,-0.029650912,0.12817714,0.37126166,-0.43776166,0.48823798,0.42185542,-0.11890275,0.0,0.063110225,-0.2527742,0.5234733,0.56225026,-0.35782906,0.23637275,0.0
-0.11864995,0.10170606,0.85987073,0.05943248,0.04609057,-0.7298785,0.67942685,-0.43124288,-0.0012103764,0.053176858,0.48494875,-0.21243545,-0.06702258,-0.49271002,0.0073984973,0.05508976,0.507245,-0.16957276,0.01859567,-0.046785727,-0.027657537,0.13341244,0.3727828,-0.4455774,0.48961607,0.41973153,-0.120167695,0.0,0.07365561,-0.25336295,0.52142215,0.5599981,-0.35568023,0.23732287,0.0
-0.11919347,0.098205425,0.86271435,0.055264693,0.043673586,-0.7290528,0.6808234,-0.40150294,-0.00088865875,0.04878247,0.45346817,-0.19986454,-0.06725345,-0.4613426,0.008258284,0.05368094,0.4750717,-0.15864147,0.017983181,-0.04710511,-0.025703413,0.1373389,0.3742612,-0.45530215,0.4927391,0.41734645,-0.120110966,0.0,0.084013484,-0.2538488,0.51757604,0.55739194,-0.35604185,0.23966165,0.0
-0.11977601,0.09499378,0.86525995,0.051257532,0.04135282,-0.72819984,0.68219334,-0.37246504,-0.0004949634,0.044486273,0.4221366,-0.18694706,-0.067192204,-0.43069714,0.009076726,0.052289568,0.44302896,-0.14749432,0.017379731,-0.047429398,-0.023764832,0.13939866,0.37511718,-0.46696284,0.49850988,0.41491112,-0.11854818,0.0,0.093625315,-0.25386012,0.5115467,0.5550861,-0.35878244,0.2440272,0.0
-0.12028128,0.091572165,0.8675465,0.04739839,0.03898138,-0.72739464,0.68346983,-0.3432935,-0.00019841807,0.040452186,0.3900496,-0.1735019,-0.06700435,-0.4006336,0.009748273,0.051047876,0.4114501,-0.13636635,0.016835067,-0.04768675,-0.02204779,0.14263234,0.37515426,-0.47293037,0.50273925,0.416181,-0.121129006,0.0,0.101201475,-0.25351247,0.5086872,0.5555085,-0.35983798,0.24570195,0.0
-0.12069661,0.08834727,0.86952174,0.04360605,0.036507074,-0.7267063,0.68459016,-0.31303164,-5.5717057e-05,0.036771536,0.35602173,-0.15915363,-0.0668503,-0.37060526,0.010255826,0.05000868,0.37984902,-0.12507892,0.016407087,-0.047523335,-0.020518787,0.14515242,0.37480703,-0.48003802,0.50888413,0.41710877,-0.12216446,0.0,0.10922945,-0.25326374,0.50437105,0.5550784,-0.36052802,0.24780859,0.0
-0.12111491,0.08515501,0.87126714,0.040315263,0.03333858,-0.72611856,0.68557644,-0.29379722,-0.0011156865,0.033373147,0.34463984,-0.15729846,-0.06659684,-0.34093878,0.009119735,0.049576916,0.3493764,-0.11418179,0.016102629,-0.047157116,-0.020749519,0.1479432,0.37411264,-0.4860793,0.5157858,0.4188541,-0.12319728,0.0,0.117113255,-0.25292394,0.50059533,0.55497915,-0.36012435,0.2487409,0.0
-0.12134062,0.08168221,0.87299603,0.036790468,0.030418063,-0.7257283,0.68632334,-0.2748713,-0.0013644001,0.03027604,0.3341059,-0.15607063,-0.06632732,-0.32179794,0.0092096655,0.04945819,0.33956924,-0.11414943,0.015726974,-0.04602396,-0.020232823,0.1501741,0.37284976,-0.49277082,0.52435654,0.42078364,-0.123179756,0.0,0.12520064,-0.25268775,0.49602506,0.55458754,-0.35964397,0.24959016,0.0
-0.1212356,0.07768733,0.8747517,0.03335961,0.027498892,-0.72539884,0.6869698,-0.25653568,-0.0016627758,0.027498633,0.3243343,-0.15529734,-0.06599353,-0.3033791,0.009170308,0.049272858,0.3305959,-0.11447461,0.015396963,-0.044697277,-0.019750388,0.15079066,0.37075526,-0.50125283,0.53586054,0.42216516,-0.12129806,0.0,0.13336748,-0.25244024,0.48943615,0.5535044,-0.35881525,0.25160718,0.0
-0.12149448,0.07476363,0.87592506,0.030024767,0.024713194,-0.7250742,0.687572,-0.23925444,-0.0017945314,0.02502958,0.3155672,-0.15497848,-0.06555642,-0.28598306,0.009202582,0.048744664,0.3225086,-0.115226164,0.015096553,-0.04350224,-0.019104112,0.15139566,0.36805156,-0.5069402,0.54736537,0.4251075,-0.1212081,0.0,0.14012629,-0.25213525,0.4834523,0.5535701,-0.3552871,0.25293428,0.0
-0.12163942,0.07206164,0.8768835,0.02682361,0.022149596,-0.72476125,0.6881214,-0.22335544,-0.0016539813,0.022952033,0.30788323,-0.15508704,-0.064953595,-0.26988518,0.0094014965,0.047798462,0.3152762,-0.1163561,0.0148300035,-0.042393174,-0.01814562,0.15120843,0.3646054,-0.5112937,0.5598509,0.4294034,-0.12244846,0.0,0.14562994,-0.25173956,0.47675446,0.55433667,-0.34924456,0.25456926,0.0
-0.121789895,0.06920081,0.87768924,0.023746815,0.019715661,-0.72448546,0.6885988,-0.20851156,-0.0013825013,0.021252777,0.30115116,-0.15565147,-0.06421313,-0.25483844,0.009636958,0.046582237,0.3088581,-0.117856845,0.014581234,-0.041243307,-0.017020788,0.15000664,0.36033225,-0.5153024,0.5739788,0.43445423,-0.12401091,0.0,0.15044291,-0.25127456,0.46868813,0.55524665,-0.34164083,0.25695512,0.0
-0.12183064,0.066429764,0.878337,0.020693118,0.017310074,-0.7242191,0.6890421,-0.19421852,-0.0010584615,0.019761533,0.295277,-0.15674259,-0.06342863,-0.24037583,0.009851293,0.04513101,0.303317,-0.119861305,0.014304928,-0.04016118,-0.015850116,0.14831877,0.35530922,-0.51831776,0.5893674,0.43945763,-0.12510368,0.0,0.15481243,-0.25083327,0.4601192,0.5562146,-0.33273247,0.2595175,0.0
-0.121935345,0.06340987,0.8788119,0.017589951,0.014799473,-0.7239308,0.68948954,-0.18000424,-0.00077868113,0.018302677,0.290273,-0.15847592,-0.06269434,-0.22602174,0.009978607,0.043480117,0.29870296,-0.12249902,0.013963858,-0.039259873,-0.014769357,0.14660943,0.34959352,-0.5197775,0.60574895,0.4435763,-0.1248621,0.0,0.15900877,-0.25055552,0.45184937,0.55710983,-0.32282507,0.26171666,0.0
-0.12199521,0.06038205,0.87911433,0.014407689,0.012175078,-0.7236196,0.6899413,-0.16576646,-0.0005938184,0.01681357,0.28612342,-0.16097867,-0.06196834,-0.21172342,0.010000139,0.041595764,0.2951052,-0.1258682,0.013524968,-0.038599204,-0.013742399,0.14492409,0.34303823,-0.5199519,0.62348187,0.4468373,-0.122897044,0.0,0.16316105,-0.2504591,0.4433878,0.5576219,-0.31096178,0.2638381,0.0
-0.122125715,0.057347722,0.87930346,0.011197449,0.009489184,-0.7232986,0.6903794,-0.15179192,-0.00045140623,0.015451008,0.282935,-0.16418132,-0.06120274,-0.19770859,0.009970935,0.039460152,0.29250395,-0.12992096,0.013009648,-0.038112838,-0.012732484,0.14336732,0.33584625,-0.5186676,0.64212584,0.44968864,-0.11998323,0.0,0.1669746,-0.25053835,0.43498215,0.55814433,-0.29707906,0.26564285,0.0
-0.1221906,0.054256275,0.879379,0.007948374,0.006763604,-0.72295356,0.6908179,-0.13797477,-0.00031414715,0.014662273,0.2804574,-0.16789617,-0.060385622,-0.18389624,0.009940991,0.03712102,0.29068968,-0.13448998,0.012466427,-0.0376928,-0.0118179,0.14165953,0.32811743,-0.515861,0.66162354,0.45151013,-0.116090074,0.0,0.1706033,-0.25069812,0.42676324,0.55874634,-0.28373545,0.2672794,0.0
-0.122218326,0.050887063,0.8793499,0.0046716556,0.003996047,-0.7225734,0.69126695,-0.124242686,-8.989648e-05,0.014467424,0.2784898,-0.17192297,-0.059656803,-0.17019491,0.009951029,0.034641035,0.28943935,-0.13942108,0.011943719,-0.03723454,-0.011097784,0.13979198,0.32012329,-0.5111161,0.68146133,0.45182812,-0.111458406,0.0,0.17401946,-0.25092012,0.4194896,0.55975705,-0.27314767,0.26838112,0.0
-0.122410096,0.047437377,0.8792507,0.0012990952,0.0011269419,-0.72213024,0.691755,-0.11034871,0.00026335585,0.014790015,0.2771334,-0.17644247,-0.059109077,-0.15637578,0.010024267,0.031806946,0.28892785,-0.14497843,0.0113864085,-0.036761884,-0.0106636835,0.13813415,0.3119684,-0.5042358,0.70126575,0.45001316,-0.106037915,0.0,0.1774398,-0.25117165,0.41313514,0.5610075,-0.26580283,0.26896623,0.0
-0.122532286,0.043979667,0.8790427,-0.0021464436,-0.0018288178,-0.72163916,0.6922637,-0.096412055,0.00070116937,0.01550461,0.2764713,-0.18150531,-0.05871441,-0.14255266,0.010184651,0.028409105,0.28921226,-0.15117067,0.0107101975,-0.03631066,-0.01046108,0.13691401,0.3038109,-0.49538407,0.72088885,0.44641745,-0.09981491,0.0,0.18058674,-0.25154376,0.40815586,0.56271887,-0.26011223,0.26854542,0.0
-0.122762196,0.04064087,0.8787942,-0.0055478555,-0.0047299117,-0.7211553,0.69273514,-0.08292063,0.0011998704,0.01648693,0.27630502,-0.18671392,-0.058439244,-0.12916641,0.010432704,0.024836987,0.28994223,-0.157466,0.01003863,-0.035778876,-0.0103120385,0.13529609,0.2952838,-0.48424652,0.7412312,0.44271567,-0.09325397,0.0,0.1833173,-0.25197622,0.40378472,0.5648214,-0.25643232,0.2678655,0.0
-0.12301536,0.037200708,0.8785328,-0.00876164,-0.007459378,-0.7207354,0.6931149,-0.07036615,0.0017487484,0.017618157,0.2764297,-0.19166216,-0.058244888,-0.116666645,0.01074923,0.021513436,0.2907604,-0.16331097,0.009500591,-0.03506903,-0.010055078,0.1327089,0.2863949,-0.4708722,0.76273745,0.44014364,-0.08663016,0.0,0.18517847,-0.25249305,0.4003115,0.56770366,-0.25452414,0.26680508,0.0
-0.123158485,0.033955604,0.8782635,-0.011786581,-0.009985617,-0.7203944,0.6933927,-0.058817845,0.0023768784,0.018955553,0.27681488,-0.19628434,-0.05815157,-0.10514159,0.011098273,0.018594721,0.29166856,-0.16859667,0.009214423,-0.034185212,-0.009653119,0.12887718,0.27694112,-0.45494905,0.78578484,0.43965334,-0.07998722,0.0,0.18593751,-0.25313365,0.39802545,0.5715449,-0.25489306,0.26530483,0.0
-0.12334703,0.031018823,0.8779945,-0.014685522,-0.012372587,-0.7201038,0.6936007,-0.048100445,0.0030915823,0.020461075,0.2776827,-0.20078701,-0.05818324,-0.09436404,0.011478588,0.015949337,0.2928272,-0.17359363,0.009128073,-0.033170197,-0.009187133,0.124336906,0.26718327,-0.4363212,0.8098415,0.4405066,-0.073320106,0.0,0.18581659,-0.25387585,0.396845,0.5761713,-0.25738367,0.26332083,0.0
-0.12340992,0.02853678,0.8777004,-0.017440394,-0.014612192,-0.71986425,0.69374186,-0.038120046,0.0038320546,0.021890191,0.27880728,-0.20514277,-0.058299426,-0.084306754,0.011902306,0.013557459,0.29410854,-0.17830259,0.0091048125,-0.031974122,-0.0086833425,0.11939397,0.2577212,-0.41601446,0.83444446,0.4408982,-0.06639135,0.0,0.18515465,-0.25463098,0.39617854,0.5813071,-0.2609556,0.26101178,0.0
-0.123571336,0.026124794,0.8774326,-0.020034898,-0.016698085,-0.719676,0.69382006,-0.028825626,0.0045487667,0.023002278,0.28001672,-0.20932133,-0.058460932,-0.07494347,0.01237881,0.01138981,0.29538468,-0.18272294,0.009004514,-0.030562215,-0.008163373,0.11441143,0.24891949,-0.39409426,0.8589364,0.43983012,-0.0595486,0.0,0.1842651,-0.25526628,0.39546746,0.58668447,-0.26456472,0.25855085,0.0
-0.12361864,0.023813529,0.8771849,-0.022497289,-0.018626697,-0.7195496,0.6938267,-0.020143362,0.0052682683,0.02364409,0.2812357,-0.21327344,-0.05870067,-0.06620191,0.0129427435,0.009494727,0.29655874,-0.18679415,0.008761276,-0.028879417,-0.007642404,0.10894493,0.24056146,-0.37042674,0.8841153,0.43699107,-0.052391153,0.0,0.18308814,-0.2557422,0.39474156,0.5926606,-0.26859528,0.25579098,0.0
-0.12378334,0.021565953,0.8769486,-0.024822688,-0.02040422,-0.7194833,0.6937661,-0.012129719,0.006017718,0.023962619,0.2825664,-0.2170249,-0.05902429,-0.058115017,0.013559095,0.007899243,0.29771456,-0.19052486,0.008467739,-0.026966115,-0.0071129748,0.10295127,0.23252162,-0.34488904,0.9099223,0.43310562,-0.044999976,0.0,0.18149546,-0.25610334,0.3942311,0.5992333,-0.2733941,0.2527357,0.0
-0.12400439,0.019516172,0.87674576,-0.026960015,-0.022019284,-0.7194584,0.6936627,-0.004892386,0.0067485124,0.024179077,0.284048,-0.22061698,-0.05935568,-0.05083211,0.014153511,0.006533684,0.29899266,-0.19401352,0.008217171,-0.024908802,-0.0065380423,0.09706961,0.22531925,-0.31914943,0.9349111,0.42750227,-0.037498947,0.0,0.17977743,-0.25644073,0.39349395,0.6055106,-0.27794817,0.2498624,0.0
-0.12416934,0.017703531,0.87654793,-0.028861523,-0.02346306,-0.7194597,0.69353753,0.0014550136,0.007417583,0.024512114,0.28572792,-0.22410238,-0.059616677,-0.04450408,0.014654673,0.005324223,0.30055892,-0.19737962,0.008103987,-0.022807587,-0.0058760066,0.09203377,0.219315,-0.29407856,0.95748836,0.42017722,-0.030398782,0.0,0.17822045,-0.25683156,0.39208826,0.6105952,-0.28126127,0.2476683,0.0
-0.12430974,0.015979527,0.87630427,-0.03052541,-0.024727708,-0.71947414,0.6934074,0.0068619275,0.008042343,0.025057057,0.28762543,-0.22748959,-0.05980956,-0.039221544,0.015069849,0.0043234583,0.30251464,-0.20063859,0.008164996,-0.020593258,-0.0050838427,0.08750214,0.21446505,-0.27024627,0.9783279,0.4097514,-0.022546364,0.0,0.17690013,-0.25725886,0.3896829,0.6142959,-0.28319755,0.24633685,0.0
-0.12436438,0.014567862,0.8760494,-0.031969097,-0.025823884,-0.7195184,0.6932564,0.011398659,0.008638033,0.025684293,0.2897019,-0.23073876,-0.059964895,-0.034887,0.015420709,0.0035475171,0.3047513,-0.20372894,0.008350783,-0.018246418,-0.0041905884,0.08320741,0.21047558,-0.24730913,0.99795663,0.39650953,-0.013924705,0.0,0.17566922,-0.25770083,0.38653946,0.6170495,-0.28427672,0.24562217,0.0
-0.12444929,0.01319663,0.8757958,-0.03319808,-0.02674749,-0.7196055,0.69307315,0.015138548,0.009144938,0.02627346,0.29191557,-0.23383738,-0.060046967,-0.031345215,0.015674556,0.0028639133,0.30706805,-0.20662682,0.008621534,-0.015932573,-0.003249494,0.07973374,0.20732455,-0.22552168,1.0150799,0.38234752,-0.006246287,0.0,0.17453349,-0.2581847,0.38299388,0.6188472,-0.28454334,0.2454405,0.0
-0.12456304,0.012019424,0.8755201,-0.034209095,-0.027497789,-0.7197523,0.6928422,0.018143805,0.009507269,0.026706988,0.29424462,-0.23677522,-0.060019776,-0.028436657,0.01579739,0.0021447584,0.30924487,-0.20930028,0.008937713,-0.013794792,-0.0023019535,0.077384345,0.20509563,-0.20643991,1.0289115,0.3680895,-0.0005820104,0.0,0.17347644,-0.25876758,0.37948298,0.61971813,-0.28396615,0.24561363,0.0
-0.12460347,0.01093043,0.8753108,-0.035013247,-0.028099163,-0.7199943,0.6925264,0.02042842,0.009683189,0.026975095,0.296787,-0.23957773,-0.05985943,-0.026132552,0.015725195,0.0013370902,0.31130636,-0.21173489,0.009296255,-0.011777625,-0.0013395696,0.076201625,0.2037552,-0.18909907,1.0393906,0.35402706,0.0021424762,0.0,0.17249618,-0.2593991,0.37578586,0.6195521,-0.2824365,0.24636596,0.0
-0.12455113,0.009928013,0.87509173,-0.035620444,-0.028530877,-0.7203131,0.69214624,0.021956535,0.009721036,0.027129987,0.29952663,-0.24224487,-0.059588585,-0.02450653,0.01550334,0.0005115988,0.3133277,-0.21394332,0.009716769,-0.009820366,-0.00033034105,0.07567886,0.20328213,-0.17438741,1.047522,0.3386306,0.0033585199,0.0,0.17155896,-0.2600945,0.3719457,0.61844885,-0.27989736,0.24755694,0.0
-0.12445519,0.00905708,0.87487644,-0.03599439,-0.028768074,-0.7206463,0.69177,0.022742672,0.009692246,0.027148256,0.3022334,-0.24470156,-0.05924471,-0.023546526,0.01524256,-0.00026726487,0.31517485,-0.21593428,0.010193367,-0.008107399,0.0006936087,0.07577756,0.20349231,-0.16232333,1.0532362,0.32373217,0.0034898785,0.0,0.17071086,-0.2609272,0.3683326,0.6165516,-0.27670085,0.248885,0.0
-0.12435413,0.008092156,0.8747054,-0.0360799,-0.028806418,-0.7209236,0.691475,0.02324368,0.009511428,0.026996939,0.30375943,-0.24627446,-0.0588646,-0.023039345,0.014902466,-0.00095095683,0.31632233,-0.21740372,0.01071691,-0.006662919,0.0016260576,0.076421194,0.20440519,-0.1608227,1.0551387,0.30611128,0.004586637,0.0,0.16970454,-0.26131886,0.3678003,0.61576146,-0.2727186,0.24814183,0.0
-0.12420438,0.0073203575,0.8745423,-0.03602948,-0.028576532,-0.7211371,0.69126445,0.022795511,0.009523683,0.026604218,0.30585837,-0.24818778,-0.05845946,-0.023147797,0.014810161,-0.0016093393,0.3174964,-0.21904793,0.011347342,-0.00586342,0.0026640336,0.07706412,0.2056403,-0.15902065,1.0568022,0.2918231,0.0054407823,0.0,0.16842264,-0.2619716,0.36713433,0.61431414,-0.26815307,0.24751465,0.0
-0.124040306,0.0067896335,0.8743728,-0.0357789,-0.028123379,-0.72130996,0.6911158,0.02162392,0.009531092,0.025979502,0.30799824,-0.25002939,-0.058003444,-0.02383766,0.0147598,-0.002257167,0.31852737,-0.2206382,0.012067765,-0.005527231,0.0036790315,0.077651665,0.20705551,-0.15722655,1.0572897,0.28180465,0.0052717593,0.0,0.16707624,-0.2628178,0.36645454,0.6121185,-0.26310378,0.2472316,0.0
-0.12387066,0.0063684946,0.8742351,-0.035220407,-0.027401883,-0.72149014,0.69098526,0.019460872,0.0095108235,0.025341725,0.3099864,-0.25157285,-0.05749585,-0.025475075,0.014727368,-0.0026407088,0.31934398,-0.22192098,0.012751431,-0.005491615,0.004670441,0.07827247,0.20866632,-0.15564774,1.056345,0.27574044,0.0041236244,0.0,0.16577762,-0.2638126,0.3657934,0.6094018,-0.25840893,0.24719058,0.0
-0.12385057,0.0059901257,0.8741633,-0.034272455,-0.026327526,-0.72172976,0.69082445,0.016030928,0.009452341,0.024912294,0.3117145,-0.2526302,-0.056931723,-0.028420435,0.014711634,-0.0024987496,0.31992042,-0.2226661,0.013267664,-0.005590847,0.0056200805,0.07904974,0.21058466,-0.1543075,1.0540828,0.27314073,0.0025395062,0.0,0.16449256,-0.26495114,0.36507335,0.60652316,-0.2550115,0.24709436,0.0
-0.12361051,0.0060936343,0.8740963,-0.032917246,-0.024916891,-0.72207814,0.6905785,0.011361489,0.009331101,0.024837146,0.31316197,-0.25318184,-0.0562604,-0.032684077,0.014722036,-0.0015839549,0.32024136,-0.22282942,0.0135421315,-0.005715556,0.006535077,0.08001105,0.21277508,-0.15334332,1.0504088,0.27457723,0.0007550565,0.0,0.16311291,-0.26613528,0.36426625,0.60364974,-0.25339168,0.24665529,0.0
-0.12339234,0.006433076,0.8740587,-0.0312039,-0.023184394,-0.7224967,0.69028074,0.0055929823,0.009159226,0.02498803,0.31431976,-0.25327018,-0.05550103,-0.038092025,0.014761732,-7.668235e-05,0.3202854,-0.22249076,0.013652686,-0.005956088,0.0074112583,0.08120701,0.21520458,-0.15289856,1.0451778,0.2798904,-0.001276322,0.0,0.16159582,-0.26729196,0.36339843,0.6008261,-0.25317946,0.24580275,0.0
-0.12314099,0.007080976,0.87407947,-0.029116,-0.021103436,-0.7229049,0.6900112,-0.0014192938,0.008987515,0.0251937,0.3151831,-0.25285196,-0.054754067,-0.044725195,0.01481765,0.0016587843,0.32002014,-0.22158702,0.013697908,-0.0064504687,0.008231475,0.08276594,0.21792234,-0.15299502,1.0386633,0.28746012,-0.0032405844,0.0,0.16003126,-0.2684235,0.36249202,0.59837747,-0.25397113,0.24462332,0.0
-0.12303545,0.007848783,0.8741874,-0.026632546,-0.018652415,-0.7232171,0.6898549,-0.009787638,0.008865927,0.025275705,0.31568626,-0.25183457,-0.054125488,-0.05262779,0.014874693,0.0032440866,0.31935954,-0.220022,0.013779317,-0.0073605133,0.008978502,0.084806465,0.22100939,-0.15358445,1.0313387,0.2955775,-0.004619729,0.0,0.15850212,-0.26958737,0.3615522,0.5967507,-0.25535905,0.24328788,0.0
-0.12273239,0.009162928,0.87428516,-0.023765743,-0.0158229,-0.72338504,0.6898543,-0.019565813,0.008825497,0.02514471,0.31585437,-0.25020972,-0.05363157,-0.061822876,0.014960041,0.0046302397,0.31832823,-0.21775512,0.013911242,-0.008919443,0.009663957,0.08735563,0.22455037,-0.1547387,1.02334,0.30436337,-0.004872943,0.0,0.15695554,-0.2708369,0.3606061,0.5963191,-0.25759345,0.24198832,0.0
-0.122453384,0.0107711,0.8744577,-0.02051744,-0.012634125,-0.72344804,0.6899582,-0.030652868,0.008801323,0.02489578,0.31566253,-0.24798706,-0.053225446,-0.072271824,0.015041846,0.005976238,0.31697702,-0.21485083,0.014048715,-0.011016892,0.010250985,0.09039613,0.2284619,-0.1565816,1.0146466,0.31428218,-0.0039159264,0.0,0.15523852,-0.2721307,0.35968155,0.59715354,-0.26071414,0.24074647,0.0
-0.12224313,0.012424127,0.8747749,-0.01672061,-0.009106483,-0.72343624,0.6901287,-0.042817254,0.00851588,0.02457607,0.31419545,-0.24435234,-0.052906476,-0.08394925,0.0148496805,0.007218586,0.31475747,-0.21071546,0.014240064,-0.0131093515,0.01029403,0.100765385,0.23718798,-0.16332822,0.993649,0.31888476,-0.0008240977,0.0,0.15079272,-0.27422342,0.35791495,0.6017061,-0.2636633,0.23934609,0.0
-0.121966526,0.014538165,0.8750915,-0.012705917,-0.005253593,-0.7234501,0.6902397,-0.05597037,0.008416082,0.0244004,0.3126349,-0.24063316,-0.052711956,-0.09650765,0.014802546,0.008295144,0.3121747,-0.20640732,0.014404763,-0.015007107,0.010481716,0.112580046,0.24570605,-0.17392199,0.9735377,0.318355,0.003850159,0.0,0.14562725,-0.27472684,0.35647345,0.6091046,-0.26640877,0.23827063,0.0
-0.12171415,0.017101336,0.875444,-0.008324976,-0.0010377378,-0.72348595,0.6902881,-0.07033136,0.008381167,0.024448184,0.31076437,-0.23646872,-0.05271189,-0.1102122,0.014764399,0.009194837,0.30910653,-0.2016073,0.014560626,-0.016802406,0.010682645,0.1157303,0.24960448,-0.1781282,0.9669002,0.32701483,0.0066029527,0.0,0.14328007,-0.27527627,0.35544604,0.61322206,-0.268648,0.23633474,0.0
-0.121361196,0.01970782,0.8758517,-0.0035596152,0.0035736694,-0.72349,0.69031644,-0.08572327,0.00843291,0.024616702,0.30802742,-0.23140621,-0.052896213,-0.12488521,0.014761306,0.009902805,0.30505034,-0.19586743,0.01473555,-0.018139597,0.010647377,0.12514533,0.26054734,-0.2021575,0.951139,0.31606278,0.017354427,0.0,0.13439554,-0.27367273,0.35404834,0.6277872,-0.27116627,0.23347843,0.0
-0.12102753,0.022666443,0.87625456,0.0014784695,0.008485909,-0.7234714,0.69030064,-0.10263596,0.0084979255,0.024704535,0.3062308,-0.22699957,-0.05304329,-0.14104295,0.014761892,0.0105394395,0.30185717,-0.19080794,0.014903994,-0.01997819,0.01091746,0.12572601,0.26218957,-0.20311345,0.9500723,0.32609934,0.018782424,0.0,0.13394602,-0.27427188,0.35327482,0.63017374,-0.27228394,0.23162155,0.0
-0.12067057,0.025677277,0.87681675,0.0071238903,0.013633965,-0.723366,0.6902935,-0.119653486,0.007919875,0.024482932,0.3013315,-0.21974461,-0.052979186,-0.15757743,0.014176472,0.011146206,0.29619938,-0.18319935,0.015167789,-0.021528231,0.010586019,0.12734197,0.26634988,-0.20487562,0.94735605,0.33169648,0.022082876,0.0,0.13137478,-0.27565947,0.35110292,0.6363451,-0.2730999,0.22773954,0.0
-0.120110825,0.02912044,0.8774103,0.013094873,0.019092496,-0.7231435,0.6903097,-0.13781886,0.007130908,0.023744842,0.29632962,-0.21229121,-0.052625388,-0.17524588,0.013449826,0.011510936,0.29055515,-0.1756107,0.015487064,-0.022986053,0.010181424,0.13222803,0.27399752,-0.21352148,0.94162697,0.32314628,0.028652329,0.0,0.122253984,-0.2737451,0.34685722,0.6532522,-0.27589047,0.22453327,0.0
-0.11960238,0.032665897,0.87799627,0.019347882,0.024862554,-0.7228582,0.69027793,-0.15783916,0.0062830527,0.022712575,0.29290283,-0.20594968,-0.05206961,-0.19459732,0.012732097,0.011801275,0.28616732,-0.16906562,0.015802879,-0.024678757,0.010132079,0.13292539,0.2752486,-0.21288018,0.9428093,0.32180026,0.030710902,0.0,0.12220064,-0.274494,0.34576494,0.65601265,-0.27539992,0.22203277,0.0
