-4.705382138490676880e-02,1.665278337895870209e-02,5.137931108474731445e-01,2.878394536674022675e-02,4.260421264916658401e-03,-5.955809610895812511e-04,9.995763897895812988e-01,-1.403895378112792969e+00,2.916790246963500977e-01,2.048244178295135498e-01,1.781701922416687012e+00,-3.103343546390533447e-01,1.001815050840377808e-01,-1.458332657814025879e+00,-3.678966462612152100e-01,-1.409282237291336060e-01,1.780920505523681641e+00,-3.240740299224853516e-01,-1.507305502891540527e-01,1.607376523315906525e-02,-7.022733241319656372e-02,-1.999180614948272705e-01,3.910498917102813721e-01,2.122856527566909790e-01,1.297244906425476074e+00,8.290354013442993164e-01,1.041077077388763428e-01,1.852874876931309700e-03,-1.514806598424911499e-01,-2.938248813152313232e-01,-7.456222921609878540e-02,1.087001562118530273e+00,-1.306453347206115723e+00,-2.653854191303253174e-01,9.606061875820159912e-02
-4.705255851149559021e-02,1.665133424103260040e-02,5.137919187545776367e-01,2.876592800021171570e-02,4.260475281625986099e-03,-5.909125320613384247e-04,9.995769262313842773e-01,-1.404108762741088867e+00,2.916761040687561035e-01,2.047691047191619873e-01,1.781637430191040039e+00,-3.100771903991699219e-01,1.001878455281257629e-01,-1.458327054977416992e+00,-3.679048418998718262e-01,-1.408079117536544800e-01,1.780751109123229980e+00,-3.239263594150543213e-01,-1.506413221359252930e-01,1.606731116771697998e-02,-7.019273191690444946e-02,-1.997350603342056274e-01,3.910453319549560547e-01,2.124238610267639160e-01,1.297386884689331055e+00,8.290209770202636719e-01,1.041793599724769592e-01,1.754631986841559410e-03,-1.514803618192672729e-01,-2.938229739665985107e-01,-7.456572353839874268e-02,1.087008595466613770e+00,-1.306457042694091797e+00,-2.653846740722656250e-01,9.606429934501647949e-02
-4.712629690766334534e-02,1.673503220081329346e-02,5.137900114059448242e-01,2.876536548137664795e-02,4.260903690010309219e-03,-6.056312122382223606e-04,9.995769262313842773e-01,-1.404048323631286621e+00,2.915924191474914551e-01,2.047218382358551025e-01,1.781596422195434570e+00,-3.099540770053863525e-01,1.002775952219963074e-01,-1.458340525627136230e+00,-3.679123520851135254e-01,-1.409649103879928589e-01,1.780664563179016113e+00,-3.239052295684814453e-01,-1.505636721849441528e-01,1.609584316611289978e-02,-7.019254565238952637e-02,-1.997334063053131104e-01,3.910222053527832031e-01,2.124390155076980591e-01,1.297414779663085938e+00,8.290159106254577637e-01,1.042111217975616455e-01,1.721032196655869484e-03,-1.514672785997390747e-01,-2.939935326576232910e-01,-7.456805557012557983e-02,1.086944580078125000e+00,-1.306438446044921875e+00,-2.653751969337463379e-01,9.596513211727142334e-02
-4.713501408696174622e-02,1.674138568341732025e-02,5.137887001037597656e-01,2.873340249061584473e-02,4.259174689650535583e-03,-5.802773521281778812e-04,9.995778799057006836e-01,-1.404105544090270996e+00,2.916236221790313721e-01,2.046415656805038452e-01,1.781593799591064453e+00,-3.099433481693267822e-01,1.002267897129058838e-01,-1.458301067352294922e+00,-3.679754436016082764e-01,-1.410494297742843628e-01,1.780640482902526855e+00,-3.238893449306488037e-01,-1.505777537822723389e-01,1.604697853326797485e-02,-7.012772560119628906e-02,-1.997332423925399780e-01,3.910220861434936523e-01,2.124357372522354126e-01,1.297330617904663086e+00,8.290182948112487793e-01,1.041915416717529297e-01,1.768452813848853111e-03,-1.516874730587005615e-01,-2.939752638339996338e-01,-7.439079880714416504e-02,1.087095379829406738e+00,-1.306329488754272461e+00,-2.653185725212097168e-01,9.604462981224060059e-02
-4.713013768196105957e-02,1.673496514558792114e-02,5.137826204299926758e-01,2.871031127870082855e-02,4.259558394551277161e-03,-5.834776093252003193e-04,9.995785355567932129e-01,-1.404051065444946289e+00,2.915393412113189697e-01,2.047219425439834595e-01,1.781563758850097656e+00,-3.099259436130523682e-01,1.002340167760848999e-01,-1.458280920982360840e+00,-3.679608404636383057e-01,-1.411073803901672363e-01,1.780650258064270020e+00,-3.238929212093353271e-01,-1.505868881940841675e-01,1.605208963155746460e-02,-7.008157670497894287e-02,-2.001480311155319214e-01,3.909959793090820312e-01,2.122509479522705078e-01,1.297428369522094727e+00,8.288731575012207031e-01,1.041276678442955017e-01,1.843038015067577362e-03,-1.516917943954467773e-01,-2.939769029617309570e-01,-7.438596338033676147e-02,1.087122917175292969e+00,-1.306442499160766602e+00,-2.653875946998596191e-01,9.606963396072387695e-02
-4.713706299662590027e-02,1.672509312629699707e-02,5.137819051742553711e-01,2.871108241379261017e-02,4.258798900991678238e-03,-5.632512620650231838e-04,9.995785355567932129e-01,-1.404118537902832031e+00,2.916517257690429688e-01,2.046612054109573364e-01,1.781636834144592285e+00,-3.099025189876556396e-01,1.002596318721771240e-01,-1.458277344703674316e+00,-3.679046332836151123e-01,-1.410395354032516479e-01,1.780749797821044922e+00,-3.238785564899444580e-01,-1.505378037691116333e-01,1.601170189678668976e-02,-7.008354365825653076e-02,-2.001477032899856567e-01,3.909970223903656006e-01,2.122489213943481445e-01,1.297407746315002441e+00,8.288450837135314941e-01,1.042018756270408630e-01,1.739832689054310322e-03,-1.516780108213424683e-01,-2.941455543041229248e-01,-7.439281046390533447e-02,1.087107181549072266e+00,-1.306313872337341309e+00,-2.652952373027801514e-01,9.598140418529510498e-02
-4.713600501418113708e-02,1.673067919909954071e-02,5.137656927108764648e-01,2.868201211094856262e-02,4.258650355041027069e-03,-5.668252706527709961e-04,9.995793700218200684e-01,-1.404132008552551270e+00,2.916496992111206055e-01,2.045426815748214722e-01,1.781636595726013184e+00,-3.097360432147979736e-01,1.004631444811820984e-01,-1.458278775215148926e+00,-3.678919374942779541e-01,-1.410821080207824707e-01,1.780772328376770020e+00,-3.238857090473175049e-01,-1.505262553691864014e-01,1.601905748248100281e-02,-7.002416253089904785e-02,-2.001282274723052979e-01,3.911065459251403809e-01,2.121608704328536987e-01,1.297426342964172363e+00,8.288396596908569336e-01,1.042223274707794189e-01,1.716798637062311172e-03,-1.516781002283096313e-01,-2.941483259201049805e-01,-7.439066469669342041e-02,1.086953759193420410e+00,-1.306221723556518555e+00,-2.650729119777679443e-01,9.591101109981536865e-02
-4.713391885161399841e-02,1.671948656439781189e-02,5.137585401535034180e-01,2.864223159849643707e-02,4.257786553353071213e-03,-5.732348072342574596e-04,9.995805025100708008e-01,-1.404192090034484863e+00,2.915801107883453369e-01,2.045097798109054565e-01,1.781556844711303711e+00,-3.097060918807983398e-01,1.004979759454727173e-01,-1.458244442939758301e+00,-3.678206801414489746e-01,-1.409895718097686768e-01,1.780723094940185547e+00,-3.238941431045532227e-01,-1.505372524261474609e-01,1.603144221007823944e-02,-6.994438916444778442e-02,-2.001270949840545654e-01,3.911069929599761963e-01,2.121613025665283203e-01,1.297428369522094727e+00,8.288380503654479980e-01,1.042271107435226440e-01,1.711496035568416119e-03,-1.517905145883560181e-01,-2.940242290496826172e-01,-7.459867745637893677e-02,1.086875438690185547e+00,-1.306339263916015625e+00,-2.650605738162994385e-01,9.598539024591445923e-02
-4.713657498359680176e-02,1.679123751819133759e-02,5.138301253318786621e-01,2.858711779117584229e-02,4.257164429873228073e-03,-5.687198136001825333e-04,9.995820522308349609e-01,-1.404214262962341309e+00,2.915742695331573486e-01,2.046193480491638184e-01,1.781592488288879395e+00,-3.096905648708343506e-01,1.005875468254089355e-01,-1.458190679550170898e+00,-3.678031563758850098e-01,-1.409628242254257202e-01,1.780717849731445312e+00,-3.238794505596160889e-01,-1.504298448562622070e-01,1.602361351251602173e-02,-6.983506679534912109e-02,-2.002811282873153687e-01,3.910208046436309814e-01,2.123074829578399658e-01,1.297585964202880859e+00,8.289919495582580566e-01,1.042115390300750732e-01,1.722879707813262939e-03,-1.517935842275619507e-01,-2.940266728401184082e-01,-7.460018247365951538e-02,1.086846232414245605e+00,-1.306408762931823730e+00,-2.650523185729980469e-01,9.604020416736602783e-02
-4.712722450494766235e-02,1.680280640721321106e-02,5.138100385665893555e-01,2.857187762856483459e-02,4.258816130459308624e-03,-5.832355818711221218e-04,9.995824694633483887e-01,-1.404352545738220215e+00,2.914839386940002441e-01,2.046536654233932495e-01,1.781670451164245605e+00,-3.096830248832702637e-01,1.007091179490089417e-01,-1.458004951477050781e+00,-3.680114150047302246e-01,-1.411771029233932495e-01,1.780383467674255371e+00,-3.238367438316345215e-01,-1.504107266664505005e-01,1.605227403342723846e-02,-6.980435550212860107e-02,-2.002831399440765381e-01,3.910064995288848877e-01,2.123213261365890503e-01,1.297844290733337402e+00,8.290458321571350098e-01,1.043446809053421021e-01,1.717025414109230042e-03,-1.518409699201583862e-01,-2.939926981925964355e-01,-7.442305982112884521e-02,1.086944699287414551e+00,-1.306422472000122070e+00,-2.650003135204315186e-01,9.606292843818664551e-02
-4.713574424386024475e-02,1.681556366384029388e-02,5.138157010078430176e-01,2.854394540190696716e-02,4.258463159203529358e-03,-5.862629041075706482e-04,9.995833039283752441e-01,-1.404313564300537109e+00,2.915531694889068604e-01,2.044664472341537476e-01,1.781647562980651855e+00,-3.095171153545379639e-01,1.007190495729446411e-01,-1.457949042320251465e+00,-3.680333495140075684e-01,-1.412558108568191528e-01,1.780307173728942871e+00,-3.237483501434326172e-01,-1.504009068012237549e-01,1.605627126991748810e-02,-6.974886357784271240e-02,-2.003465443849563599e-01,3.909372687339782715e-01,2.121534496545791626e-01,1.297887325286865234e+00,8.291640281677246094e-01,1.044730171561241150e-01,1.685593044385313988e-03,-1.519680321216583252e-01,-2.940374314785003662e-01,-7.459076493978500366e-02,1.087179183959960938e+00,-1.306519389152526855e+00,-2.649448215961456299e-01,9.596475958824157715e-02
-4.713390767574310303e-02,1.681112684309482574e-02,5.138882994651794434e-01,2.850783802568912506e-02,4.258374683558940887e-03,-5.764270899817347527e-04,9.995843172073364258e-01,-1.404371738433837891e+00,2.914287745952606201e-01,2.044402956962585449e-01,1.781603813171386719e+00,-3.094745278358459473e-01,1.007542833685874939e-01,-1.457907915115356445e+00,-3.680419921875000000e-01,-1.413449496030807495e-01,1.780300974845886230e+00,-3.237306773662567139e-01,-1.504056304693222046e-01,1.603783480823040009e-02,-6.985099613666534424e-02,-2.002288699150085449e-01,3.909034729003906250e-01,2.121178060770034790e-01,1.297763466835021973e+00,8.290652632713317871e-01,1.046078279614448547e-01,1.731026452034711838e-03,-1.519625782966613770e-01,-2.938669621944427490e-01,-7.462228834629058838e-02,1.087171554565429688e+00,-1.306553483009338379e+00,-2.649725079536437988e-01,9.592820703983306885e-02
-4.713438078761100769e-02,1.681143604218959808e-02,5.138879418373107910e-01,2.850592322647571564e-02,4.258071538060903549e-03,-5.670935497619211674e-04,9.995843768119812012e-01,-1.404376149177551270e+00,2.914082407951354980e-01,2.044328898191452026e-01,1.781598210334777832e+00,-3.094582259654998779e-01,1.007633656263351440e-01,-1.457902073860168457e+00,-3.680631220340728760e-01,-1.413530707359313965e-01,1.780300259590148926e+00,-3.237292170524597168e-01,-1.504071503877639771e-01,1.601913757622241974e-02,-6.984708458185195923e-02,-2.000746130943298340e-01,3.909752368927001953e-01,2.119734585285186768e-01,1.297746896743774414e+00,8.288968205451965332e-01,1.045296788215637207e-01,1.669845427386462688e-03,-1.519893109798431396e-01,-2.938360273838043213e-01,-7.448280602693557739e-02,1.087169170379638672e+00,-1.306556701660156250e+00,-2.649719715118408203e-01,9.592616558074951172e-02
-4.712953791022300720e-02,1.688461750745773315e-02,5.138841867446899414e-01,2.848744019865989685e-02,4.257802851498126984e-03,-5.753079312853515148e-04,9.995849132537841797e-01,-1.404313802719116211e+00,2.913346588611602783e-01,2.045291811227798462e-01,1.781567811965942383e+00,-3.094430565834045410e-01,1.007867902517318726e-01,-1.457889199256896973e+00,-3.680369257926940918e-01,-1.413945853710174561e-01,1.780311584472656250e+00,-3.237318694591522217e-01,-1.504070311784744263e-01,1.603720709681510925e-02,-6.980962306261062622e-02,-1.999220401048660278e-01,3.910630941390991211e-01,2.118249088525772095e-01,1.297607421875000000e+00,8.287277221679687500e-01,1.046270877122879028e-01,1.719196559861302376e-03,-1.522119194269180298e-01,-2.938161194324493408e-01,-7.430683076381683350e-02,1.087192654609680176e+00,-1.306456208229064941e+00,-2.648629248142242432e-01,9.609615057706832886e-02
-4.713373631238937378e-02,1.689095050096511841e-02,5.138944387435913086e-01,2.847450040280818939e-02,4.256813786923885345e-03,-5.556044634431600571e-04,9.995853304862976074e-01,-1.404388904571533203e+00,2.913869619369506836e-01,2.044269591569900513e-01,1.781638741493225098e+00,-3.094370365142822266e-01,1.007910445332527161e-01,-1.457874178886413574e+00,-3.680583238601684570e-01,-1.410870999097824097e-01,1.780294895172119141e+00,-3.235651552677154541e-01,-1.502819359302520752e-01,1.599724218249320984e-02,-6.978395581245422363e-02,-1.999189108610153198e-01,3.910395503044128418e-01,2.118382602930068970e-01,1.297562837600708008e+00,8.286745548248291016e-01,1.046474575996398926e-01,1.763410400599241257e-03,-1.522133797407150269e-01,-2.938163578510284424e-01,-7.430461049079895020e-02,1.087255239486694336e+00,-1.306445360183715820e+00,-2.649302780628204346e-01,9.619539231061935425e-02
-4.712942615151405334e-02,1.688616722822189331e-02,5.138919949531555176e-01,2.845451980829238892e-02,4.260292742401361465e-03,-5.727454554289579391e-04,9.995858669281005859e-01,-1.404579162597656250e+00,2.913070619106292725e-01,2.042141109704971313e-01,1.781714200973510742e+00,-3.094370365142822266e-01,1.008413583040237427e-01,-1.457815885543823242e+00,-3.680236637592315674e-01,-1.411749869585037231e-01,1.780337810516357422e+00,-3.235377669334411621e-01,-1.502509564161300659e-01,1.603199169039726257e-02,-6.974097341299057007e-02,-2.001613229513168335e-01,3.910273015499114990e-01,2.116422504186630249e-01,1.297708868980407715e+00,8.285185098648071289e-01,1.046248897910118103e-01,1.793006667867302895e-03,-1.520289778709411621e-01,-2.939763069152832031e-01,-7.431232929229736328e-02,1.087062120437622070e+00,-1.306449890136718750e+00,-2.649591863155364990e-01,9.626117348670959473e-02
-4.720834642648696899e-02,1.694196276366710663e-02,5.138874053955078125e-01,2.843376994132995605e-02,4.263904411345720291e-03,-5.838180659338831902e-04,9.995864033699035645e-01,-1.404563069343566895e+00,2.915575504302978516e-01,2.041322886943817139e-01,1.781716346740722656e+00,-3.092325925827026367e-01,1.008136719465255737e-01,-1.457770466804504395e+00,-3.677749037742614746e-01,-1.410298198461532593e-01,1.780146121978759766e+00,-3.236086964607238770e-01,-1.500526666641235352e-01,1.605461724102497101e-02,-6.987057626247406006e-02,-1.997154355049133301e-01,3.910397887229919434e-01,2.114742845296859741e-01,1.297300100326538086e+00,8.283939361572265625e-01,1.046109572052955627e-01,1.843896578066051006e-03,-1.515958309173583984e-01,-2.937134206295013428e-01,-7.400306314229965210e-02,1.086619496345520020e+00,-1.306223392486572266e+00,-2.648925781250000000e-01,9.629572927951812744e-02
-4.729270935058593750e-02,1.696546375751495361e-02,5.138251781463623047e-01,2.839007414877414703e-02,4.434445407241582870e-03,-6.648877752013504505e-04,9.995868802070617676e-01,-1.405156731605529785e+00,2.918144464492797852e-01,2.043753415346145630e-01,1.781661152839660645e+00,-3.091007769107818604e-01,1.009268611669540405e-01,-1.458359837532043457e+00,-3.667947649955749512e-01,-1.407169401645660400e-01,1.779886603355407715e+00,-3.232924938201904297e-01,-1.498455703258514404e-01,1.586045697331428528e-02,-6.995389610528945923e-02,-1.977287977933883667e-01,3.915352225303649902e-01,2.124435156583786011e-01,1.295802831649780273e+00,8.280460834503173828e-01,1.046144589781761169e-01,1.494706957601010799e-03,-1.497417241334915161e-01,-2.939203679561614990e-01,-7.372426986694335938e-02,1.084859251976013184e+00,-1.305478930473327637e+00,-2.650851905345916748e-01,9.618070721626281738e-02
-4.731060937047004700e-02,1.700577326118946075e-02,5.138084888458251953e-01,2.831203676760196686e-02,4.617179743945598602e-03,-7.042004144750535488e-04,9.995882511138916016e-01,-1.405532121658325195e+00,2.921462059020996094e-01,2.045666426420211792e-01,1.781784296035766602e+00,-3.090071380138397217e-01,1.010312214493751526e-01,-1.458873152732849121e+00,-3.656720519065856934e-01,-1.402002274990081787e-01,1.779798388481140137e+00,-3.229988217353820801e-01,-1.493209153413772583e-01,1.592198200523853302e-02,-7.032224535942077637e-02,-1.952172666788101196e-01,3.922252655029296875e-01,2.129276543855667114e-01,1.293192505836486816e+00,8.279153108596801758e-01,1.045307740569114685e-01,1.211113994941115379e-03,-1.468242853879928589e-01,-2.938948273658752441e-01,-7.415332645177841187e-02,1.081876754760742188e+00,-1.304815769195556641e+00,-2.653316259384155273e-01,9.603647887706756592e-02
-4.731522127985954285e-02,1.704865880310535431e-02,5.138237476348876953e-01,2.834524773061275482e-02,4.976476542651653290e-03,-7.767158094793558121e-04,9.995855093002319336e-01,-1.406304955482482910e+00,2.922215759754180908e-01,2.048527300357818604e-01,1.781763434410095215e+00,-3.086971342563629150e-01,1.012574508786201477e-01,-1.459765076637268066e+00,-3.651224076747894287e-01,-1.395063549280166626e-01,1.779918193817138672e+00,-3.230035901069641113e-01,-1.488956063985824585e-01,1.621600054204463959e-02,-7.056528329849243164e-02,-1.909903585910797119e-01,3.925354480743408203e-01,2.137589305639266968e-01,1.289178848266601562e+00,8.289930820465087891e-01,1.050016805529594421e-01,7.445094524882733822e-04,-1.425626426935195923e-01,-2.936276495456695557e-01,-7.442911714315414429e-02,1.077528595924377441e+00,-1.304177761077880859e+00,-2.657216787338256836e-01,9.644452482461929321e-02
-4.742243140935897827e-02,1.704406365752220154e-02,5.138030648231506348e-01,2.840428985655307770e-02,5.401778034865856171e-03,-7.580601959489285946e-04,9.995816349983215332e-01,-1.407056689262390137e+00,2.923847734928131104e-01,2.050139009952545166e-01,1.781798481941223145e+00,-3.086377978324890137e-01,1.013980358839035034e-01,-1.460945606231689453e+00,-3.650640249252319336e-01,-1.391358226537704468e-01,1.779881477355957031e+00,-3.228363096714019775e-01,-1.486818194389343262e-01,1.614384353160858154e-02,-7.103860378265380859e-02,-1.842737793922424316e-01,3.935466110706329346e-01,2.152093648910522461e-01,1.282288670539855957e+00,8.298338055610656738e-01,1.045925840735435486e-01,-4.787850484717637300e-04,-1.375765502452850342e-01,-2.937007248401641846e-01,-7.454983890056610107e-02,1.071617722511291504e+00,-1.302187919616699219e+00,-2.654965817928314209e-01,9.673401713371276855e-02
-4.743289202451705933e-02,1.700300350785255432e-02,5.138013958930969238e-01,2.838785201311111450e-02,5.916958674788475037e-03,-8.699223981238901615e-04,9.995790719985961914e-01,-1.408163666725158691e+00,2.927334904670715332e-01,2.050389945507049561e-01,1.781585693359375000e+00,-3.084512650966644287e-01,1.014421284198760986e-01,-1.462119102478027344e+00,-3.642811477184295654e-01,-1.390588134527206421e-01,1.779808282852172852e+00,-3.227989971637725830e-01,-1.485126912593841553e-01,1.597920432686805725e-02,-7.153078913688659668e-02,-1.765399873256683350e-01,3.948828876018524170e-01,2.163658589124679565e-01,1.274482846260070801e+00,8.274905085563659668e-01,1.034158170223236084e-01,-1.822105143219232559e-03,-1.307262480258941650e-01,-2.948675453662872314e-01,-7.550036162137985229e-02,1.063431024551391602e+00,-1.298571944236755371e+00,-2.638885080814361572e-01,9.427422285079956055e-02
-4.752970859408378601e-02,1.703795604407787323e-02,5.138003826141357422e-01,2.825623564422130585e-02,6.687404122203588486e-03,-1.250966801308095455e-03,9.995775818824768066e-01,-1.409824132919311523e+00,2.935414910316467285e-01,2.050299942493438721e-01,1.781728386878967285e+00,-3.082880377769470215e-01,1.013854071497917175e-01,-1.463423967361450195e+00,-3.631573617458343506e-01,-1.389605700969696045e-01,1.779362320899963379e+00,-3.224273324012756348e-01,-1.484588086605072021e-01,1.581049337983131409e-02,-7.196279615163803101e-02,-1.659416258335113525e-01,3.963177502155303955e-01,2.185946851968765259e-01,1.263522624969482422e+00,8.225041031837463379e-01,1.011888533830642700e-01,-2.903959015384316444e-03,-1.224082186818122864e-01,-2.965618968009948730e-01,-7.775138318538665771e-02,1.052667737007141113e+00,-1.295452356338500977e+00,-2.622147202491760254e-01,9.008152782917022705e-02
-4.762485623359680176e-02,1.699976623058319092e-02,5.137912631034851074e-01,2.818194963037967682e-02,7.639418821781873703e-03,-1.654110732488334179e-03,9.995722770690917969e-01,-1.411708235740661621e+00,2.941911220550537109e-01,2.050298452377319336e-01,1.781603574752807617e+00,-3.081400692462921143e-01,1.014893427491188049e-01,-1.465342044830322266e+00,-3.617509901523590088e-01,-1.390984356403350830e-01,1.779046893119812012e+00,-3.221688568592071533e-01,-1.486336886882781982e-01,1.584678515791893005e-02,-7.251056283712387085e-02,-1.524682641029357910e-01,3.985782265663146973e-01,2.226163893938064575e-01,1.249109864234924316e+00,8.172192573547363281e-01,9.653773158788681030e-02,-4.506396129727363586e-03,-1.109632700681686401e-01,-2.988694310188293457e-01,-8.106417208909988403e-02,1.038344621658325195e+00,-1.292209744453430176e+00,-2.598608434200286865e-01,8.679287135601043701e-02
-4.773545637726783752e-02,1.693666912615299225e-02,5.137789249420166016e-01,2.826446853578090668e-02,8.854084648191928864e-03,-2.092023380100727081e-03,9.995591044425964355e-01,-1.414309024810791016e+00,2.954510450363159180e-01,2.052860409021377563e-01,1.781763553619384766e+00,-3.081448674201965332e-01,1.014091297984123230e-01,-1.468371510505676270e+00,-3.601404726505279541e-01,-1.386421322822570801e-01,1.778668045997619629e+00,-3.215820193290710449e-01,-1.483808010816574097e-01,1.592562906444072723e-02,-7.355172187089920044e-02,-1.345682889223098755e-01,4.011463522911071777e-01,2.281373739242553711e-01,1.230339765548706055e+00,8.115369677543640137e-01,9.097208827733993530e-02,-7.199668791145086288e-03,-9.752373397350311279e-02,-3.009842932224273682e-01,-8.347083628177642822e-02,1.022233605384826660e+00,-1.287493109703063965e+00,-2.562029659748077393e-01,8.520658314228057861e-02
-4.784081131219863892e-02,1.686753518879413605e-02,5.137110352516174316e-01,2.833773382008075714e-02,1.100973319262266159e-02,-2.762782154604792595e-03,9.995339512825012207e-01,-1.418310642242431641e+00,2.971902787685394287e-01,2.057158797979354858e-01,1.781789064407348633e+00,-3.080826103687286377e-01,1.014123633503913879e-01,-1.473224163055419922e+00,-3.574342727661132812e-01,-1.377014815807342529e-01,1.778342008590698242e+00,-3.210660219192504883e-01,-1.481629759073257446e-01,1.569906435906887054e-02,-7.508824765682220459e-02,-1.143849417567253113e-01,4.044391810894012451e-01,2.345229387283325195e-01,1.207443118095397949e+00,8.035092353820800781e-01,8.495725691318511963e-02,-9.875557385385036469e-03,-8.254963159561157227e-02,-3.023792803287506104e-01,-8.503654599189758301e-02,1.002154111862182617e+00,-1.280460715293884277e+00,-2.505180239677429199e-01,8.475795388221740723e-02
-4.803054407238960266e-02,1.667800918221473694e-02,5.136366486549377441e-01,2.848628163337707520e-02,1.368583738803863525e-02,-3.429075237363576889e-03,9.994946122169494629e-01,-1.423561811447143555e+00,2.995063364505767822e-01,2.065415829420089722e-01,1.781755685806274414e+00,-3.080957829952239990e-01,1.015655621886253357e-01,-1.479369163513183594e+00,-3.544753789901733398e-01,-1.362769305706024170e-01,1.778142571449279785e+00,-3.205022811889648438e-01,-1.479099392890930176e-01,1.540898531675338745e-02,-7.660225033760070801e-02,-8.999767899513244629e-02,4.075435698032379150e-01,2.404744923114776611e-01,1.179383039474487305e+00,7.929345369338989258e-01,7.885804772377014160e-02,-1.242492906749248505e-02,-6.498936563730239868e-02,-3.045905828475952148e-01,-8.808408677577972412e-02,9.787056446075439453e-01,-1.273824572563171387e+00,-2.466861754655838013e-01,8.309321850538253784e-02
-4.822524264454841614e-02,1.656556688249111176e-02,5.135087966918945312e-01,2.867022342979907990e-02,1.775316894054412842e-02,-4.023510962724685669e-03,9.994231462478637695e-01,-1.431030511856079102e+00,3.016754686832427979e-01,2.073023617267608643e-01,1.781641483306884766e+00,-3.085091114044189453e-01,1.016456931829452515e-01,-1.488311529159545898e+00,-3.517487943172454834e-01,-1.352549493312835693e-01,1.778123259544372559e+00,-3.201263546943664551e-01,-1.476749181747436523e-01,1.502901967614889145e-02,-7.888030260801315308e-02,-6.167234852910041809e-02,4.104825556278228760e-01,2.486006766557693481e-01,1.145899176597595215e+00,7.849483489990234375e-01,7.473281770944595337e-02,-1.714940927922725677e-02,-4.488294944167137146e-02,-3.072222173213958740e-01,-9.125985950231552124e-02,9.511088132858276367e-01,-1.267932057380676270e+00,-2.469523400068283081e-01,7.933422178030014038e-02
-4.844221845269203186e-02,1.644548028707504272e-02,5.134544968605041504e-01,2.898514270782470703e-02,2.364407852292060852e-02,-4.394494928419589996e-03,9.992905259132385254e-01,-1.442283034324645996e+00,3.033345639705657959e-01,2.081161439418792725e-01,1.781486630439758301e+00,-3.093129694461822510e-01,1.015185266733169556e-01,-1.500943064689636230e+00,-3.489737212657928467e-01,-1.338483989238739014e-01,1.777816295623779297e+00,-3.193331658840179443e-01,-1.473007500171661377e-01,1.438606157898902893e-02,-8.158299326896667480e-02,-2.877046540379524231e-02,4.140344262123107910e-01,2.594220936298370361e-01,1.105113506317138672e+00,7.806529998779296875e-01,7.416573911905288696e-02,-2.526256069540977478e-02,-2.436902560293674469e-02,-3.101452887058258057e-01,-9.539487212896347046e-02,9.208311438560485840e-01,-1.260775923728942871e+00,-2.486077398061752319e-01,7.432579994201660156e-02
-4.863076657056808472e-02,1.632544957101345062e-02,5.134124159812927246e-01,2.911168150603771210e-02,3.221232071518898010e-02,-4.644644912332296371e-03,9.990462064743041992e-01,-1.458918929100036621e+00,3.046036660671234131e-01,2.085568606853485107e-01,1.781138420104980469e+00,-3.105427026748657227e-01,1.014774963259696960e-01,-1.518818140029907227e+00,-3.464681208133697510e-01,-1.324511766433715820e-01,1.777443647384643555e+00,-3.187150359153747559e-01,-1.469392925500869751e-01,1.309272926300764084e-02,-8.455386012792587280e-02,3.286829451099038124e-03,4.161900281906127930e-01,2.708774805068969727e-01,1.062830686569213867e+00,7.745732069015502930e-01,7.351596653461456299e-02,-3.156082332134246826e-02,-1.173513475805521011e-03,-3.147691190242767334e-01,-1.008675992488861084e-01,8.851959109306335449e-01,-1.251559853553771973e+00,-2.525953352451324463e-01,6.606405228376388550e-02
-4.887979105114936829e-02,1.627021841704845428e-02,5.133473873138427734e-01,2.906383946537971497e-02,4.366482049226760864e-02,-4.483298398554325104e-03,9.986132979393005371e-01,-1.481400728225708008e+00,3.052954375743865967e-01,2.085675001144409180e-01,1.780626535415649414e+00,-3.115693628787994385e-01,1.013713777065277100e-01,-1.542056083679199219e+00,-3.444462418556213379e-01,-1.317248791456222534e-01,1.777156472206115723e+00,-3.181383013725280762e-01,-1.463111937046051025e-01,1.165028754621744156e-02,-8.709236979484558105e-02,3.333465009927749634e-02,4.166452884674072266e-01,2.813336551189422607e-01,1.020541191101074219e+00,7.577882409095764160e-01,6.865160167217254639e-02,-3.314960002899169922e-02,2.183324471116065979e-02,-3.199582695960998535e-01,-1.074086725711822510e-01,8.463595509529113770e-01,-1.239049077033996582e+00,-2.566408514976501465e-01,5.899081006646156311e-02
-4.912212491035461426e-02,1.627648808062076569e-02,5.134012103080749512e-01,2.877154015004634857e-02,5.934882909059524536e-02,-3.998811356723308563e-03,9.978145956993103027e-01,-1.512281775474548340e+00,3.050663173198699951e-01,2.078809738159179688e-01,1.780192613601684570e+00,-3.142141997814178467e-01,1.012442409992218018e-01,-1.573243379592895508e+00,-3.430065214633941650e-01,-1.317130327224731445e-01,1.776414752006530762e+00,-3.177776038646697998e-01,-1.455057561397552490e-01,9.271766990423202515e-03,-8.952172100543975830e-02,5.814554542303085327e-02,4.157242476940155029e-01,2.935629189014434814e-01,9.787514805793762207e-01,7.293414473533630371e-01,5.727844312787055969e-02,-3.006637841463088989e-02,4.449653252959251404e-02,-3.242234587669372559e-01,-1.146809458732604980e-01,8.040582537651062012e-01,-1.218803167343139648e+00,-2.579874098300933838e-01,5.471639707684516907e-02
-4.929809272289276123e-02,1.641353406012058258e-02,5.135973095893859863e-01,2.816419489681720734e-02,7.936698943376541138e-02,-3.273554146289825439e-03,9.964421391487121582e-01,-1.551655769348144531e+00,3.043690025806427002e-01,2.068280726671218872e-01,1.779304862022399902e+00,-3.174487948417663574e-01,1.009311527013778687e-01,-1.612602472305297852e+00,-3.418178856372833252e-01,-1.319546252489089966e-01,1.775500893592834473e+00,-3.176116049289703369e-01,-1.442670971155166626e-01,6.197948940098285675e-03,-9.209368377923965454e-02,7.903958112001419067e-02,4.130889475345611572e-01,3.099340796470642090e-01,9.353997111320495605e-01,6.939287185668945312e-01,4.013206809759140015e-02,-2.412485890090465546e-02,6.104546785354614258e-02,-3.268306553363800049e-01,-1.220845729112625122e-01,7.616834640502929688e-01,-1.192758321762084961e+00,-2.565341889858245850e-01,5.473395809531211853e-02
-4.942580312490463257e-02,1.668526604771614075e-02,5.139558315277099609e-01,2.746018581092357635e-02,1.054093763232231140e-01,-2.107600448653101921e-03,9.940474629402160645e-01,-1.603015303611755371e+00,3.028405308723449707e-01,2.058017104864120483e-01,1.778087496757507324e+00,-3.202962577342987061e-01,1.008233428001403809e-01,-1.663390278816223145e+00,-3.409622311592102051e-01,-1.323951482772827148e-01,1.773752093315124512e+00,-3.176989853382110596e-01,-1.430135071277618408e-01,1.767650595866143703e-03,-9.493899345397949219e-02,9.169854223728179932e-02,4.101364910602569580e-01,3.324204981327056885e-01,8.931707739830017090e-01,6.554320454597473145e-01,1.613018102943897247e-02,-1.651521027088165283e-02,7.369294762611389160e-02,-3.262204527854919434e-01,-1.320077925920486450e-01,7.164479494094848633e-01,-1.162637472152709961e+00,-2.497244030237197876e-01,6.084666773676872253e-02
-4.964490234851837158e-02,1.697743870317935944e-02,5.144373774528503418e-01,2.699479646980762482e-02,1.352864205837249756e-01,-2.914571086876094341e-04,9.904386997222900391e-01,-1.661481738090515137e+00,2.996325492858886719e-01,2.047908157110214233e-01,1.775870919227600098e+00,-3.230709135532379150e-01,1.006387397646903992e-01,-1.721506357192993164e+00,-3.408762514591217041e-01,-1.320551335811614990e-01,1.771933436393737793e+00,-3.188907504081726074e-01,-1.411937773227691650e-01,-3.377483924850821495e-03,-9.829842299222946167e-02,9.927425533533096313e-02,4.063420891761779785e-01,3.594264686107635498e-01,8.518730998039245605e-01,6.196864247322082520e-01,-1.465140469372272491e-02,-8.129472844302654266e-03,8.141852915287017822e-02,-3.232516944408416748e-01,-1.462587565183639526e-01,6.700440645217895508e-01,-1.133504033088684082e+00,-2.401536405086517334e-01,6.866977363824844360e-02
-4.978340864181518555e-02,1.727748289704322815e-02,5.149729847908020020e-01,2.644915319979190826e-02,1.698451042175292969e-01,2.690147841349244118e-03,9.851120710372924805e-01,-1.728859663009643555e+00,2.941035926342010498e-01,2.040735632181167603e-01,1.773020029067993164e+00,-3.281006515026092529e-01,1.000731512904167175e-01,-1.789324998855590820e+00,-3.424440324306488037e-01,-1.307598501443862915e-01,1.770694136619567871e+00,-3.220175802707672119e-01,-1.388093233108520508e-01,-1.033784076571464539e-02,-1.019041687250137329e-01,9.622128307819366455e-02,4.026021957397460938e-01,3.837380111217498779e-01,8.164824843406677246e-01,5.852971673011779785e-01,-4.962541162967681885e-02,4.212115309201180935e-04,8.360771834850311279e-02,-3.159899115562438965e-01,-1.608151793479919434e-01,6.239866614341735840e-01,-1.100694060325622559e+00,-2.264032363891601562e-01,7.740071415901184082e-02
-4.947652667760848999e-02,1.755945011973381042e-02,5.162998437881469727e-01,2.556805126368999481e-02,2.065147906541824341e-01,6.755451206117868423e-03,9.780860543251037598e-01,-1.798167586326599121e+00,2.852387130260467529e-01,2.032330930233001709e-01,1.767773151397705078e+00,-3.348852396011352539e-01,9.857949614524841309e-02,-1.859263300895690918e+00,-3.458131253719329834e-01,-1.298745423555374146e-01,1.769187211990356445e+00,-3.285275995731353760e-01,-1.354754269123077393e-01,-1.800019666552543640e-02,-1.045621111989021301e-01,8.916942030191421509e-02,3.967661559581756592e-01,4.011626541614532471e-01,7.853205800056457520e-01,5.491623878479003906e-01,-8.509047329425811768e-02,1.133315451443195343e-02,8.007971942424774170e-02,-3.059753179550170898e-01,-1.722409427165985107e-01,5.836058259010314941e-01,-1.068278908729553223e+00,-2.114398032426834106e-01,8.688239753246307373e-02
-4.865730181336402893e-02,1.768441125750541687e-02,5.188603997230529785e-01,2.446304261684417725e-02,2.440697848796844482e-01,1.193643733859062195e-02,9.693756103515625000e-01,-1.866882562637329102e+00,2.729114592075347900e-01,2.018707394599914551e-01,1.759920358657836914e+00,-3.435185253620147705e-01,9.607862681150436401e-02,-1.928298950195312500e+00,-3.505543768405914307e-01,-1.287310719490051270e-01,1.766005873680114746e+00,-3.376306295394897461e-01,-1.313136965036392212e-01,-2.647147141396999359e-02,-1.061429530382156372e-01,7.335697859525680542e-02,3.914632201194763184e-01,4.070890843868255615e-01,7.622267007827758789e-01,5.085570812225341797e-01,-1.125134080648422241e-01,2.622464485466480255e-02,7.360427081584930420e-02,-2.942718565464019775e-01,-1.763002723455429077e-01,5.506950616836547852e-01,-1.020498156547546387e+00,-1.859840601682662964e-01,1.083518937230110168e-01
-4.714952781796455383e-02,1.767139323055744171e-02,5.232535004615783691e-01,2.326694317162036896e-02,2.796565890312194824e-01,1.696884445846080780e-02,9.596680998802185059e-01,-1.927998781204223633e+00,2.584650814533233643e-01,2.002532929182052612e-01,1.748418807983398438e+00,-3.528132140636444092e-01,9.182260185480117798e-02,-1.988832592964172363e+00,-3.541186749935150146e-01,-1.283088028430938721e-01,1.758872747421264648e+00,-3.481487631797790527e-01,-1.264591664075851440e-01,-3.534679114818572998e-02,-1.069949418306350708e-01,5.486550554633140564e-02,3.864373564720153809e-01,4.041225016117095947e-01,7.455292344093322754e-01,4.681834578514099121e-01,-1.217139512300491333e-01,3.473839163780212402e-02,6.163958087563514709e-02,-2.821187078952789307e-01,-1.711138784885406494e-01,5.242261886596679688e-01,-9.722736477851867676e-01,-1.705040931701660156e-01,1.329517811536788940e-01
-4.465734213590621948e-02,1.753240823745727539e-02,5.287764072418212891e-01,2.188981883227825165e-02,3.130280375480651855e-01,2.117079682648181915e-02,9.492555260658264160e-01,-1.982269883155822754e+00,2.442623227834701538e-01,1.971819400787353516e-01,1.735544204711914062e+00,-3.638427853584289551e-01,8.612817525863647461e-02,-2.041576623916625977e+00,-3.566899001598358154e-01,-1.294701099395751953e-01,1.749543190002441406e+00,-3.605655431747436523e-01,-1.212566792964935303e-01,-4.371876269578933716e-02,-1.070757508277893066e-01,3.410166129469871521e-02,3.827837705612182617e-01,3.959781825542449951e-01,7.344432473182678223e-01,4.399878382682800293e-01,-1.134465187788009644e-01,3.808274865150451660e-02,4.594046622514724731e-02,-2.704396843910217285e-01,-1.575825214385986328e-01,5.079209804534912109e-01,-9.336918592453002930e-01,-1.695501059293746948e-01,1.568720787763595581e-01
-4.115062579512596130e-02,1.706077903509140015e-02,5.352804660797119141e-01,2.054143324494361877e-02,3.426274061203002930e-01,2.490395493805408478e-02,9.389165639877319336e-01,-2.026157379150390625e+00,2.299676239490509033e-01,1.929181665182113647e-01,1.721679925918579102e+00,-3.762768507003784180e-01,7.871605455875396729e-02,-2.083195686340332031e+00,-3.593242764472961426e-01,-1.321139931678771973e-01,1.738968372344970703e+00,-3.742075264453887939e-01,-1.165650188922882080e-01,-5.182874947786331177e-02,-1.064993888139724731e-01,1.460429560393095016e-02,3.794943094253540039e-01,3.821222782135009766e-01,7.265803217887878418e-01,4.226725399494171143e-01,-9.099290519952774048e-02,3.734701126813888550e-02,2.829119563102722168e-02,-2.609211206436157227e-01,-1.389842927455902100e-01,5.000929832458496094e-01,-9.128101468086242676e-01,-1.894008219242095947e-01,1.753849983215332031e-01
-3.666260838508605957e-02,1.630722545087337494e-02,5.421116948127746582e-01,1.934226974844932556e-02,3.686308264732360840e-01,2.834741026163101196e-02,9.289422035217285156e-01,-2.061781406402587891e+00,2.160234749317169189e-01,1.884469538927078247e-01,1.707666635513305664e+00,-3.888534903526306152e-01,7.093829661607742310e-02,-2.116594076156616211e+00,-3.619948327541351318e-01,-1.352781057357788086e-01,1.728388309478759766e+00,-3.876911103725433350e-01,-1.121267080307006836e-01,-5.978924781084060669e-02,-1.059489026665687561e-01,-6.659293547272682190e-03,3.777671158313751221e-01,3.658497631549835205e-01,7.226570248603820801e-01,4.118159115314483643e-01,-6.452428549528121948e-02,3.254398331046104431e-02,8.136829361319541931e-03,-2.520718872547149658e-01,-1.197193264961242676e-01,4.993851482868194580e-01,-9.076811075210571289e-01,-2.178438156843185425e-01,1.915144026279449463e-01
-3.104614652693271637e-02,1.531384885311126709e-02,5.496804714202880859e-01,1.798203215003013611e-02,3.909818232059478760e-01,3.138896077871322632e-02,9.196872115135192871e-01,-2.087665319442749023e+00,2.037819176912307739e-01,1.830055564641952515e-01,1.692882418632507324e+00,-4.016017913818359375e-01,6.239547207951545715e-02,-2.139701128005981445e+00,-3.644862473011016846e-01,-1.405539810657501221e-01,1.716732382774353027e+00,-4.010183513164520264e-01,-1.079383119940757751e-01,-6.677161902189254761e-02,-1.043213307857513428e-01,-2.877542749047279358e-02,3.775267302989959717e-01,3.513695299625396729e-01,7.227317690849304199e-01,3.980102241039276123e-01,-4.121499136090278625e-02,2.642019465565681458e-02,-1.444724109023809433e-02,-2.445737123489379883e-01,-1.036207601428031921e-01,5.043764114379882812e-01,-9.040593504905700684e-01,-2.428934872150421143e-01,2.006952762603759766e-01
-2.470108307898044586e-02,1.433393731713294983e-02,5.576600432395935059e-01,1.618692465126514435e-02,4.103121757507324219e-01,3.394921869039535522e-02,9.111692309379577637e-01,-2.106133222579956055e+00,1.932576894760131836e-01,1.773337274789810181e-01,1.677649736404418945e+00,-4.138203859329223633e-01,5.427196994423866272e-02,-2.154037475585937500e+00,-3.664583563804626465e-01,-1.474337726831436157e-01,1.703615784645080566e+00,-4.140797257423400879e-01,-1.034823060035705566e-01,-7.286141067743301392e-02,-1.008767783641815186e-01,-5.173223838210105896e-02,3.778166174888610840e-01,3.376164436340332031e-01,7.264531254768371582e-01,3.764593899250030518e-01,-2.230070531368255615e-02,2.071993052959442139e-02,-3.915778547525405884e-02,-2.388044595718383789e-01,-8.952780812978744507e-02,5.147233605384826660e-01,-8.939700126647949219e-01,-2.603435516357421875e-01,2.041940689086914062e-01
-1.760586537420749664e-02,1.325735822319984436e-02,5.667656064033508301e-01,1.456700172275304794e-02,4.266027808189392090e-01,3.683359175920486450e-02,9.035713076591491699e-01,-2.114543914794921875e+00,1.831538826227188110e-01,1.732807010412216187e-01,1.658639192581176758e+00,-4.242632687091827393e-01,4.661315307021141052e-02,-2.158990144729614258e+00,-3.689942657947540283e-01,-1.547225713729858398e-01,1.687486648559570312e+00,-4.254880547523498535e-01,-9.835156798362731934e-02,-7.861553877592086792e-02,-9.686662256717681885e-02,-7.436132431030273438e-02,3.788815438747406006e-01,3.230510354042053223e-01,7.321926951408386230e-01,3.520122468471527100e-01,-9.445978328585624695e-03,1.336407847702503204e-02,-6.502451002597808838e-02,-2.335842698812484741e-01,-7.734131067991256714e-02,5.285216569900512695e-01,-8.753187060356140137e-01,-2.736751437187194824e-01,2.003203928470611572e-01
-1.016356144100427628e-02,1.233810465782880783e-02,5.764834284782409668e-01,1.321487314999103546e-02,4.410952925682067871e-01,4.018500447273254395e-02,8.964627385139465332e-01,-2.117556095123291016e+00,1.727924048900604248e-01,1.710444837808609009e-01,1.636713743209838867e+00,-4.316296279430389404e-01,3.985212743282318115e-02,-2.158841133117675781e+00,-3.721762001514434814e-01,-1.618509292602539062e-01,1.668913722038269043e+00,-4.347478747367858887e-01,-9.294304251670837402e-02,-8.469805866479873657e-02,-9.262667596340179443e-02,-9.770975261926651001e-02,3.805840015411376953e-01,3.067631721496582031e-01,7.402105331420898438e-01,3.303972780704498291e-01,-3.317212918773293495e-03,4.818925168365240097e-03,-9.225571900606155396e-02,-2.280781120061874390e-01,-6.712287664413452148e-02,5.468882918357849121e-01,-8.517423868179321289e-01,-2.741328775882720947e-01,1.895013749599456787e-01
-2.298477571457624435e-03,1.170758903026580811e-02,5.870947241783142090e-01,1.209857314825057983e-02,4.539808332920074463e-01,4.393752664327621460e-02,8.898451924324035645e-01,-2.114442586898803711e+00,1.615347862243652344e-01,1.695966571569442749e-01,1.610603570938110352e+00,-4.350197315216064453e-01,3.361334651708602905e-02,-2.153377771377563477e+00,-3.768920898437500000e-01,-1.694529801607131958e-01,1.647743344306945801e+00,-4.421046972274780273e-01,-8.688253909349441528e-02,-9.119387716054916382e-02,-8.773844689130783081e-02,-1.214952692389488220e-01,3.820646703243255615e-01,2.880590260028839111e-01,7.499052882194519043e-01,3.104192912578582764e-01,-5.035503418184816837e-04,-1.796678872779011726e-03,-1.205527782440185547e-01,-2.234572470188140869e-01,-5.787838995456695557e-02,5.675742030143737793e-01,-8.390021920204162598e-01,-2.679383158683776855e-01,1.786647289991378784e-01
5.462448112666606903e-03,1.128556486219167709e-02,5.979721546173095703e-01,1.125417556613683701e-02,4.655526280403137207e-01,4.811170697212219238e-02,8.836398124694824219e-01,-2.108312368392944336e+00,1.487570405006408691e-01,1.685758829116821289e-01,1.581415653228759766e+00,-4.338735342025756836e-01,2.813024446368217468e-02,-2.144993066787719727e+00,-3.826813399791717529e-01,-1.768125742673873901e-01,1.624752521514892578e+00,-4.480061233043670654e-01,-8.095972239971160889e-02,-9.807306528091430664e-02,-8.280754089355468750e-02,-1.449890434741973877e-01,3.822268545627593994e-01,2.686041295528411865e-01,7.609718441963195801e-01,2.924014329910278320e-01,4.845953953918069601e-04,-6.808436941355466843e-03,-1.488503515720367432e-01,-2.195257842540740967e-01,-4.865823686122894287e-02,5.920747518539428711e-01,-8.345276713371276855e-01,-2.549093663692474365e-01,1.697488427162170410e-01
1.288487762212753296e-02,1.086244918406009674e-02,6.095114350318908691e-01,1.069468725472688675e-02,4.759033918380737305e-01,5.274457484483718872e-02,8.778494000434875488e-01,-2.097823858261108398e+00,1.340297907590866089e-01,1.676427572965621948e-01,1.547979116439819336e+00,-4.299381971359252930e-01,2.277697622776031494e-02,-2.132633447647094727e+00,-3.893180191516876221e-01,-1.849541366100311279e-01,1.598344922065734863e+00,-4.516549408435821533e-01,-7.497859001159667969e-02,-1.057649403810501099e-01,-7.711869478225708008e-02,-1.686076670885086060e-01,3.817027807235717773e-01,2.502454221248626709e-01,7.741971611976623535e-01,2.780976295471191406e-01,1.127069815993309021e-03,-1.341005042195320129e-02,-1.758605837821960449e-01,-2.162676900625228882e-01,-3.792594373226165771e-02,6.173262000083923340e-01,-8.279849290847778320e-01,-2.482078373432159424e-01,1.616370975971221924e-01
1.988472789525985718e-02,1.041856501251459122e-02,6.211663484573364258e-01,1.050242315977811813e-02,4.849320948123931885e-01,5.773966014385223389e-02,8.725804686546325684e-01,-2.084647417068481445e+00,1.181342303752899170e-01,1.668044179677963257e-01,1.512200117111206055e+00,-4.247473180294036865e-01,1.741662807762622833e-02,-2.118178844451904297e+00,-3.964549303054809570e-01,-1.931082755327224731e-01,1.570271611213684082e+00,-4.540499448776245117e-01,-6.986192613840103149e-02,-1.143668293952941895e-01,-7.142814993858337402e-02,-1.919379681348800659e-01,3.801876604557037354e-01,2.331105172634124756e-01,7.896786928176879883e-01,2.680576741695404053e-01,2.214976353570818901e-03,-1.935082487761974335e-02,-2.027767598628997803e-01,-2.124149650335311890e-01,-2.589704655110836029e-02,6.465966701507568359e-01,-8.218048214912414551e-01,-2.413318902254104614e-01,1.541342437267303467e-01
2.677718177437782288e-02,1.013518497347831726e-02,6.332349181175231934e-01,1.081427186727523804e-02,4.923965632915496826e-01,6.196841597557067871e-02,8.680948019027709961e-01,-2.067000627517700195e+00,1.030982807278633118e-01,1.659428626298904419e-01,1.474142313003540039e+00,-4.189075529575347900e-01,1.238040998578071594e-02,-2.099320173263549805e+00,-4.020133018493652344e-01,-2.020327895879745483e-01,1.539065837860107422e+00,-4.551365673542022705e-01,-6.448888033628463745e-02,-1.223581358790397644e-01,-6.691766530275344849e-02,-2.142206728458404541e-01,3.773452341556549072e-01,2.170604765415191650e-01,8.069424629211425781e-01,2.612769305706024170e-01,7.415630389004945755e-03,-2.351145818829536438e-02,-2.280117869377136230e-01,-2.082313895225524902e-01,-1.504808012396097183e-02,6.774583458900451660e-01,-8.204599618911743164e-01,-2.396548092365264893e-01,1.472574770450592041e-01
3.330303356051445007e-02,9.916216135025024414e-03,6.450216770172119141e-01,1.135273929685354233e-02,4.979690015316009521e-01,6.529826670885086060e-02,8.646583557128906250e-01,-2.045693874359130859e+00,8.939111977815628052e-02,1.648689657449722290e-01,1.436125040054321289e+00,-4.131063520908355713e-01,8.201553486287593842e-03,-2.077054500579833984e+00,-4.052805304527282715e-01,-2.103907018899917603e-01,1.507393598556518555e+00,-4.553179144859313965e-01,-5.974036455154418945e-02,-1.296406388282775879e-01,-6.289340555667877197e-02,-2.332381457090377808e-01,3.731321990489959717e-01,2.035229355096817017e-01,8.258069753646850586e-01,2.593308091163635254e-01,1.342064980417490005e-02,-2.732734940946102142e-02,-2.523751258850097656e-01,-2.042240649461746216e-01,-7.045103237032890320e-03,7.122591137886047363e-01,-8.212944269180297852e-01,-2.346414327621459961e-01,1.387912780046463013e-01
4.006268829107284546e-02,9.739394299685955048e-03,6.567993164062500000e-01,1.236943807452917099e-02,5.014192461967468262e-01,6.782199442386627197e-02,8.624534606933593750e-01,-2.019171476364135742e+00,7.728900760412216187e-02,1.639949530363082886e-01,1.397730946540832520e+00,-4.074147045612335205e-01,3.640795592218637466e-03,-2.049588203430175781e+00,-4.068658649921417236e-01,-2.188665568828582764e-01,1.474163770675659180e+00,-4.549008011817932129e-01,-5.503531917929649353e-02,-1.361967623233795166e-01,-6.059122458100318909e-02,-2.500395774841308594e-01,3.675048947334289551e-01,1.909012943506240845e-01,8.457105159759521484e-01,2.589759230613708496e-01,1.694607734680175781e-02,-3.243856877088546753e-02,-2.738654315471649170e-01,-1.991558670997619629e-01,-2.187980571761727333e-03,7.474824786186218262e-01,-8.224060535430908203e-01,-2.316856235265731812e-01,1.282531321048736572e-01
4.681957885622978210e-02,9.375414811074733734e-03,6.680896878242492676e-01,1.389079168438911438e-02,5.026319622993469238e-01,6.964713335037231445e-02,8.615784645080566406e-01,-1.987862706184387207e+00,6.714885681867599487e-02,1.633175760507583618e-01,1.359838008880615234e+00,-4.019562304019927979e-01,-6.072782562114298344e-04,-2.018614292144775391e+00,-4.068085253238677979e-01,-2.265446335077285767e-01,1.441542267799377441e+00,-4.543440043926239014e-01,-5.088264495134353638e-02,-1.423503905534744263e-01,-5.990328267216682434e-02,-2.630987167358398438e-01,3.609518706798553467e-01,1.806572675704956055e-01,8.661615848541259766e-01,2.568897604942321777e-01,1.828903332352638245e-02,-3.733306005597114563e-02,-2.932942211627960205e-01,-1.945877969264984131e-01,1.270374399609863758e-03,7.837824225425720215e-01,-8.218909502029418945e-01,-2.268955409526824951e-01,1.153056845068931580e-01
5.428877472877502441e-02,8.503275923430919647e-03,6.795917749404907227e-01,1.607818529009819031e-02,5.013416409492492676e-01,7.115799188613891602e-02,8.621685504913330078e-01,-1.948296904563903809e+00,5.824278667569160461e-02,1.634118705987930298e-01,1.319373846054077148e+00,-3.965319395065307617e-01,-5.719923879951238632e-03,-1.980261683464050293e+00,-4.050683379173278809e-01,-2.341258078813552856e-01,1.407475113868713379e+00,-4.537485837936401367e-01,-4.692640528082847595e-02,-1.486443132162094116e-01,-6.097709015011787415e-02,-2.724358737468719482e-01,3.547244071960449219e-01,1.724968403577804565e-01,8.869780302047729492e-01,2.550155520439147949e-01,1.792533695697784424e-02,-4.137488454580307007e-02,-3.097312748432159424e-01,-1.899438649415969849e-01,3.092936472967267036e-03,8.212518095970153809e-01,-8.185484409332275391e-01,-2.241923213005065918e-01,1.002282500267028809e-01
6.134618818759918213e-02,7.485010661184787750e-03,6.898077726364135742e-01,1.850640587508678436e-02,4.981791079044342041e-01,7.204794883728027344e-02,8.638774156570434570e-01,-1.907554626464843750e+00,5.122984200716018677e-02,1.640776544809341431e-01,1.282566785812377930e+00,-3.921001851558685303e-01,-1.061541400849819183e-02,-1.941494464874267578e+00,-4.022299945354461670e-01,-2.401433438062667847e-01,1.376790881156921387e+00,-4.534030854701995850e-01,-4.390000551939010620e-02,-1.536880284547805786e-01,-6.324702501296997070e-02,-2.782903015613555908e-01,3.484258651733398438e-01,1.671586483716964722e-01,9.066247940063476562e-01,2.536500394344329834e-01,1.512650121003389359e-02,-4.638489335775375366e-02,-3.218746483325958252e-01,-1.857198476791381836e-01,3.799147671088576317e-03,8.573824167251586914e-01,-8.085165619850158691e-01,-2.179042398929595947e-01,8.301442116498947144e-02
6.874861568212509155e-02,6.475655362010002136e-03,6.998151540756225586e-01,2.144079282879829407e-02,4.929310977458953857e-01,7.259394228458404541e-02,8.667694926261901855e-01,-1.861152410507202148e+00,4.484925791621208191e-02,1.653798371553421021e-01,1.245181679725646973e+00,-3.885396122932434082e-01,-1.513467077165842056e-02,-1.898216128349304199e+00,-3.990255892276763916e-01,-2.456845790147781372e-01,1.346101284027099609e+00,-4.532482028007507324e-01,-4.052195325493812561e-02,-1.579550504684448242e-01,-6.700422614812850952e-02,-2.823941707611083984e-01,3.423554599285125732e-01,1.633226722478866577e-01,9.271089434623718262e-01,2.516335546970367432e-01,1.071977149695158005e-02,-5.323030054569244385e-02,-3.300322592258453369e-01,-1.818035691976547241e-01,3.943362738937139511e-03,8.914430737495422363e-01,-7.991454601287841797e-01,-2.155066877603530884e-01,6.730195134878158569e-02
7.629536837339401245e-02,5.492555443197488785e-03,7.093496322631835938e-01,2.462556958198547363e-02,4.855661690235137939e-01,7.238987088203430176e-02,8.708494305610656738e-01,-1.810118794441223145e+00,4.003940150141716003e-02,1.673642545938491821e-01,1.208249807357788086e+00,-3.855753839015960693e-01,-1.968405954539775848e-02,-1.850794196128845215e+00,-3.946695327758789062e-01,-2.503022253513336182e-01,1.315821290016174316e+00,-4.531984329223632812e-01,-3.741483390331268311e-02,-1.605866253376007080e-01,-7.232122123241424561e-02,-2.839644253253936768e-01,3.367107510566711426e-01,1.601367592811584473e-01,9.481482505798339844e-01,2.449472397565841675e-01,5.101929884403944016e-03,-5.959552153944969177e-02,-3.350837230682373047e-01,-1.777687966823577881e-01,3.462972352281212807e-03,9.257634282112121582e-01,-7.911754846572875977e-01,-2.149452418088912964e-01,5.457426980137825012e-02
8.423558622598648071e-02,4.426217172294855118e-03,7.186619043350219727e-01,2.778762765228748322e-02,4.764391779899597168e-01,7.161244750022888184e-02,8.758454322814941406e-01,-1.754709601402282715e+00,3.640032559633255005e-02,1.698127537965774536e-01,1.171383976936340332e+00,-3.830737471580505371e-01,-2.428442239761352539e-02,-1.798975467681884766e+00,-3.893156051635742188e-01,-2.548743486404418945e-01,1.285291314125061035e+00,-4.533771872520446777e-01,-3.443921729922294617e-02,-1.615039706230163574e-01,-7.847408950328826904e-02,-2.820916473865509033e-01,3.313705027103424072e-01,1.575910001993179321e-01,9.679984450340270996e-01,2.389798909425735474e-01,2.116572111845016479e-03,-6.366891413927078247e-02,-3.362526297569274902e-01,-1.741738915443420410e-01,3.762997919693589211e-03,9.585154056549072266e-01,-7.896630764007568359e-01,-2.163874506950378418e-01,4.647292941808700562e-02
9.203628450632095337e-02,3.501758677884936333e-03,7.274391055107116699e-01,3.054512478411197662e-02,4.652749598026275635e-01,7.034839689731597900e-02,8.818374872207641602e-01,-1.696064233779907227e+00,3.395070880651473999e-02,1.721186190843582153e-01,1.135658740997314453e+00,-3.811905086040496826e-01,-2.818562090396881104e-02,-1.743759989738464355e+00,-3.829056620597839355e-01,-2.597289681434631348e-01,1.255428075790405273e+00,-4.526886940002441406e-01,-3.148994967341423035e-02,-1.601686179637908936e-01,-8.468149602413177490e-02,-2.785687148571014404e-01,3.264881968498229980e-01,1.570569574832916260e-01,9.877264499664306641e-01,2.396396100521087646e-01,1.434916513971984386e-03,-6.671895831823348999e-02,-3.330188989639282227e-01,-1.709578037261962891e-01,2.958719851449131966e-03,9.880270957946777344e-01,-7.941043972969055176e-01,-2.148708254098892212e-01,4.180565103888511658e-02
9.992577880620956421e-02,2.800348680466413498e-03,7.357904911041259766e-01,3.278799355030059814e-02,4.524466395378112793e-01,6.855873018503189087e-02,8.885475397109985352e-01,-1.634377837181091309e+00,3.251576796174049377e-02,1.736554503440856934e-01,1.100772142410278320e+00,-3.796460330486297607e-01,-3.187673538923263550e-02,-1.684784889221191406e+00,-3.755635619163513184e-01,-2.654712200164794922e-01,1.225025177001953125e+00,-4.513800740242004395e-01,-2.806886471807956696e-02,-1.565555483102798462e-01,-9.060487896203994751e-02,-2.724012732505798340e-01,3.225997686386108398e-01,1.581753194332122803e-01,1.006440162658691406e+00,2.438730746507644653e-01,6.885430775582790375e-04,-7.064461708068847656e-02,-3.250978291034698486e-01,-1.690548807382583618e-01,4.791403771378099918e-04,1.012915849685668945e+00,-7.971934080123901367e-01,-2.133246660232543945e-01,3.759364411234855652e-02
1.080393716692924500e-01,2.220343332737684250e-03,7.443115115165710449e-01,3.442012518644332886e-02,4.379828572273254395e-01,6.616573035717010498e-02,8.958840966224670410e-01,-1.568566679954528809e+00,3.176159784197807312e-02,1.744783222675323486e-01,1.064349174499511719e+00,-3.779336214065551758e-01,-3.546480089426040649e-02,-1.620614051818847656e+00,-3.667581677436828613e-01,-2.720316052436828613e-01,1.192007541656494141e+00,-4.495950043201446533e-01,-2.446155808866024017e-02,-1.504347771406173706e-01,-9.546285122632980347e-02,-2.633975744247436523e-01,3.192659914493560791e-01,1.584687083959579468e-01,1.025759816169738770e+00,2.457516491413116455e-01,6.267590797506272793e-04,-7.519482076168060303e-02,-3.143316507339477539e-01,-1.674130856990814209e-01,-4.757884424179792404e-03,1.035343647003173828e+00,-7.971044778823852539e-01,-2.121054679155349731e-01,3.023262508213520050e-02
1.159913390874862671e-01,1.729268115013837814e-03,7.520927786827087402e-01,3.553740680217742920e-02,4.223211407661437988e-01,6.370370090007781982e-02,9.035063982009887695e-01,-1.502474427223205566e+00,3.178474679589271545e-02,1.743730306625366211e-01,1.030441641807556152e+00,-3.762342929840087891e-01,-3.844323009252548218e-02,-1.555215477943420410e+00,-3.581160008907318115e-01,-2.793603241443634033e-01,1.160834670066833496e+00,-4.476790428161621094e-01,-2.088347449898719788e-02,-1.433840095996856689e-01,-9.893555194139480591e-02,-2.525794208049774170e-01,3.157011866569519043e-01,1.571970582008361816e-01,1.042901158332824707e+00,2.435194849967956543e-01,1.000940566882491112e-03,-7.732507586479187012e-02,-3.004811406135559082e-01,-1.674354523420333862e-01,-1.223455555737018585e-02,1.054966092109680176e+00,-8.000242114067077637e-01,-2.113758921623229980e-01,2.410163730382919312e-02
1.217126846313476562e-01,1.480370410718023777e-03,7.567238211631774902e-01,3.675803169608116150e-02,4.049989879131317139e-01,6.265204399824142456e-02,9.114271402359008789e-01,-1.445235848426818848e+00,3.083925694227218628e-02,1.741487234830856323e-01,1.011746287345886230e+00,-3.767749369144439697e-01,-4.024295881390571594e-02,-1.498567342758178711e+00,-3.545458316802978516e-01,-2.839069366455078125e-01,1.144369959831237793e+00,-4.475841820240020752e-01,-1.894464530050754547e-02,-1.382999867200851440e-01,-1.010537073016166687e-01,-2.413729578256607056e-01,3.123856186866760254e-01,1.571239233016967773e-01,1.057867050170898438e+00,2.410181015729904175e-01,1.736750942654907703e-03,-7.602381706237792969e-02,-2.847008109092712402e-01,-1.677587926387786865e-01,-2.092343755066394806e-02,1.069958567619323730e+00,-8.047170639038085938e-01,-2.099716067314147949e-01,2.320878021419048309e-02
1.299844980239868164e-01,8.122537983581423759e-04,7.646348476409912109e-01,3.764899447560310364e-02,3.861209452152252197e-01,5.913330987095832825e-02,9.197806715965270996e-01,-1.370849490165710449e+00,3.254178166389465332e-02,1.748989224433898926e-01,9.749034643173217773e-01,-3.747443556785583496e-01,-4.374869167804718018e-02,-1.425330758094787598e+00,-3.440151214599609375e-01,-2.924254536628723145e-01,1.109915375709533691e+00,-4.446845948696136475e-01,-1.569432951509952545e-02,-1.282223165035247803e-01,-1.042657494544982910e-01,-2.274105697870254517e-01,3.090311884880065918e-01,1.588224917650222778e-01,1.076715946197509766e+00,2.367198318243026733e-01,3.806122345849871635e-03,-7.846864312887191772e-02,-2.664022445678710938e-01,-1.686703413724899292e-01,-2.852016873657703400e-02,1.088062047958374023e+00,-8.105598092079162598e-01,-2.121551334857940674e-01,2.133492566645145416e-02
1.377376914024353027e-01,3.859500793623737991e-05,7.713260054588317871e-01,3.828077018260955811e-02,3.655744493007659912e-01,5.560472607612609863e-02,9.283307790756225586e-01,-1.297256469726562500e+00,3.508784249424934387e-02,1.761272102594375610e-01,9.431486725807189941e-01,-3.735076189041137695e-01,-4.710630327463150024e-02,-1.352492570877075195e+00,-3.341776132583618164e-01,-3.003031015396118164e-01,1.079702019691467285e+00,-4.420974850654602051e-01,-1.313967071473598480e-02,-1.176870316267013550e-01,-1.064680740237236023e-01,-2.119529396295547485e-01,3.060587942600250244e-01,1.626157015562057495e-01,1.094335079193115234e+00,2.355871796607971191e-01,3.634552471339702606e-03,-7.926730811595916748e-02,-2.468512803316116333e-01,-1.707531064748764038e-01,-3.637373074889183044e-02,1.104638576507568359e+00,-8.131764531135559082e-01,-2.150037437677383423e-01,1.892551407217979431e-02
1.456074118614196777e-01,-7.592904148623347282e-04,7.776955366134643555e-01,3.867407888174057007e-02,3.436614573001861572e-01,5.208200961351394653e-02,9.368503689765930176e-01,-1.221122145652770996e+00,3.818664699792861938e-02,1.772722601890563965e-01,9.117743372917175293e-01,-3.723147213459014893e-01,-5.044308677315711975e-02,-1.277222871780395508e+00,-3.237733840942382812e-01,-3.081521689891815186e-01,1.049730300903320312e+00,-4.396899044513702393e-01,-1.052673626691102982e-02,-1.069814115762710571e-01,-1.079644858837127686e-01,-1.931186020374298096e-01,3.030054569244384766e-01,1.689399033784866333e-01,1.111869215965270996e+00,2.351056039333343506e-01,2.323059365153312683e-03,-8.089900761842727661e-02,-2.248112708330154419e-01,-1.729744225740432739e-01,-4.432363063097000122e-02,1.120687961578369141e+00,-8.141241669654846191e-01,-2.165087312459945679e-01,1.536735519766807556e-02
1.534619927406311035e-01,-1.559104421176016331e-03,7.836784124374389648e-01,3.890963643789291382e-02,3.197059631347656250e-01,4.850119724869728088e-02,9.454743862152099609e-01,-1.141922712326049805e+00,4.149169102311134338e-02,1.782943755388259888e-01,8.811892867088317871e-01,-3.711133599281311035e-01,-5.375197529792785645e-02,-1.198606371879577637e+00,-3.130481541156768799e-01,-3.154762983322143555e-01,1.019892692565917969e+00,-4.375089406967163086e-01,-8.061562664806842804e-03,-9.596965461969375610e-02,-1.084266602993011475e-01,-1.728350818157196045e-01,3.004792630672454834e-01,1.768894493579864502e-01,1.129782199859619141e+00,2.353655248880386353e-01,1.493737567216157913e-03,-8.202596008777618408e-02,-2.002983987331390381e-01,-1.758784651756286621e-01,-5.380303412675857544e-02,1.136027812957763672e+00,-8.149589300155639648e-01,-2.176957726478576660e-01,1.144817471504211426e-02
1.614658832550048828e-01,-2.696586074307560921e-03,7.895048260688781738e-01,3.852033987641334534e-02,2.947739362716674805e-01,4.487111791968345642e-02,9.537353515625000000e-01,-1.061444401741027832e+00,4.588631540536880493e-02,1.790928542613983154e-01,8.509117960929870605e-01,-3.692831695079803467e-01,-5.747036263346672058e-02,-1.118175268173217773e+00,-3.007269501686096191e-01,-3.228006958961486816e-01,9.896507263183593750e-01,-4.349879026412963867e-01,-5.677980370819568634e-03,-8.473642170429229736e-02,-1.078877076506614685e-01,-1.495777815580368042e-01,2.985566556453704834e-01,1.862434148788452148e-01,1.148534059524536133e+00,2.358942925930023193e-01,1.137730898335576057e-03,-8.349955826997756958e-02,-1.745982915163040161e-01,-1.789684891700744629e-01,-6.387028843164443970e-02,1.151967048645019531e+00,-8.225359916687011719e-01,-2.172194272279739380e-01,9.388308972120285034e-03
1.714111417531967163e-01,-3.942483104765415192e-03,7.965391874313354492e-01,3.759587183594703674e-02,2.676241397857666016e-01,4.078552499413490295e-02,9.619253873825073242e-01,-9.686561822891235352e-01,5.053933337330818176e-02,1.801131963729858398e-01,8.102239370346069336e-01,-3.664389550685882568e-01,-6.246622279286384583e-02,-1.025599241256713867e+00,-2.850765585899353027e-01,-3.316888213157653809e-01,9.493257403373718262e-01,-4.323497712612152100e-01,-3.019761759787797928e-03,-7.263389229774475098e-02,-1.058352515101432800e-01,-1.231391429901123047e-01,2.961790859699249268e-01,1.981993168592453003e-01,1.170404314994812012e+00,2.407250553369522095e-01,-1.002856646664440632e-03,-8.473107963800430298e-02,-1.453152000904083252e-01,-1.824828833341598511e-01,-7.529538124799728394e-02,1.168334245681762695e+00,-8.333412408828735352e-01,-2.163652777671813965e-01,6.301201414316892624e-03
1.760336458683013916e-01,-5.087745375931262970e-03,7.991329431533813477e-01,3.791163489222526550e-02,2.402984946966171265e-01,3.893269598484039307e-02,9.691767692565917969e-01,-8.988997936248779297e-01,5.254140123724937439e-02,1.791584491729736328e-01,7.967234253883361816e-01,-3.650948703289031982e-01,-6.462942808866500854e-02,-9.559513330459594727e-01,-2.783703505992889404e-01,-3.332796990871429443e-01,9.364627003669738770e-01,-4.314351379871368408e-01,-2.378672361373901367e-03,-6.542195379734039307e-02,-1.050219461321830750e-01,-9.809939563274383545e-02,2.944049835205078125e-01,2.095625251531600952e-01,1.187408685684204102e+00,2.448589205741882324e-01,-2.820708090439438820e-03,-8.164288848638534546e-02,-1.160945221781730652e-01,-1.854577064514160156e-01,-8.697516471147537231e-02,1.179720520973205566e+00,-8.364207744598388672e-01,-2.144674360752105713e-01,5.808281712234020233e-03
1.843555867671966553e-01,-6.630777381360530853e-03,8.053057789802551270e-01,3.623624891042709351e-02,2.119053006172180176e-01,3.506794944405555725e-02,9.759883880615234375e-01,-8.088482022285461426e-01,5.831090360879898071e-02,1.791853755712509155e-01,7.585672736167907715e-01,-3.590909242630004883e-01,-6.921502202749252319e-02,-8.658698201179504395e-01,-2.609310150146484375e-01,-3.390217423439025879e-01,8.972998261451721191e-01,-4.257225990295410156e-01,-8.608420466771349311e-05,-5.361555144190788269e-02,-1.007795259356498718e-01,-7.277580350637435913e-02,2.928037047386169434e-01,2.202008962631225586e-01,1.213056921958923340e+00,2.532405257225036621e-01,-1.996681327000260353e-03,-8.148836344480514526e-02,-8.542232960462570190e-02,-1.888493299484252930e-01,-9.877050668001174927e-02,1.194735884666442871e+00,-8.372372984886169434e-01,-2.156254351139068604e-01,2.598380669951438904e-03
1.940067261457443237e-01,-8.232591673731803894e-03,8.114321231842041016e-01,3.445472195744514465e-02,1.835831552743911743e-01,3.104569949209690094e-02,9.819095134735107422e-01,-7.157417535781860352e-01,6.343968957662582397e-02,1.802384704351425171e-01,7.166959643363952637e-01,-3.536463081836700439e-01,-7.412144541740417480e-02,-7.743587493896484375e-01,-2.424576431512832642e-01,-3.433148562908172607e-01,8.558877706527709961e-01,-4.211763441562652588e-01,2.028657821938395500e-03,-4.201510176062583923e-02,-9.553754329681396484e-02,-4.706797003746032715e-02,2.908824980258941650e-01,2.294841557741165161e-01,1.241321086883544922e+00,2.672838866710662842e-01,3.684785042423754930e-04,-7.938238978385925293e-02,-5.461322516202926636e-02,-1.923397034406661987e-01,-1.102381944656372070e-01,1.210814833641052246e+00,-8.464514613151550293e-01,-2.153683602809906006e-01,1.339525333605706692e-03
1.973245143890380859e-01,-9.292970411479473114e-03,8.130047321319580078e-01,3.495353832840919495e-02,1.567446887493133545e-01,2.872626297175884247e-02,9.866023063659667969e-01,-6.512952446937561035e-01,6.493193656206130981e-02,1.793941855430603027e-01,7.069283723831176758e-01,-3.524072170257568359e-01,-7.602901011705398560e-02,-7.114819884300231934e-01,-2.366109788417816162e-01,-3.412054181098937988e-01,8.470846414566040039e-01,-4.200329780578613281e-01,2.076310105621814728e-03,-3.526176884770393372e-02,-9.373392164707183838e-02,-2.526061795651912689e-02,2.891937792301177979e-01,2.369896471500396729e-01,1.262026786804199219e+00,2.745518386363983154e-01,1.595803478267043829e-04,-7.399895787239074707e-02,-2.636897377669811249e-02,-1.963429898023605347e-01,-1.207906901836395264e-01,1.221227884292602539e+00,-8.556073307991027832e-01,-2.153884023427963257e-01,2.446571132168173790e-03
2.043641656637191772e-01,-1.035431586205959320e-02,8.175401687622070312e-01,3.375883027911186218e-02,1.317573487758636475e-01,2.480681426823139191e-02,9.903963804244995117e-01,-5.729706287384033203e-01,6.790328025817871094e-02,1.809961646795272827e-01,6.727756261825561523e-01,-3.469638526439666748e-01,-7.974695414304733276e-02,-6.362025141716003418e-01,-2.222290784120559692e-01,-3.412401378154754639e-01,8.142292499542236328e-01,-4.148256480693817139e-01,3.739395644515752792e-03,-2.556975558400154114e-02,-8.856404572725296021e-02,-6.589949131011962891e-03,2.872346341609954834e-01,2.432115375995635986e-01,1.289420723915100098e+00,2.810405194759368896e-01,1.247839070856571198e-03,-7.274662703275680542e-02,-8.574363891966640949e-04,-2.006013840436935425e-01,-1.297872811555862427e-01,1.234424710273742676e+00,-8.664311170578002930e-01,-2.173582315444946289e-01,2.858575899153947830e-03
2.122185826301574707e-01,-1.119837351143360138e-02,8.222609162330627441e-01,3.243429213762283325e-02,1.089267432689666748e-01,2.058381959795951843e-02,9.933072328567504883e-01,-4.970809519290924072e-01,7.074682414531707764e-02,1.835350245237350464e-01,6.362546682357788086e-01,-3.387548327445983887e-01,-8.331549912691116333e-02,-5.622689127922058105e-01,-2.073174566030502319e-01,-3.405342400074005127e-01,7.769728302955627441e-01,-4.081404805183410645e-01,5.777017679065465927e-03,-1.660058088600635529e-02,-8.208769559860229492e-02,7.725343108177185059e-03,2.843699455261230469e-01,2.499327808618545532e-01,1.320087194442749023e+00,2.881102263927459717e-01,1.118598855100572109e-03,-7.034214586019515991e-02,2.021195739507675171e-02,-2.051060944795608521e-01,-1.370979547500610352e-01,1.251080989837646484e+00,-8.750416040420532227e-01,-2.166797369718551636e-01,2.911791903898119926e-03
2.176940441131591797e-01,-1.201688032597303391e-02,8.258919715881347656e-01,3.120221383869647980e-02,8.901610970497131348e-02,1.716110110282897949e-02,9.953933954238891602e-01,-4.361397027969360352e-01,7.340301573276519775e-02,1.851910054683685303e-01,6.095538139343261719e-01,-3.288863897323608398e-01,-8.577875792980194092e-02,-5.016040205955505371e-01,-1.951107829809188843e-01,-3.386381566524505615e-01,7.470623254776000977e-01,-4.004764556884765625e-01,6.859726738184690475e-03,-1.001590304076671600e-02,-7.609235495328903198e-02,1.805761270225048065e-02,2.813423573970794678e-01,2.561133801937103271e-01,1.346587777137756348e+00,2.966431975364685059e-01,1.164361019618809223e-03,-6.658767163753509521e-02,3.619588539004325867e-02,-2.095897793769836426e-01,-1.414320319890975952e-01,1.266290187835693359e+00,-8.851435184478759766e-01,-2.114263623952865601e-01,4.396792966872453690e-03
2.205208688974380493e-01,-1.249755080789327621e-02,8.276718258857727051e-01,3.130271658301353455e-02,7.217197120189666748e-02,1.500884909182786942e-02,9.967879056930541992e-01,-3.924924135208129883e-01,7.352074235677719116e-02,1.854001879692077637e-01,5.976777672767639160e-01,-3.237791955471038818e-01,-8.699165284633636475e-02,-4.577186107635498047e-01,-1.897757798433303833e-01,-3.360074758529663086e-01,7.328253388404846191e-01,-3.972794413566589355e-01,7.222579326480627060e-03,-6.575633306056261063e-03,-7.257927209138870239e-02,2.159240283071994781e-02,2.785453200340270996e-01,2.595155835151672363e-01,1.369135141372680664e+00,3.036578297615051270e-01,2.370238536968827248e-03,-6.101707741618156433e-02,4.898503422737121582e-02,-2.135813087224960327e-01,-1.451086252927780151e-01,1.278619885444641113e+00,-8.965079784393310547e-01,-2.083038538694381714e-01,6.200779695063829422e-03
2.246855944395065308e-01,-1.275701820850372314e-02,8.302285075187683105e-01,3.076332621276378632e-02,5.812544003129005432e-02,1.312715467065572739e-02,9.977488517761230469e-01,-3.477708697319030762e-01,7.302135229110717773e-02,1.856303513050079346e-01,5.760304331779479980e-01,-3.171419203281402588e-01,-8.848538994789123535e-02,-4.128812849521636963e-01,-1.819317042827606201e-01,-3.341180384159088135e-01,7.091422677040100098e-01,-3.935618698596954346e-01,8.338656276464462280e-03,-3.174463985487818718e-03,-6.820976734161376953e-02,2.053619176149368286e-02,2.750857770442962646e-01,2.605262994766235352e-01,1.395505309104919434e+00,3.128551244735717773e-01,4.843538627028465271e-03,-5.630926787853240967e-02,5.740697309374809265e-02,-2.174435853958129883e-01,-1.493643522262573242e-01,1.292854547500610352e+00,-9.105721712112426758e-01,-2.076794356107711792e-01,8.563606999814510345e-03
2.291859686374664307e-01,-1.290408615022897720e-02,8.339197039604187012e-01,2.850805595517158508e-02,4.640774801373481750e-02,1.133864931762218475e-02,9.984513521194458008e-01,-3.024722039699554443e-01,7.399594783782958984e-02,1.841540634632110596e-01,5.435186624526977539e-01,-3.050892353057861328e-01,-8.981054276227951050e-02,-3.663240373134613037e-01,-1.690099984407424927e-01,-3.332354724407196045e-01,6.725360155105590820e-01,-3.832034766674041748e-01,9.832486510276794434e-03,1.926821569213643670e-04,-6.046227365732192993e-02,1.577629521489143372e-02,2.708668708801269531e-01,2.599132359027862549e-01,1.423909783363342285e+00,3.203126788139343262e-01,7.079041097313165665e-03,-5.437805503606796265e-02,6.259231269359588623e-02,-2.199128121137619019e-01,-1.523277014493942261e-01,1.309706568717956543e+00,-9.227042794227600098e-01,-2.072245925664901733e-01,1.150307431817054749e-02
2.316871285438537598e-01,-1.242508087307214737e-02,8.359875679016113281e-01,2.749125473201274872e-02,3.709141910076141357e-02,1.033073849976062775e-02,9.988802671432495117e-01,-2.716177701950073242e-01,7.278884947299957275e-02,1.811399608850479126e-01,5.257108211517333984e-01,-2.996454238891601562e-01,-8.970820158720016479e-02,-3.345706164836883545e-01,-1.621086895465850830e-01,-3.309614658355712891e-01,6.517059803009033203e-01,-3.778198957443237305e-01,1.102491747587919235e-02,2.443766919896006584e-03,-5.526518076658248901e-02,9.953104890882968903e-03,2.666496038436889648e-01,2.585477530956268311e-01,1.445093035697937012e+00,3.231019973754882812e-01,9.406513534486293793e-03,-4.985802620649337769e-02,6.492231041193008423e-02,-2.219458073377609253e-01,-1.544112265110015869e-01,1.324637055397033691e+00,-9.304571151733398438e-01,-2.043587267398834229e-01,1.371867675334215164e-02
2.346507310867309570e-01,-1.180253922939300537e-02,8.387161493301391602e-01,2.537513338029384613e-02,2.949817851185798645e-02,9.304939769208431244e-03,9.991993904113769531e-01,-2.398446947336196899e-01,7.267343252897262573e-02,1.787119656801223755e-01,5.003813505172729492e-01,-2.913070619106292725e-01,-8.931531012058258057e-02,-3.020414710044860840e-01,-1.526675075292587280e-01,-3.296918869018554688e-01,6.229315996170043945e-01,-3.679890930652618408e-01,1.275737956166267395e-02,4.567083436995744705e-03,-4.887391999363899231e-02,1.857963274233043194e-03,2.625347375869750977e-01,2.554810941219329834e-01,1.466093897819519043e+00,3.269740045070648193e-01,1.579593122005462646e-02,-4.937212914228439331e-02,6.556611508131027222e-02,-2.225902080535888672e-01,-1.555872857570648193e-01,1.341433882713317871e+00,-9.411746859550476074e-01,-2.024201154708862305e-01,1.451905164867639542e-02
2.365881204605102539e-01,-1.095221191644668579e-02,8.405956029891967773e-01,2.392453327775001526e-02,2.346665784716606140e-02,8.674038574099540710e-03,9.994006752967834473e-01,-2.163816094398498535e-01,7.220703363418579102e-02,1.767023801803588867e-01,4.829560220241546631e-01,-2.867833375930786133e-01,-8.833356201648712158e-02,-2.782780826091766357e-01,-1.463561207056045532e-01,-3.284468650817871094e-01,6.028165221214294434e-01,-3.608289062976837158e-01,1.426811516284942627e-02,5.016265437006950378e-03,-4.296051338315010071e-02,-7.033201865851879120e-03,2.577553093433380127e-01,2.522282004356384277e-01,1.483037233352661133e+00,3.322927057743072510e-01,2.066370286047458649e-02,-4.853432253003120422e-02,6.360258162021636963e-02,-2.230242788791656494e-01,-1.551341712474822998e-01,1.357814908027648926e+00,-9.499974846839904785e-01,-1.991052776575088501e-01,1.583709381520748138e-02
2.384336590766906738e-01,-9.834887459874153137e-03,8.428065776824951172e-01,2.179496735334396362e-02,1.875412650406360626e-02,7.381183560937643051e-03,9.995592832565307617e-01,-1.929326057434082031e-01,7.242453098297119141e-02,1.759244948625564575e-01,4.603851139545440674e-01,-2.803084850311279297e-01,-8.688974380493164062e-02,-2.550521790981292725e-01,-1.379629969596862793e-01,-3.262483775615692139e-01,5.777597427368164062e-01,-3.501187264919281006e-01,1.615734957158565521e-02,5.455615464597940445e-03,-3.570975735783576965e-02,-1.559735368937253952e-02,2.521828711032867432e-01,2.504090964794158936e-01,1.498850822448730469e+00,3.393546342849731445e-01,2.545285038650035858e-02,-4.959572106599807739e-02,6.055174395442008972e-02,-2.234162539243698120e-01,-1.521613299846649170e-01,1.376084446907043457e+00,-9.565707445144653320e-01,-1.956238597631454468e-01,1.773296482861042023e-02
2.395748198032379150e-01,-8.159588091075420380e-03,8.445412516593933105e-01,2.040641009807586670e-02,1.497315894812345505e-02,5.711248144507408142e-03,9.996633529663085938e-01,-1.746612340211868286e-01,7.079027593135833740e-02,1.767388433218002319e-01,4.432284832000732422e-01,-2.758733332157135010e-01,-8.506018668413162231e-02,-2.383224964141845703e-01,-1.330328583717346191e-01,-3.219187855720520020e-01,5.591376423835754395e-01,-3.419923186302185059e-01,1.795434579253196716e-02,6.879917811602354050e-03,-2.977756597101688385e-02,-2.318434789776802063e-02,2.470891326665878296e-01,2.484029084444046021e-01,1.510239124298095703e+00,3.445549607276916504e-01,2.853683941066265106e-02,-4.935162886977195740e-02,5.654113367199897766e-02,-2.224877178668975830e-01,-1.503640413284301758e-01,1.392555594444274902e+00,-9.609365463256835938e-01,-1.932352483272552490e-01,2.061341144144535065e-02
2.408093512058258057e-01,-6.431922782212495804e-03,8.464138507843017578e-01,1.937463134527206421e-02,1.207353826612234116e-02,3.887550672516226768e-03,9.997318387031555176e-01,-1.566549986600875854e-01,6.880598515272140503e-02,1.784501671791076660e-01,4.238523244857788086e-01,-2.703295350074768066e-01,-8.267821371555328369e-02,-2.223539650440216064e-01,-1.282659471035003662e-01,-3.165144026279449463e-01,5.387415289878845215e-01,-3.325918614864349365e-01,2.010428346693515778e-02,9.241027757525444031e-03,-2.452041581273078918e-02,-3.130701556801795959e-02,2.414208799600601196e-01,2.448893785476684570e-01,1.521153211593627930e+00,3.488940596580505371e-01,3.027363494038581848e-02,-4.889568686485290527e-02,5.196422338485717773e-02,-2.213613688945770264e-01,-1.510383933782577515e-01,1.409801840782165527e+00,-9.664491415023803711e-01,-1.922507286071777344e-01,2.324767410755157471e-02
2.419552206993103027e-01,-4.780056420713663101e-03,8.482368588447570801e-01,1.858868822455406189e-02,9.702703915536403656e-03,2.184251789003610611e-03,9.997777342796325684e-01,-1.394222825765609741e-01,6.623256206512451172e-02,1.804986745119094849e-01,4.030219614505767822e-01,-2.633467018604278564e-01,-8.060529083013534546e-02,-2.071691006422042847e-01,-1.236190646886825562e-01,-3.111398518085479736e-01,5.179087519645690918e-01,-3.226447701454162598e-01,2.215162850916385651e-02,1.100705377757549286e-02,-1.946257054805755615e-02,-3.882601857185363770e-02,2.355619966983795166e-01,2.419909685850143433e-01,1.531377673149108887e+00,3.497787714004516602e-01,3.203418105840682983e-02,-4.678418114781379700e-02,4.780077189207077026e-02,-2.195858806371688843e-01,-1.524189561605453491e-01,1.425761580467224121e+00,-9.712632298469543457e-01,-1.905641257762908936e-01,2.464306913316249847e-02
2.429264485836029053e-01,-3.325688419863581657e-03,8.500040173530578613e-01,1.818227395415306091e-02,7.694927975535392761e-03,9.283096296712756157e-04,9.998046755790710449e-01,-1.228701323270797729e-01,6.305066496133804321e-02,1.826637834310531616e-01,3.808938264846801758e-01,-2.552943825721740723e-01,-7.859821617603302002e-02,-1.937368959188461304e-01,-1.201279386878013611e-01,-3.052414059638977051e-01,4.985629618167877197e-01,-3.130777478218078613e-01,2.389973215758800507e-02,1.169205363839864731e-02,-1.536974776536226273e-02,-4.624827951192855835e-02,2.295893877744674683e-01,2.412437051534652710e-01,1.539803624153137207e+00,3.457366228103637695e-01,3.498320654034614563e-02,-4.478232935070991516e-02,4.430012404918670654e-02,-2.171577960252761841e-01,-1.535435616970062256e-01,1.439740538597106934e+00,-9.741135239601135254e-01,-1.899374872446060181e-01,2.516676113009452820e-02
2.436412274837493896e-01,-2.054099226370453835e-03,8.516739606857299805e-01,1.826879568397998810e-02,6.216615904122591019e-03,6.324017704173456877e-06,9.998137950897216797e-01,-1.073608621954917908e-01,5.899710580706596375e-02,1.844184547662734985e-01,3.578405082225799561e-01,-2.458692193031311035e-01,-7.693471014499664307e-02,-1.823339462280273438e-01,-1.177379116415977478e-01,-2.995408177375793457e-01,4.809233546257019043e-01,-3.040403425693511963e-01,2.533336356282234192e-02,1.169185247272253036e-02,-1.265158131718635559e-02,-5.231739953160285950e-02,2.235044538974761963e-01,2.428440153598785400e-01,1.546326518058776855e+00,3.429013192653656006e-01,3.965936228632926941e-02,-4.367075860500335693e-02,4.084563255310058594e-02,-2.146514505147933960e-01,-1.539797931909561157e-01,1.451528906822204590e+00,-9.754408001899719238e-01,-1.931767761707305908e-01,2.642084099352359772e-02
2.442625463008880615e-01,-1.029310515150427818e-03,8.532207012176513672e-01,1.871775463223457336e-02,5.087007302790880203e-03,-3.596688329707831144e-04,9.998118281364440918e-01,-9.289103746414184570e-02,5.441402271389961243e-02,1.854707449674606323e-01,3.349834382534027100e-01,-2.356119602918624878e-01,-7.544911652803421021e-02,-1.722926944494247437e-01,-1.166994050145149231e-01,-2.952786684036254883e-01,4.651029109954833984e-01,-2.958457171916961670e-01,2.654090523719787598e-02,1.071828976273536682e-02,-1.069263182580471039e-02,-5.729873850941658020e-02,2.180578857660293579e-01,2.437666207551956177e-01,1.551593065261840820e+00,3.453450798988342285e-01,4.564922302961349487e-02,-4.307164251804351807e-02,3.814237937331199646e-02,-2.116670608520507812e-01,-1.551273167133331299e-01,1.462391853332519531e+00,-9.783335328102111816e-01,-1.991250962018966675e-01,2.836452983319759369e-02
2.446393221616744995e-01,6.433044472942128778e-05,8.547098040580749512e-01,1.917525008320808411e-02,4.127447959035634995e-03,-6.289334269240498543e-04,9.998074173927307129e-01,-7.966022193431854248e-02,4.985537379980087280e-02,1.857277005910873413e-01,3.126620352268218994e-01,-2.253654897212982178e-01,-7.395468652248382568e-02,-1.632059663534164429e-01,-1.159314066171646118e-01,-2.925121188163757324e-01,4.498852789402008057e-01,-2.880487143993377686e-01,2.785122953355312347e-02,1.006190758198499680e-02,-9.286060929298400879e-03,-6.070901453495025635e-02,2.133955061435699463e-01,2.421956807374954224e-01,1.556482195854187012e+00,3.491066694259643555e-01,5.057790502905845642e-02,-4.204858839511871338e-02,3.582888841629028320e-02,-2.079023271799087524e-01,-1.551432311534881592e-01,1.472584009170532227e+00,-9.802986979484558105e-01,-2.033568024635314941e-01,2.899259515106678009e-02
2.452875226736068726e-01,1.350426231510937214e-03,8.563945293426513672e-01,1.923426985740661621e-02,3.505415981635451317e-03,-8.659153827466070652e-04,9.998084902763366699e-01,-6.397410482168197632e-02,4.518125951290130615e-02,1.858780086040496826e-01,2.847997844219207764e-01,-2.113680243492126465e-01,-7.206971943378448486e-02,-1.516349315643310547e-01,-1.140247955918312073e-01,-2.903533875942230225e-01,4.290056228637695312e-01,-2.768470048904418945e-01,2.949617616832256317e-02,1.020447537302970886e-02,-7.461610250174999237e-03,-6.417781859636306763e-02,2.084383219480514526e-01,2.364330887794494629e-01,1.561791896820068359e+00,3.506917655467987061e-01,5.524739995598793030e-02,-4.060225188732147217e-02,3.396521508693695068e-02,-2.040148228406906128e-01,-1.536309868097305298e-01,1.483581066131591797e+00,-9.750028848648071289e-01,-2.080521881580352783e-01,2.743475325405597687e-02
2.457743287086486816e-01,2.461108146235346794e-03,8.579239249229431152e-01,1.832154020667076111e-02,2.948434324935078621e-03,-1.162884174846112728e-03,9.998271465301513672e-01,-5.178834870457649231e-02,4.342193529009819031e-02,1.852902323007583618e-01,2.628917098045349121e-01,-1.998204290866851807e-01,-7.052320241928100586e-02,-1.395571082830429077e-01,-1.098373904824256897e-01,-2.889734208583831787e-01,4.067479968070983887e-01,-2.649618089199066162e-01,3.092109039425849915e-02,1.063363626599311829e-02,-4.402504302561283112e-03,-6.722300499677658081e-02,2.038863599300384521e-01,2.299241721630096436e-01,1.565393924713134766e+00,3.489230573177337646e-01,6.021076813340187073e-02,-4.050505533814430237e-02,3.202148154377937317e-02,-1.996346712112426758e-01,-1.506291627883911133e-01,1.493105769157409668e+00,-9.618813395500183105e-01,-2.120410799980163574e-01,2.547569572925567627e-02
2.461061775684356689e-01,3.445273265242576599e-03,8.591004610061645508e-01,1.649086736142635345e-02,2.641035243868827820e-03,-1.207325141876935959e-03,9.998598098754882812e-01,-4.408832266926765442e-02,4.410388693213462830e-02,1.846659332513809204e-01,2.490871101617813110e-01,-1.926335394382476807e-01,-6.934252381324768066e-02,-1.286179423332214355e-01,-1.043237447738647461e-01,-2.888078689575195312e-01,3.858069479465484619e-01,-2.541460692882537842e-01,3.205859288573265076e-02,1.090230885893106461e-02,-3.422520967433229089e-05,-7.022316008806228638e-02,1.990342736244201660e-01,2.243382334709167480e-01,1.567338705062866211e+00,3.471392095088958740e-01,6.596238166093826294e-02,-3.935028985142707825e-02,3.032742254436016083e-02,-1.949986368417739868e-01,-1.471100598573684692e-01,1.502255320549011230e+00,-9.493689537048339844e-01,-2.167555391788482666e-01,2.462386526167392731e-02
2.459892928600311279e-01,4.339603707194328308e-03,8.599527478218078613e-01,1.508550811558961868e-02,2.332648495212197304e-03,-1.692918362095952034e-03,9.998820424079895020e-01,-3.960813209414482117e-02,4.501019418239593506e-02,1.837866157293319702e-01,2.409508973360061646e-01,-1.886080652475357056e-01,-6.822358071804046631e-02,-1.213433966040611267e-01,-9.999022632837295532e-02,-2.875148952007293701e-01,3.705883622169494629e-01,-2.459472566843032837e-01,3.278049454092979431e-02,1.065987721085548401e-02,2.619335195049643517e-03,-7.239261269569396973e-02,1.959544420242309570e-01,2.207292616367340088e-01,1.568692445755004883e+00,3.446590006351470947e-01,6.926798075437545776e-02,-3.776542842388153076e-02,2.834590524435043335e-02,-1.894647777080535889e-01,-1.430660337209701538e-01,1.509390354156494141e+00,-9.465354681015014648e-01,-2.249643057584762573e-01,2.675398625433444977e-02
2.459476888179779053e-01,5.529085639864206314e-03,8.609636425971984863e-01,1.339829433709383011e-02,2.123815473169088364e-03,-2.807301003485918045e-03,9.999040365219116211e-01,-3.385342657566070557e-02,4.583233222365379333e-02,1.843134313821792603e-01,2.305612415075302124e-01,-1.836728900671005249e-01,-6.649400293827056885e-02,-1.123830601572990417e-01,-9.484051167964935303e-02,-2.848981916904449463e-01,3.511376678943634033e-01,-2.347334325313568115e-01,3.409914672374725342e-02,1.062636077404022217e-02,5.646373145282268524e-03,-7.263621687889099121e-02,1.926397383213043213e-01,2.185516953468322754e-01,1.569190859794616699e+00,3.424974381923675537e-01,7.210419327020645142e-02,-3.702963516116142273e-02,2.577782981097698212e-02,-1.849372237920761108e-01,-1.365445554256439209e-01,1.519397974014282227e+00,-9.448848962783813477e-01,-2.406737655401229858e-01,2.831007167696952820e-02
2.457551062107086182e-01,6.979522760957479477e-03,8.618606925010681152e-01,1.191533729434013367e-02,1.909150974825024605e-03,-4.756622482091188431e-03,9.999158978462219238e-01,-2.770419232547283173e-02,4.571104422211647034e-02,1.861489415168762207e-01,2.199827283620834351e-01,-1.788349598646163940e-01,-6.437200307846069336e-02,-1.042436435818672180e-01,-9.071344882249832153e-02,-2.818865776062011719e-01,3.328974246978759766e-01,-2.240211516618728638e-01,3.559808433055877686e-02,1.069211587309837341e-02,7.746316958218812943e-03,-7.193646579980850220e-02,1.901502162218093872e-01,2.160155922174453735e-01,1.569444298744201660e+00,3.393996655941009521e-01,7.442298531532287598e-02,-3.782490268349647522e-02,2.255810610949993134e-02,-1.803526580333709717e-01,-1.290712654590606689e-01,1.529124021530151367e+00,-9.283404946327209473e-01,-2.494413107633590698e-01,2.884551323950290680e-02
2.455549985170364380e-01,8.480519056320190430e-03,8.626304864883422852e-01,1.103873271495103836e-02,1.708421041257679462e-03,-6.653372198343276978e-03,9.999154806137084961e-01,-2.255032956600189209e-02,4.466792196035385132e-02,1.887670010328292847e-01,2.114776372909545898e-01,-1.756933927536010742e-01,-6.271227449178695679e-02,-9.861870110034942627e-02,-8.896084129810333252e-02,-2.791130840778350830e-01,3.197825849056243896e-01,-2.168307453393936157e-01,3.683010488748550415e-02,1.031537260860204697e-02,8.640601299703121185e-03,-7.038327306509017944e-02,1.874756664037704468e-01,2.124318778514862061e-01,1.569535613059997559e+00,3.320675194263458252e-01,7.540767639875411987e-02,-3.842287510633468628e-02,1.861632429063320160e-02,-1.761504560708999634e-01,-1.229885220527648926e-01,1.537224650382995605e+00,-9.062871932983398438e-01,-2.530362010002136230e-01,3.047446720302104950e-02
2.455055564641952515e-01,9.975390508770942688e-03,8.634459376335144043e-01,1.020152680575847626e-02,1.416500075720250607e-03,-9.011062793433666229e-03,9.999063611030578613e-01,-1.540247723460197449e-02,4.329656809568405151e-02,1.929118633270263672e-01,1.994168311357498169e-01,-1.714537143707275391e-01,-6.084492802619934082e-02,-9.113843739032745361e-02,-8.654189109802246094e-02,-2.763503491878509521e-01,3.030399084091186523e-01,-2.075555026531219482e-01,3.851836174726486206e-02,9.979749098420143127e-03,9.461840614676475525e-03,-6.972198933362960815e-02,1.852278560400009155e-01,2.092241048812866211e-01,1.569489955902099609e+00,3.196255862712860107e-01,7.766199111938476562e-02,-3.874723985791206360e-02,1.326230168342590332e-02,-1.722276210784912109e-01,-1.166544482111930847e-01,1.546347737312316895e+00,-8.828984498977661133e-01,-2.606994509696960449e-01,3.179626539349555969e-02
2.456120550632476807e-01,1.119949109852313995e-02,8.642234206199645996e-01,9.381821379065513611e-03,1.133953221142292023e-03,-1.138626970350742340e-02,9.998905062675476074e-01,-7.710498757660388947e-03,4.204348847270011902e-02,1.981079727411270142e-01,1.866436302661895752e-01,-1.661567986011505127e-01,-5.921156331896781921e-02,-8.334854245185852051e-02,-8.409497141838073730e-02,-2.738263309001922607e-01,2.860477566719055176e-01,-1.976545602083206177e-01,3.990399837493896484e-02,9.849796071648597717e-03,9.881315752863883972e-03,-6.922618299722671509e-02,1.818790882825851440e-01,2.053042203187942505e-01,1.569463372230529785e+00,3.039191365242004395e-01,8.051732182502746582e-02,-3.897473216056823730e-02,7.579269353300333023e-03,-1.679236292839050293e-01,-1.096414700150489807e-01,1.554978609085083008e+00,-8.612577319145202637e-01,-2.715079486370086670e-01,3.148535266518592834e-02
2.460619807243347168e-01,1.228939648717641830e-02,8.650370240211486816e-01,8.537727408111095428e-03,9.380573173984885216e-04,-1.414502691477537155e-02,9.998630881309509277e-01,1.984657719731330872e-03,4.073047637939453125e-02,2.042580544948577881e-01,1.706966757774353027e-01,-1.590115576982498169e-01,-5.788874998688697815e-02,-7.401626557111740112e-02,-8.075582981109619141e-02,-2.705906033515930176e-01,2.659247219562530518e-01,-1.850047856569290161e-01,4.154494404792785645e-02,1.012172456830739975e-02,1.035035215318202972e-02,-6.985148787498474121e-02,1.779926121234893799e-01,2.011574655771255493e-01,1.569647550582885742e+00,2.813861370086669922e-01,8.234091848134994507e-02,-4.004024341702461243e-02,1.430581090971827507e-03,-1.639905571937561035e-01,-1.008607074618339539e-01,1.563027739524841309e+00,-8.158683776855468750e-01,-2.794647216796875000e-01,2.557187899947166443e-02
2.462494522333145142e-01,1.305233966559171677e-02,8.656904697418212891e-01,7.829003036022186279e-03,7.413731073029339314e-04,-1.642690040171146393e-02,9.998341202735900879e-01,8.877641521394252777e-03,3.992921486496925354e-02,2.089734375476837158e-01,1.591791063547134399e-01,-1.533342152833938599e-01,-5.693221837282180786e-02,-6.745926290750503540e-02,-7.811806350946426392e-02,-2.676885724067687988e-01,2.509937286376953125e-01,-1.752608120441436768e-01,4.249637946486473083e-02,9.978836402297019958e-03,1.090271864086389542e-02,-7.160188257694244385e-02,1.735036075115203857e-01,1.952312588691711426e-01,1.569999337196350098e+00,2.533844709396362305e-01,7.809264212846755981e-02,-4.053820297122001648e-02,-5.798821337521076202e-03,-1.597018241882324219e-01,-9.084597229957580566e-02,1.567607522010803223e+00,-7.524759769439697266e-01,-2.766627073287963867e-01,1.705684140324592590e-02
2.463226616382598877e-01,1.375772710889577866e-02,8.660076260566711426e-01,7.384405937045812607e-03,6.431607180275022984e-04,-1.844847947359085083e-02,9.998023509979248047e-01,1.262798998504877090e-02,3.916570544242858887e-02,2.126581370830535889e-01,1.535119116306304932e-01,-1.509885489940643311e-01,-5.619572848081588745e-02,-6.389307230710983276e-02,-7.693953812122344971e-02,-2.647632062435150146e-01,2.424139678478240967e-01,-1.697215884923934937e-01,4.320594295859336853e-02,1.035885699093341827e-02,1.057628262788057327e-02,-7.416380196809768677e-02,1.691553592681884766e-01,1.878932416439056396e-01,1.570379018783569336e+00,2.277386635541915894e-01,7.131391763687133789e-02,-3.859081491827964783e-02,-1.266874372959136963e-02,-1.553701013326644897e-01,-8.230605721473693848e-02,1.569181680679321289e+00,-6.847100853919982910e-01,-2.651270031929016113e-01,9.925066493451595306e-03
2.462765425443649292e-01,1.428584195673465729e-02,8.662565350532531738e-01,7.046387996524572372e-03,4.611593612935394049e-04,-2.011518366634845734e-02,9.997727274894714355e-01,1.500327233225107193e-02,3.869257122278213501e-02,2.155489921569824219e-01,1.505023092031478882e-01,-1.499208509922027588e-01,-5.553296580910682678e-02,-6.150649860501289368e-02,-7.611034065485000610e-02,-2.617616951465606689e-01,2.368104159832000732e-01,-1.656448692083358765e-01,4.374552518129348755e-02,1.090341620147228241e-02,1.038716454058885574e-02,-7.759648561477661133e-02,1.639512330293655396e-01,1.798336952924728394e-01,1.570436239242553711e+00,2.008265405893325806e-01,6.101991608738899231e-02,-3.599006682634353638e-02,-1.904220692813396454e-02,-1.505331248044967651e-01,-7.536850124597549438e-02,1.570112705230712891e+00,-6.249749064445495605e-01,-2.514092922210693359e-01,2.044598804786801338e-03
2.461293041706085205e-01,1.462203823029994965e-02,8.664247989654541016e-01,6.838168483227491379e-03,1.018796829157508910e-04,-2.127073146402835846e-02,9.997503757476806641e-01,1.640246622264385223e-02,3.847863152623176575e-02,2.172010391950607300e-01,1.497708857059478760e-01,-1.495507657527923584e-01,-5.517780035734176636e-02,-6.015702709555625916e-02,-7.559468597173690796e-02,-2.591601312160491943e-01,2.340824902057647705e-01,-1.636005640029907227e-01,4.417126625776290894e-02,1.112523209303617477e-02,9.929073043167591095e-03,-8.063420653343200684e-02,1.583401113748550415e-01,1.727238893508911133e-01,1.570699334144592285e+00,1.826593130826950073e-01,5.413332581520080566e-02,-3.313265740871429443e-02,-2.491494268178939819e-02,-1.463125199079513550e-01,-6.881441175937652588e-02,1.570414781570434570e+00,-5.887668728828430176e-01,-2.411359995603561401e-01,-2.549677388742566109e-03
2.460125386714935303e-01,1.498784217983484268e-02,8.665028810501098633e-01,6.619302090257406235e-03,1.184214579552644864e-05,-2.214249223470687866e-02,9.997329115867614746e-01,1.697130873799324036e-02,3.826560825109481812e-02,2.180936038494110107e-01,1.489977985620498657e-01,-1.495265960693359375e-01,-5.460751429200172424e-02,-5.895601585507392883e-02,-7.514480501413345337e-02,-2.569257318973541260e-01,2.308017164468765259e-01,-1.614284813404083252e-01,4.442756623029708862e-02,1.164937857538461685e-02,9.507597424089908600e-03,-8.389584720134735107e-02,1.526139527559280396e-01,1.660413146018981934e-01,1.570700049400329590e+00,1.687649190425872803e-01,4.381433874368667603e-02,-2.861537411808967590e-02,-3.074583970010280609e-02,-1.417274326086044312e-01,-6.217292323708534241e-02,1.570699334144592285e+00,-5.578463673591613770e-01,-2.314667254686355591e-01,-6.079863291233778000e-03
2.459831386804580688e-01,1.542112696915864944e-02,8.666496872901916504e-01,6.353005766868591309e-03,-2.440390671836212277e-04,-2.249373495578765869e-02,9.997267723083496094e-01,1.750032417476177216e-02,3.840064629912376404e-02,2.183892130851745605e-01,1.492270827293395996e-01,-1.496066004037857056e-01,-5.412786081433296204e-02,-5.717394500970840454e-02,-7.456812262535095215e-02,-2.554995119571685791e-01,2.275670021772384644e-01,-1.592962741851806641e-01,4.481649026274681091e-02,1.217874605208635330e-02,8.829439990222454071e-03,-8.680904656648635864e-02,1.480087190866470337e-01,1.612640768289566040e-01,1.570700049400329590e+00,1.607935577630996704e-01,3.120810538530349731e-02,-2.415714412927627563e-02,-3.543523326516151428e-02,-1.370633989572525024e-01,-5.776583403348922729e-02,1.570700049400329590e+00,-5.361263751983642578e-01,-2.243628650903701782e-01,-6.547844503074884415e-03
2.458724230527877808e-01,1.560340728610754013e-02,8.666995167732238770e-01,6.094859912991523743e-03,-4.963127430528402328e-04,-2.268905565142631531e-02,9.997238516807556152e-01,1.743919029831886292e-02,3.877847269177436829e-02,2.184169292449951172e-01,1.503709852695465088e-01,-1.499562412500381470e-01,-5.370299518108367920e-02,-5.574844032526016235e-02,-7.389027625322341919e-02,-2.546353340148925781e-01,2.250257432460784912e-01,-1.575525254011154175e-01,4.504852741956710815e-02,1.310161408036947250e-02,7.959115318953990936e-03,-8.852557092905044556e-02,1.446128785610198975e-01,1.618183106184005737e-01,1.570700049400329590e+00,1.514732688665390015e-01,1.532719563692808151e-02,-2.037078328430652618e-02,-3.870647028088569641e-02,-1.327494084835052490e-01,-5.646528303623199463e-02,1.570700049400329590e+00,-5.207188129425048828e-01,-2.204824239015579224e-01,-5.667995661497116089e-03
2.456723898649215698e-01,1.568853110074996948e-02,8.667346835136413574e-01,5.722363479435443878e-03,-6.562590133398771286e-04,-2.285310998558998108e-02,9.997222423553466797e-01,1.654273644089698792e-02,3.940724954009056091e-02,2.182685583829879761e-01,1.525210887193679810e-01,-1.509817987680435181e-01,-5.357629060745239258e-02,-5.432910844683647156e-02,-7.306430488824844360e-02,-2.542405128479003906e-01,2.225102484226226807e-01,-1.556062549352645874e-01,4.522123187780380249e-02,1.447650697082281113e-02,7.310801651328802109e-03,-8.932947367429733276e-02,1.424899995326995850e-01,1.662664711475372314e-01,1.570663690567016602e+00,1.399405151605606079e-01,2.222346141934394836e-03,-1.786449924111366272e-02,-4.166908189654350281e-02,-1.294122040271759033e-01,-5.651630088686943054e-02,1.570700049400329590e+00,-5.064980983734130859e-01,-2.179502248764038086e-01,-4.472671076655387878e-03
2.455850988626480103e-01,1.576616428792476654e-02,8.667529225349426270e-01,5.499349441379308701e-03,-9.109996608458459377e-04,-2.271789498627185822e-02,9.997263550758361816e-01,1.613926328718662262e-02,3.991047292947769165e-02,2.175246626138687134e-01,1.536395102739334106e-01,-1.514436751604080200e-01,-5.335791409015655518e-02,-5.370847880840301514e-02,-7.260280102491378784e-02,-2.540277838706970215e-01,2.215565294027328491e-01,-1.549141108989715576e-01,4.519721865653991699e-02,1.526202913373708725e-02,6.207191385328769684e-03,-8.891842514276504517e-02,1.416817605495452881e-01,1.709571629762649536e-01,1.570670127868652344e+00,1.285482347011566162e-01,-3.893983783200383186e-03,-1.850055158138275146e-02,-4.365149512887001038e-02,-1.270114630460739136e-01,-5.795992910861968994e-02,1.570700049400329590e+00,-5.066882371902465820e-01,-2.201087921857833862e-01,-1.960627036169171333e-03
2.456063926219940186e-01,1.584192551672458649e-02,8.667528629302978516e-01,5.421500653028488159e-03,-9.966259822249412537e-04,-2.284829132258892059e-02,9.997237324714660645e-01,1.588224619626998901e-02,4.016918689012527466e-02,2.169500887393951416e-01,1.550189703702926636e-01,-1.521023958921432495e-01,-5.322996899485588074e-02,-5.338411405682563782e-02,-7.230243086814880371e-02,-2.539537549018859863e-01,2.216004431247711182e-01,-1.547771096229553223e-01,4.529278352856636047e-02,1.570273749530315399e-02,4.970666486769914627e-03,-8.840829879045486450e-02,1.417810320854187012e-01,1.762647926807403564e-01,1.570407032966613770e+00,1.227844581007957458e-01,-5.753470119088888168e-03,-2.104578353464603424e-02,-4.535695910453796387e-02,-1.260103434324264526e-01,-5.932948738336563110e-02,1.570700049400329590e+00,-5.181493163108825684e-01,-2.246981412172317505e-01,1.212838222272694111e-03
2.456949502229690552e-01,1.576003804802894592e-02,8.666672110557556152e-01,5.349010229110717773e-03,-1.168981310911476612e-03,-2.298151887953281403e-02,9.997208714485168457e-01,1.567124202847480774e-02,4.035623371601104736e-02,2.165448814630508423e-01,1.563780605792999268e-01,-1.529490053653717041e-01,-5.324900895357131958e-02,-5.332460999488830566e-02,-7.229037582874298096e-02,-2.538022994995117188e-01,2.221786677837371826e-01,-1.550774872303009033e-01,4.542517662048339844e-02,1.596990413963794708e-02,3.891640109941363335e-03,-8.849495649337768555e-02,1.424615085124969482e-01,1.802145242691040039e-01,1.570096611976623535e+00,1.252194643020629883e-01,-2.728951163589954376e-03,-2.430083788931369781e-02,-4.612947255373001099e-02,-1.265858113765716553e-01,-5.942769721150398254e-02,1.570700049400329590e+00,-5.290400981903076172e-01,-2.269573807716369629e-01,3.351978957653045654e-03
2.458405792713165283e-01,1.577199250459671021e-02,8.666519522666931152e-01,5.288741085678339005e-03,-1.253313268534839153e-03,-2.303638122975826263e-02,9.997198581695556641e-01,1.549484860152006149e-02,4.046732559800148010e-02,2.160317599773406982e-01,1.575091183185577393e-01,-1.538720130920410156e-01,-5.313617736101150513e-02,-5.320629104971885681e-02,-7.238107919692993164e-02,-2.539556324481964111e-01,2.229827195405960083e-01,-1.557011753320693970e-01,4.545725882053375244e-02,1.607658527791500092e-02,2.970566041767597198e-03,-8.904601633548736572e-02,1.436706334352493286e-01,1.820970028638839722e-01,1.569960236549377441e+00,1.299932003021240234e-01,3.433196106925606728e-03,-2.693969942629337311e-02,-4.671378061175346375e-02,-1.279312968254089355e-01,-5.829798430204391479e-02,1.570700049400329590e+00,-5.333623290061950684e-01,-2.263423502445220947e-01,3.654291387647390366e-03
2.459496110677719116e-01,1.569095812737941742e-02,8.666355013847351074e-01,5.326534155756235123e-03,-1.258307835087180138e-03,-2.296116575598716736e-02,9.997213482856750488e-01,1.521886885166168213e-02,4.057835415005683899e-02,2.156432569026947021e-01,1.583165228366851807e-01,-1.544476598501205444e-01,-5.337874591350555420e-02,-5.358486995100975037e-02,-7.239436358213424683e-02,-2.539756298065185547e-01,2.237460762262344360e-01,-1.562755256891250610e-01,4.542532190680503845e-02,1.592119783163070679e-02,2.368197776377201080e-03,-9.055288136005401611e-02,1.446078121662139893e-01,1.821097433567047119e-01,1.569896817207336426e+00,1.324709802865982056e-01,1.116493344306945801e-02,-2.950012683868408203e-02,-4.733546823263168335e-02,-1.298358887434005737e-01,-5.784449353814125061e-02,1.570700049400329590e+00,-5.371640324592590332e-01,-2.264005243778228760e-01,2.954959170892834663e-03
2.457931190729141235e-01,1.559832040220499039e-02,8.665382266044616699e-01,5.355210509151220322e-03,-1.260829041711986065e-03,-2.301270328462123871e-02,9.997200369834899902e-01,1.457266416400671005e-02,4.072910547256469727e-02,2.154558002948760986e-01,1.593105792999267578e-01,-1.548720896244049072e-01,-5.337558314204216003e-02,-5.429263040423393250e-02,-7.260785996913909912e-02,-2.539316713809967041e-01,2.253029942512512207e-01,-1.568420976400375366e-01,4.526891186833381653e-02,1.584580913186073303e-02,1.958697801455855370e-03,-9.267943352460861206e-02,1.453137248754501343e-01,1.817821562290191650e-01,1.570107340812683105e+00,1.329401582479476929e-01,1.691599562764167786e-02,-3.099738992750644684e-02,-4.806011915206909180e-02,-1.320398896932601929e-01,-5.879732221364974976e-02,1.570700049400329590e+00,-5.425307154655456543e-01,-2.264347672462463379e-01,2.086839871481060982e-03
2.457084208726882935e-01,1.551362592726945877e-02,8.665105700492858887e-01,5.386454518884420395e-03,-1.263217185623943806e-03,-2.295225299894809723e-02,9.997212290763854980e-01,1.346798613667488098e-02,4.096849635243415833e-02,2.154424339532852173e-01,1.612139940261840820e-01,-1.555084586143493652e-01,-5.346240475773811340e-02,-5.518460646271705627e-02,-7.288384437561035156e-02,-2.544394135475158691e-01,2.269900888204574585e-01,-1.577918380498886108e-01,4.515539109706878662e-02,1.520788017660379410e-02,1.715860329568386078e-03,-9.442593902349472046e-02,1.462330520153045654e-01,1.833691596984863281e-01,1.570366978645324707e+00,1.340455114841461182e-01,1.915553025901317596e-02,-3.104040399193763733e-02,-4.874600842595100403e-02,-1.339237540960311890e-01,-6.013039126992225647e-02,1.570700049400329590e+00,-5.454574823379516602e-01,-2.243541479110717773e-01,1.444207271561026573e-03
2.455269694328308105e-01,1.559005863964557648e-02,8.664778470993041992e-01,5.366071127355098724e-03,-1.179276267066597939e-03,-2.303628064692020416e-02,9.997195601463317871e-01,1.224356051534414291e-02,4.131828993558883667e-02,2.156745195388793945e-01,1.631611138582229614e-01,-1.563754677772521973e-01,-5.334952101111412048e-02,-5.626073479652404785e-02,-7.309029251337051392e-02,-2.549888193607330322e-01,2.285199612379074097e-01,-1.582340300083160400e-01,4.525161162018775940e-02,1.433253567665815353e-02,1.403517904691398144e-03,-9.555242955684661865e-02,1.476177126169204712e-01,1.857861429452896118e-01,1.570490479469299316e+00,1.353896856307983398e-01,1.888803765177726746e-02,-3.009186498820781708e-02,-4.907667636871337891e-02,-1.351141929626464844e-01,-5.955883860588073730e-02,1.570700049400329590e+00,-5.441031455993652344e-01,-2.205695658922195435e-01,8.171682711690664291e-04
2.453507184982299805e-01,1.551670953631401062e-02,8.663620948791503906e-01,5.380756687372922897e-03,-1.009180326946079731e-03,-2.320328727364540100e-02,9.997158050537109375e-01,1.102701947093009949e-02,4.143257066607475281e-02,2.160966843366622925e-01,1.649204641580581665e-01,-1.570814549922943115e-01,-5.335860326886177063e-02,-5.744413286447525024e-02,-7.337323576211929321e-02,-2.558505833148956299e-01,2.298410981893539429e-01,-1.587277650833129883e-01,4.515640065073966980e-02,1.344241760671138763e-02,1.528845401480793953e-03,-9.587656706571578979e-02,1.482845544815063477e-01,1.865626871585845947e-01,1.570475459098815918e+00,1.352854371070861816e-01,1.746430806815624237e-02,-2.930869720876216888e-02,-4.912129789590835571e-02,-1.361931115388870239e-01,-5.745812505483627319e-02,1.570700049400329590e+00,-5.423281192779541016e-01,-2.169894278049468994e-01,-2.671352995093911886e-04
2.451032251119613647e-01,1.543218642473220825e-02,8.663304448127746582e-01,5.403877701610326767e-03,-8.409513393417000771e-04,-2.332036569714546204e-02,9.997130632400512695e-01,9.478056803345680237e-03,4.176886007189750671e-02,2.166913300752639771e-01,1.665161401033401489e-01,-1.576202362775802612e-01,-5.357211083173751831e-02,-5.906805023550987244e-02,-7.361468672752380371e-02,-2.568287253379821777e-01,2.315339893102645874e-01,-1.592543274164199829e-01,4.509044811129570007e-02,1.279718056321144104e-02,1.477275625802576542e-03,-9.572606533765792847e-02,1.488723754882812500e-01,1.855759918689727783e-01,1.570670008659362793e+00,1.338971257209777832e-01,1.619327627122402191e-02,-2.845804765820503235e-02,-4.919641837477684021e-02,-1.371297985315322876e-01,-5.521379783749580383e-02,1.570700049400329590e+00,-5.441820621490478516e-01,-2.163411825895309448e-01,-1.156270271167159081e-03
2.447212785482406616e-01,1.533978246152400970e-02,8.662913441658020020e-01,5.423428956419229507e-03,-6.688056746497750282e-04,-2.340573817491531372e-02,9.997110962867736816e-01,7.808933965861797333e-03,4.206183925271034241e-02,2.170097529888153076e-01,1.682128608226776123e-01,-1.580933481454849243e-01,-5.358976125717163086e-02,-6.080516800284385681e-02,-7.400196045637130737e-02,-2.579538226127624512e-01,2.332784831523895264e-01,-1.598185002803802490e-01,4.488757252693176270e-02,1.243536267429590225e-02,1.082539325580000877e-03,-9.526315331459045410e-02,1.491339951753616333e-01,1.820652931928634644e-01,1.570522546768188477e+00,1.324107646942138672e-01,1.393127162009477615e-02,-2.775421366095542908e-02,-4.890235140919685364e-02,-1.372040808200836182e-01,-5.336276441812515259e-02,1.570700049400329590e+00,-5.490511059761047363e-01,-2.181194573640823364e-01,-1.059227390214800835e-03
2.443425953388214111e-01,1.525197643786668777e-02,8.662521243095397949e-01,5.517188925296068192e-03,-5.820316146127879620e-04,-2.349158003926277161e-02,9.997086524963378906e-01,6.377655547112226486e-03,4.236505180597305298e-02,2.175001353025436401e-01,1.696976423263549805e-01,-1.582438200712203979e-01,-5.362556502223014832e-02,-6.207573041319847107e-02,-7.437302172183990479e-02,-2.587441205978393555e-01,2.349757701158523560e-01,-1.601164489984512329e-01,4.468779265880584717e-02,1.225904934108257294e-02,1.233009854331612587e-03,-9.447070956230163574e-02,1.484152227640151978e-01,1.781060248613357544e-01,1.570599317550659180e+00,1.303910613059997559e-01,1.166752446442842484e-02,-2.732358872890472412e-02,-4.833177477121353149e-02,-1.373910009860992432e-01,-5.115730687975883484e-02,1.570700049400329590e+00,-5.511032938957214355e-01,-2.173457741737365723e-01,-6.226198165677487850e-04
2.439745962619781494e-01,1.508852187544107437e-02,8.662120103836059570e-01,5.579202901571989059e-03,-4.968767752870917320e-04,-2.361518144607543945e-02,9.997054338455200195e-01,5.332307424396276474e-03,4.246832057833671570e-02,2.182462364435195923e-01,1.707008183002471924e-01,-1.583154052495956421e-01,-5.385172739624977112e-02,-6.368127465248107910e-02,-7.443315535783767700e-02,-2.591446638107299805e-01,2.364758253097534180e-01,-1.605619639158248901e-01,4.443554952740669250e-02,1.180895883589982986e-02,1.107993070036172867e-03,-9.312605112791061401e-02,1.478410959243774414e-01,1.763376593589782715e-01,1.570693731307983398e+00,1.281423717737197876e-01,8.890539407730102539e-03,-2.750660479068756104e-02,-4.734927043318748474e-02,-1.374167203903198242e-01,-4.930826649069786072e-02,1.570700049400329590e+00,-5.493777394294738770e-01,-2.135451138019561768e-01,-3.498925943858921528e-04
2.435459792613983154e-01,1.499559264630079269e-02,8.661860823631286621e-01,5.655718501657247543e-03,-3.253609465900808573e-04,-2.370299212634563446e-02,9.997029900550842285e-01,4.097698722034692764e-03,4.276926070451736450e-02,2.186683118343353271e-01,1.716779768466949463e-01,-1.583409011363983154e-01,-5.394002050161361694e-02,-6.526175141334533691e-02,-7.475168257951736450e-02,-2.591166198253631592e-01,2.382713258266448975e-01,-1.607954055070877075e-01,4.404392465949058533e-02,1.163413468748331070e-02,1.122050569392740726e-03,-9.173908829689025879e-02,1.468106806278228760e-01,1.759875118732452393e-01,1.570699930191040039e+00,1.272844523191452026e-01,5.932148080319166183e-03,-2.737869508564472198e-02,-4.578622430562973022e-02,-1.377032697200775146e-01,-4.896324127912521362e-02,1.570700049400329590e+00,-5.479179620742797852e-01,-2.105037719011306763e-01,6.431232322938740253e-04
2.431849986314773560e-01,1.483024470508098602e-02,8.661550879478454590e-01,5.722007714211940765e-03,-2.414612827124074101e-04,-2.385324798524379730e-02,9.996990561485290527e-01,2.651905175298452377e-03,4.283486306667327881e-02,2.189893871545791626e-01,1.729499399662017822e-01,-1.584863960742950439e-01,-5.404874682426452637e-02,-6.689839810132980347e-02,-7.505412399768829346e-02,-2.590059638023376465e-01,2.400315254926681519e-01,-1.610877662897109985e-01,4.381522908806800842e-02,1.158293150365352631e-02,1.157210557721555233e-03,-9.026624262332916260e-02,1.453333348035812378e-01,1.763446629047393799e-01,1.570700049400329590e+00,1.280423253774642944e-01,2.325116423889994621e-03,-2.713572047650814056e-02,-4.457084089517593384e-02,-1.379064023494720459e-01,-4.984769970178604126e-02,1.570700049400329590e+00,-5.480995178222656250e-01,-2.091658562421798706e-01,1.928414916619658470e-03
2.428082972764968872e-01,1.482152845710515976e-02,8.661259412765502930e-01,5.777572281658649445e-03,-2.374089381191879511e-04,-2.411478385329246521e-02,9.996924996376037598e-01,1.951801008544862270e-03,4.297816380858421326e-02,2.193417549133300781e-01,1.739265173673629761e-01,-1.583234518766403198e-01,-5.406384170055389404e-02,-6.797929853200912476e-02,-7.508666068315505981e-02,-2.585826218128204346e-01,2.411108016967773438e-01,-1.613847613334655762e-01,4.370206966996192932e-02,1.193293556571006775e-02,1.047381549142301083e-03,-8.817394077777862549e-02,1.441971361637115479e-01,1.763211786746978760e-01,1.570700049400329590e+00,1.285719871520996094e-01,-2.991622604895383120e-04,-2.693093940615653992e-02,-4.264025390148162842e-02,-1.378553956747055054e-01,-4.990494996309280396e-02,1.570700049400329590e+00,-5.482256412506103516e-01,-2.088174223899841309e-01,2.212139312177896500e-03
2.426212430000305176e-01,1.482045184820890427e-02,8.661146163940429688e-01,5.794804543256759644e-03,-1.515846815891563892e-04,-2.451372705399990082e-02,9.996826648712158203e-01,1.488177920691668987e-03,4.295214638113975525e-02,2.199340760707855225e-01,1.740564852952957153e-01,-1.583505421876907349e-01,-5.406132712960243225e-02,-6.867317855358123779e-02,-7.515763491392135620e-02,-2.578404843807220459e-01,2.414042502641677856e-01,-1.612848192453384399e-01,4.349039122462272644e-02,1.238072104752063751e-02,1.013353001326322556e-03,-8.632275462150573730e-02,1.425398141145706177e-01,1.752535849809646606e-01,1.570700049400329590e+00,1.289276480674743652e-01,-1.825184212066233158e-03,-2.696570754051208496e-02,-4.110779240727424622e-02,-1.379485577344894409e-01,-4.961402714252471924e-02,1.570700049400329590e+00,-5.480479598045349121e-01,-2.082391083240509033e-01,1.739726169034838676e-03
2.424397617578506470e-01,1.482450310140848160e-02,8.661105632781982422e-01,5.805838853120803833e-03,-1.483693631598725915e-04,-2.484036795794963837e-02,9.996745586395263672e-01,1.532142283394932747e-03,4.278928041458129883e-02,2.205175757408142090e-01,1.737209111452102661e-01,-1.581346094608306885e-01,-5.390379577875137329e-02,-6.907307356595993042e-02,-7.509855180978775024e-02,-2.572249174118041992e-01,2.415597140789031982e-01,-1.609901189804077148e-01,4.350404068827629089e-02,1.285530440509319305e-02,9.877680568024516106e-04,-8.489532023668289185e-02,1.413906812667846680e-01,1.735010743141174316e-01,1.570700049400329590e+00,1.291300505399703979e-01,-2.246244112029671669e-03,-2.680565789341926575e-02,-3.940667957067489624e-02,-1.382175534963607788e-01,-4.929581657052040100e-02,1.570700049400329590e+00,-5.470790863037109375e-01,-2.081009298563003540e-01,1.791032264009118080e-03
2.423573732376098633e-01,1.482482906430959702e-02,8.661203980445861816e-01,5.840638186782598495e-03,-1.476962206652387977e-04,-2.510495483875274658e-02,9.996677637100219727e-01,1.852938323281705379e-03,4.288117215037345886e-02,2.211915999650955200e-01,1.731964498758316040e-01,-1.577647477388381958e-01,-5.392158776521682739e-02,-6.907174736261367798e-02,-7.510352134704589844e-02,-2.566700875759124756e-01,2.413172721862792969e-01,-1.606886386871337891e-01,4.350984096527099609e-02,1.320899277925491333e-02,7.464842638000845909e-04,-8.416160941123962402e-02,1.405880302190780640e-01,1.715733259916305542e-01,1.570700049400329590e+00,1.283866018056869507e-01,-2.637297613546252251e-03,-2.643952146172523499e-02,-3.794925287365913391e-02,-1.380059719085693359e-01,-4.964360967278480530e-02,1.570700049400329590e+00,-5.458648204803466797e-01,-2.087855935096740723e-01,1.648076577112078667e-03
2.423623204231262207e-01,1.481332257390022278e-02,8.661251664161682129e-01,5.847758613526821136e-03,-6.233384920051321387e-05,-2.533228509128093719e-02,9.996619820594787598e-01,2.038934500887989998e-03,4.273143410682678223e-02,2.215824276208877563e-01,1.725081503391265869e-01,-1.574344336986541748e-01,-5.401561036705970764e-02,-6.929703056812286377e-02,-7.498696446418762207e-02,-2.562487125396728516e-01,2.407813668251037598e-01,-1.604542285203933716e-01,4.345148429274559021e-02,1.349101215600967407e-02,7.328706560656428337e-04,-8.394550532102584839e-02,1.403934508562088013e-01,1.700325906276702881e-01,1.570700049400329590e+00,1.266163587570190430e-01,-3.309885971248149872e-03,-2.583797462284564972e-02,-3.683990240097045898e-02,-1.381534785032272339e-01,-4.984118416905403137e-02,1.570700049400329590e+00,-5.453633069992065430e-01,-2.091969549655914307e-01,9.944377234205603600e-04
2.422893196344375610e-01,1.481801271438598633e-02,8.662123680114746094e-01,5.850728601217269897e-03,-6.377544923452660441e-05,-2.562885358929634094e-02,9.996544122695922852e-01,2.317996695637702942e-03,4.265684261918067932e-02,2.220726758241653442e-01,1.720442622900009155e-01,-1.570700854063034058e-01,-5.400823056697845459e-02,-6.924118101596832275e-02,-7.494985312223434448e-02,-2.558418810367584229e-01,2.405419945716857910e-01,-1.601594388484954834e-01,4.342435672879219055e-02,1.356315892189741135e-02,7.278672419488430023e-04,-8.332786709070205688e-02,1.404360979795455933e-01,1.695008724927902222e-01,1.570700049400329590e+00,1.256985664367675781e-01,-3.316362155601382256e-03,-2.621481195092201233e-02,-3.604730218648910522e-02,-1.381711959838867188e-01,-5.021683126688003540e-02,1.570700049400329590e+00,-5.456451773643493652e-01,-2.089883238077163696e-01,6.914641708135604858e-04
2.421554028987884521e-01,1.481894124299287796e-02,8.662175536155700684e-01,5.858591292053461075e-03,1.913135747599881142e-05,-2.588063478469848633e-02,9.996478557586669922e-01,2.182716736570000648e-03,4.262364283204078674e-02,2.223714143037796021e-01,1.718066632747650146e-01,-1.568586528301239014e-01,-5.388040095567703247e-02,-6.966028362512588501e-02,-7.494816929101943970e-02,-2.552017867565155029e-01,2.404982149600982666e-01,-1.598791629076004028e-01,4.342674463987350464e-02,1.388940028846263885e-02,7.182198460213840008e-04,-8.283758163452148438e-02,1.407013088464736938e-01,1.689717024564743042e-01,1.570700049400329590e+00,1.260569542646408081e-01,-1.972227357327938080e-03,-2.664354071021080017e-02,-3.553785011172294617e-02,-1.382121890783309937e-01,-5.110887438058853149e-02,1.570700049400329590e+00,-5.452361106872558594e-01,-2.091197669506072998e-01,2.156425180146470666e-04
2.418949156999588013e-01,1.475318241864442825e-02,8.662202358245849609e-01,5.875768139958381653e-03,2.032946576946415007e-05,-2.608645707368850708e-02,9.996424317359924316e-01,2.024113899096846581e-03,4.261882230639457703e-02,2.229500114917755127e-01,1.716985851526260376e-01,-1.566113680601119995e-01,-5.387896671891212463e-02,-7.020937651395797729e-02,-7.509925216436386108e-02,-2.547716200351715088e-01,2.406473308801651001e-01,-1.596476733684539795e-01,4.317882657051086426e-02,1.430268865078687668e-02,6.850514328107237816e-04,-8.247207105159759521e-02,1.409969478845596313e-01,1.687836498022079468e-01,1.570700049400329590e+00,1.272163987159729004e-01,8.641731110401451588e-04,-2.634950913488864899e-02,-3.553640469908714294e-02,-1.378879249095916748e-01,-5.112081021070480347e-02,1.570700049400329590e+00,-5.450709462165832520e-01,-2.095080018043518066e-01,-3.304325582575984299e-05
