8.230838179588317871e-01,-2.270561695098876953e+00,4.418767988681793213e-02,-1.040588766336441040e-01,-6.800587177276611328e-01,-1.534227281808853149e-01,7.093330025672912598e-01,-1.367871016263961792e-01,2.282502353191375732e-01,5.651082992553710938e-01,2.183493673801422119e-01,5.376385524868965149e-03,-2.264893800020217896e-01,-2.407971471548080444e-01,-3.089735209941864014e-01,-2.033231705427169800e-01,3.435966968536376953e-01,-3.614622056484222412e-01,8.211054652929306030e-02,4.134612157940864563e-02,-1.117203850299119949e-02,3.358354866504669189e-01,1.066023826599121094e+00,2.275107055902481079e-01,1.179013371467590332e+00,2.476392984390258789e-01,6.618315577507019043e-01,2.196252048015594482e-01,3.297448456287384033e-01,-1.186348080635070801e+00,-3.798431158065795898e-01,1.241661429405212402e+00,9.700492620468139648e-01,-6.596644520759582520e-01,-2.159263193607330322e-01
8.230795264244079590e-01,-2.271015167236328125e+00,4.457537084817886353e-02,-1.032828539609909058e-01,-6.805200576782226562e-01,-1.544450074434280396e-01,7.087818980216979980e-01,-1.377747952938079834e-01,2.307155430316925049e-01,5.644431114196777344e-01,2.258688062429428101e-01,-1.136822625994682312e-03,-2.292076647281646729e-01,-2.443894147872924805e-01,-3.099893629550933838e-01,-2.074148058891296387e-01,3.512036502361297607e-01,-3.623054325580596924e-01,8.061955869197845459e-02,4.164232686161994934e-02,-1.120773795992136002e-02,3.397275805473327637e-01,1.065287470817565918e+00,2.321064770221710205e-01,1.192500829696655273e+00,2.288442552089691162e-01,6.805031299591064453e-01,2.370481789112091064e-01,3.246203362941741943e-01,-1.183101892471313477e+00,-3.780319690704345703e-01,1.238816976547241211e+00,9.706032872200012207e-01,-6.656895279884338379e-01,-2.198544442653656006e-01
8.232316970825195312e-01,-2.271986246109008789e+00,4.468288272619247437e-02,-1.026893705129623413e-01,-6.806315183639526367e-01,-1.557496637105941772e-01,7.084755897521972656e-01,-1.451949030160903931e-01,2.371022850275039673e-01,5.595772266387939453e-01,2.465298771858215332e-01,-1.697412505745887756e-02,-2.329154908657073975e-01,-2.531395256519317627e-01,-3.080866634845733643e-01,-2.028906643390655518e-01,3.667134344577789307e-01,-3.668716549873352051e-01,7.996860891580581665e-02,4.083658754825592041e-02,-1.149718370288610458e-02,3.435349464416503906e-01,1.065991044044494629e+00,2.424369007349014282e-01,1.219147682189941406e+00,1.837774366140365601e-01,7.191290855407714844e-01,2.702442109584808350e-01,3.170780837535858154e-01,-1.182161450386047363e+00,-3.634787797927856445e-01,1.232694387435913086e+00,9.756647348403930664e-01,-6.794106960296630859e-01,-2.254533916711807251e-01
8.234521150588989258e-01,-2.272921562194824219e+00,4.480660706758499146e-02,-1.032081916928291321e-01,-6.806631684303283691e-01,-1.560606211423873901e-01,7.083013653755187988e-01,-1.549063473939895630e-01,2.434148788452148438e-01,5.490756034851074219e-01,2.699763774871826172e-01,-3.670502081513404846e-02,-2.372105717658996582e-01,-2.602722644805908203e-01,-3.024866282939910889e-01,-1.829118728637695312e-01,3.807401955127716064e-01,-3.749895989894866943e-01,8.265158534049987793e-02,3.828018903732299805e-02,-1.118766050785779953e-02,3.435348570346832275e-01,1.067818403244018555e+00,2.583094537258148193e-01,1.242362260818481445e+00,1.369824260473251343e-01,7.520352005958557129e-01,3.005364239215850830e-01,3.128490447998046875e-01,-1.182171463966369629e+00,-3.494934141635894775e-01,1.228795409202575684e+00,9.840420484542846680e-01,-6.923035979270935059e-01,-2.300851047039031982e-01
8.239301443099975586e-01,-2.273912191390991211e+00,4.457002505660057068e-02,-1.045893877744674683e-01,-6.809121370315551758e-01,-1.561902910470962524e-01,7.078307271003723145e-01,-1.685935407876968384e-01,2.514646649360656738e-01,5.311414003372192383e-01,3.035317659378051758e-01,-7.028442621231079102e-02,-2.423603832721710205e-01,-2.678773105144500732e-01,-2.920162081718444824e-01,-1.475129276514053345e-01,3.976574242115020752e-01,-3.889457881450653076e-01,8.709989488124847412e-02,3.582814708352088928e-02,-9.509325958788394928e-03,3.427559733390808105e-01,1.069487571716308594e+00,2.739864289760589600e-01,1.244777202606201172e+00,6.290886551141738892e-02,7.855743765830993652e-01,3.133264780044555664e-01,3.122949302196502686e-01,-1.182361245155334473e+00,-3.402245342731475830e-01,1.224383950233459473e+00,9.961039423942565918e-01,-7.089003920555114746e-01,-2.376667410135269165e-01
8.244652748107910156e-01,-2.274570226669311523e+00,4.487641528248786926e-02,-1.064186170697212219e-01,-6.811010837554931641e-01,-1.552960425615310669e-01,7.075729966163635254e-01,-1.806476563215255737e-01,2.561170160770416260e-01,5.128558278083801270e-01,3.305535316467285156e-01,-9.462075680494308472e-02,-2.452152818441390991e-01,-2.718988656997680664e-01,-2.813474237918853760e-01,-1.115944012999534607e-01,4.089916348457336426e-01,-3.976337015628814697e-01,9.458024054765701294e-02,3.258578479290008545e-02,-8.393834345042705536e-03,3.427014052867889404e-01,1.070639729499816895e+00,2.819120287895202637e-01,1.235059738159179688e+00,3.455054014921188354e-02,8.018874526023864746e-01,3.016899526119232178e-01,3.159331679344177246e-01,-1.182781815528869629e+00,-3.381782472133636475e-01,1.222228288650512695e+00,1.003409624099731445e+00,-7.189856171607971191e-01,-2.430630326271057129e-01
8.251052498817443848e-01,-2.274935245513916016e+00,4.492565989494323730e-02,-1.088915318250656128e-01,-6.808562874794006348e-01,-1.540729105472564697e-01,7.076997160911560059e-01,-1.951143741607666016e-01,2.602914273738861084e-01,4.907737076282501221e-01,3.587307333946228027e-01,-1.222825795412063599e-01,-2.507706582546234131e-01,-2.764730155467987061e-01,-2.685111463069915771e-01,-6.970266252756118774e-02,4.211761951446533203e-01,-4.072591066360473633e-01,1.004031673073768616e-01,2.843491546809673309e-02,-6.764739751815795898e-03,3.420360684394836426e-01,1.070803999900817871e+00,2.853814363479614258e-01,1.226371526718139648e+00,2.835930138826370239e-02,8.078123331069946289e-01,2.848630845546722412e-01,3.200648725032806396e-01,-1.183025240898132324e+00,-3.390451371669769287e-01,1.220604896545410156e+00,1.010090589523315430e+00,-7.273716330528259277e-01,-2.486473172903060913e-01
8.258595466613769531e-01,-2.275005102157592773e+00,4.489837959408760071e-02,-1.120442748069763184e-01,-6.804655790328979492e-01,-1.521605551242828369e-01,7.079970240592956543e-01,-2.091242671012878418e-01,2.633615434169769287e-01,4.695003628730773926e-01,3.848670721054077148e-01,-1.508968472480773926e-01,-2.576536834239959717e-01,-2.802114486694335938e-01,-2.555308640003204346e-01,-2.863182500004768372e-02,4.334186017513275146e-01,-4.169194996356964111e-01,1.026937142014503479e-01,2.420211955904960632e-02,-4.722704645246267319e-03,3.380017578601837158e-01,1.071396708488464355e+00,2.808727025985717773e-01,1.220304965972900391e+00,2.633134648203849792e-02,8.110548853874206543e-01,2.694893479347229004e-01,3.279857933521270752e-01,-1.183531284332275391e+00,-3.433108925819396973e-01,1.220415711402893066e+00,1.016783833503723145e+00,-7.334218621253967285e-01,-2.537405192852020264e-01
8.265846967697143555e-01,-2.274910449981689453e+00,4.524692893028259277e-02,-1.158313751220703125e-01,-6.805386543273925781e-01,-1.491232067346572876e-01,7.079635858535766602e-01,-2.196443229913711548e-01,2.651993930339813232e-01,4.522877931594848633e-01,4.070417284965515137e-01,-1.774714440107345581e-01,-2.616528570652008057e-01,-2.797895669937133789e-01,-2.442829310894012451e-01,6.806775927543640137e-03,4.445048570632934570e-01,-4.270740747451782227e-01,1.045108661055564880e-01,2.036770433187484741e-02,-2.761132549494504929e-03,3.298554122447967529e-01,1.072587013244628906e+00,2.673559784889221191e-01,1.218744754791259766e+00,1.999307796359062195e-02,8.178299665451049805e-01,2.640749514102935791e-01,3.435792922973632812e-01,-1.183466553688049316e+00,-3.550603687763214111e-01,1.221978664398193359e+00,1.021723389625549316e+00,-7.367626428604125977e-01,-2.582378685474395752e-01
8.271172642707824707e-01,-2.274774551391601562e+00,4.531065374612808228e-02,-1.199009642004966736e-01,-6.799281835556030273e-01,-1.457124650478363037e-01,7.085826396942138672e-01,-2.293998897075653076e-01,2.667524516582489014e-01,4.408993124961853027e-01,4.233770370483398438e-01,-2.002920508384704590e-01,-2.625686228275299072e-01,-2.803155481815338135e-01,-2.340053915977478027e-01,3.688818588852882385e-02,4.549319446086883545e-01,-4.374474883079528809e-01,1.031396165490150452e-01,1.509759481996297836e-02,-9.614389273338019848e-04,3.198475539684295654e-01,1.072963953018188477e+00,2.531350255012512207e-01,1.219872713088989258e+00,1.142241526395082474e-02,8.224167227745056152e-01,2.627957761287689209e-01,3.575054705142974854e-01,-1.183136224746704102e+00,-3.669036626815795898e-01,1.225324034690856934e+00,1.024560928344726562e+00,-7.374700307846069336e-01,-2.613147199153900146e-01
8.276129364967346191e-01,-2.274489879608154297e+00,4.534707218408584595e-02,-1.237011849880218506e-01,-6.791943907737731934e-01,-1.421576291322708130e-01,7.093547582626342773e-01,-2.359603494405746460e-01,2.675832509994506836e-01,4.357327222824096680e-01,4.333957433700561523e-01,-2.193123102188110352e-01,-2.639178335666656494e-01,-2.813497483730316162e-01,-2.258782684803009033e-01,6.144099682569503784e-02,4.656222462654113770e-01,-4.480303823947906494e-01,9.679847955703735352e-02,8.880793116986751556e-03,8.670070674270391464e-04,3.110485970973968506e-01,1.072543501853942871e+00,2.384250313043594360e-01,1.222736835479736328e+00,8.180258795619010925e-03,8.192588686943054199e-01,2.631943821907043457e-01,3.696150183677673340e-01,-1.183677673339843750e+00,-3.769756853580474854e-01,1.229084610939025879e+00,1.026431798934936523e+00,-7.365111112594604492e-01,-2.630846798419952393e-01
8.281047344207763672e-01,-2.274266719818115234e+00,4.542994499206542969e-02,-1.267094612121582031e-01,-6.785518527030944824e-01,-1.385993510484695435e-01,7.101424336433410645e-01,-2.406434416770935059e-01,2.676156163215637207e-01,4.348953068256378174e-01,4.401769042015075684e-01,-2.342532277107238770e-01,-2.651721835136413574e-01,-2.834468483924865723e-01,-2.191105335950851440e-01,8.303187042474746704e-02,4.782979190349578857e-01,-4.601831734180450439e-01,8.382124453783035278e-02,2.383865183219313622e-03,1.412929035723209381e-03,3.046472072601318359e-01,1.071865081787109375e+00,2.260987907648086548e-01,1.223619103431701660e+00,1.234367303550243378e-02,8.117434382438659668e-01,2.615592181682586670e-01,3.794542551040649414e-01,-1.184505820274353027e+00,-3.860275149345397949e-01,1.231778979301452637e+00,1.028876423835754395e+00,-7.347413897514343262e-01,-2.645078599452972412e-01
8.285459280014038086e-01,-2.273500204086303711e+00,4.572870954871177673e-02,-1.283546388149261475e-01,-6.780930161476135254e-01,-1.359173208475112915e-01,7.108033895492553711e-01,-2.424599826335906982e-01,2.663737237453460693e-01,4.381244182586669922e-01,4.427312314510345459e-01,-2.405648529529571533e-01,-2.645579874515533447e-01,-2.873996496200561523e-01,-2.146686762571334839e-01,9.603995829820632935e-02,4.911732077598571777e-01,-4.684788286685943604e-01,7.440983504056930542e-02,-4.176544956862926483e-03,1.202352344989776611e-03,3.040501177310943604e-01,1.070392608642578125e+00,2.218344360589981079e-01,1.223704457283020020e+00,1.402560248970985413e-02,8.098708987236022949e-01,2.620367407798767090e-01,3.805384933948516846e-01,-1.185858130455017090e+00,-3.876839876174926758e-01,1.232280135154724121e+00,1.031186103820800781e+00,-7.336420416831970215e-01,-2.649473547935485840e-01
8.293046355247497559e-01,-2.273178815841674805e+00,4.609657451510429382e-02,-1.301989406347274780e-01,-6.781181693077087402e-01,-1.311672478914260864e-01,7.113361954689025879e-01,-2.437383532524108887e-01,2.648374736309051514e-01,4.486380815505981445e-01,4.487198591232299805e-01,-2.542496323585510254e-01,-2.665430903434753418e-01,-2.975312173366546631e-01,-2.054357677698135376e-01,1.314320415258407593e-01,5.251029729843139648e-01,-4.903086125850677490e-01,4.300794377923011780e-02,-1.787252165377140045e-02,-1.516695250757038593e-03,3.121340274810791016e-01,1.068657755851745605e+00,2.262812852859497070e-01,1.223132491111755371e+00,9.295410476624965668e-03,8.124334216117858887e-01,2.653782367706298828e-01,3.738451898097991943e-01,-1.188634872436523438e+00,-3.805766403675079346e-01,1.230125784873962402e+00,1.035399436950683594e+00,-7.315067648887634277e-01,-2.664374411106109619e-01
8.303480148315429688e-01,-2.273600101470947266e+00,4.696467518806457520e-02,-1.303893327713012695e-01,-6.785421967506408691e-01,-1.283527463674545288e-01,7.114103436470031738e-01,-2.447254806756973267e-01,2.672222256660461426e-01,4.626424610614776611e-01,4.600743949413299561e-01,-2.673438787460327148e-01,-2.664596736431121826e-01,-3.148235380649566650e-01,-1.906670033931732178e-01,1.729975044727325439e-01,5.697953104972839355e-01,-5.092399716377258301e-01,2.412818558514118195e-02,-2.944581769406795502e-02,-5.191063042730093002e-03,3.282566368579864502e-01,1.069000601768493652e+00,2.388192713260650635e-01,1.223798990249633789e+00,-1.270630309591069818e-04,8.210834264755249023e-01,2.655906081199645996e-01,3.597578406333923340e-01,-1.191245794296264648e+00,-3.676143884658813477e-01,1.225759506225585938e+00,1.037911176681518555e+00,-7.299695611000061035e-01,-2.682567536830902100e-01
8.312846422195434570e-01,-2.274645328521728516e+00,4.839725047349929810e-02,-1.289571970701217651e-01,-6.794514656066894531e-01,-1.281176209449768066e-01,7.108457088470458984e-01,-2.430687397718429565e-01,2.695767879486083984e-01,4.694040119647979736e-01,4.698585569858551025e-01,-2.777906656265258789e-01,-2.637319564819335938e-01,-3.463719189167022705e-01,-1.667332798242568970e-01,2.167256623506546021e-01,6.373153328895568848e-01,-5.145064592361450195e-01,1.767812483012676239e-02,-3.581232205033302307e-02,-9.208030067384243011e-03,3.492069244384765625e-01,1.071046471595764160e+00,2.572977542877197266e-01,1.226241707801818848e+00,-8.280188776552677155e-03,8.250508904457092285e-01,2.613267004489898682e-01,3.414476513862609863e-01,-1.191864848136901855e+00,-3.506925106048583984e-01,1.221182107925415039e+00,1.038996934890747070e+00,-7.300251126289367676e-01,-2.704795598983764648e-01
8.319755792617797852e-01,-2.275897026062011719e+00,5.049725621938705444e-02,-1.244634836912155151e-01,-6.811196804046630859e-01,-1.312656253576278687e-01,7.094745635986328125e-01,-2.373314946889877319e-01,2.686375975608825684e-01,4.659655094146728516e-01,4.753322601318359375e-01,-2.845091223716735840e-01,-2.572927772998809814e-01,-4.005423486232757568e-01,-1.373339146375656128e-01,2.384734898805618286e-01,7.367613911628723145e-01,-4.976021349430084229e-01,2.856764383614063263e-02,-3.367939963936805725e-02,-1.444931607693433762e-02,3.709828555583953857e-01,1.072787165641784668e+00,2.847834825515747070e-01,1.233994483947753906e+00,-8.774681016802787781e-03,8.219513893127441406e-01,2.542874217033386230e-01,3.187021911144256592e-01,-1.190700054168701172e+00,-3.289329707622528076e-01,1.217413902282714844e+00,1.037831544876098633e+00,-7.301108241081237793e-01,-2.713889479637145996e-01
8.344331979751586914e-01,-2.276933908462524414e+00,5.223671346902847290e-02,-1.110929623246192932e-01,-6.845586299896240234e-01,-1.359456926584243774e-01,7.075002193450927734e-01,-2.285799235105514526e-01,2.542001903057098389e-01,4.577649533748626709e-01,4.821845293045043945e-01,-2.919499576091766357e-01,-2.525213956832885742e-01,-4.829448163509368896e-01,-1.174474284052848816e-01,2.310879379510879517e-01,8.723889589309692383e-01,-4.563170671463012695e-01,4.387559369206428528e-02,-1.588566228747367859e-02,-2.968290820717811584e-02,3.881871700286865234e-01,1.068706274032592773e+00,3.240762054920196533e-01,1.241330862045288086e+00,7.864541374146938324e-03,8.195447921752929688e-01,2.450979650020599365e-01,2.977336645126342773e-01,-1.191670894622802734e+00,-3.074366748332977295e-01,1.211749792098999023e+00,1.036262631416320801e+00,-7.399190068244934082e-01,-2.691038846969604492e-01
8.368766307830810547e-01,-2.275997400283813477e+00,5.416259542107582092e-02,-9.715492278337478638e-02,-6.879629492759704590e-01,-1.360802352428436279e-01,7.062224149703979492e-01,-2.207839637994766235e-01,2.247821986675262451e-01,4.399348497390747070e-01,4.837854802608489990e-01,-3.014581501483917236e-01,-2.534276843070983887e-01,-5.755285620689392090e-01,-1.105941906571388245e-01,2.116586416959762573e-01,1.021157503128051758e+00,-3.911804258823394775e-01,4.215524345636367798e-02,3.063168842345476151e-04,-5.574938282370567322e-02,3.833772540092468262e-01,1.056330323219299316e+00,3.784582316875457764e-01,1.244630932807922363e+00,7.931602746248245239e-02,8.327613472938537598e-01,2.437999546527862549e-01,2.879608869552612305e-01,-1.188839673995971680e+00,-2.886550426483154297e-01,1.203603982925415039e+00,1.006555676460266113e+00,-7.700834274291992188e-01,-2.686207592487335205e-01
8.392218351364135742e-01,-2.274664640426635742e+00,5.641182512044906616e-02,-8.662819862365722656e-02,-6.910910010337829590e-01,-1.286714971065521240e-01,7.059266567230224609e-01,-2.185365557670593262e-01,1.873282194137573242e-01,4.134268462657928467e-01,4.889649748802185059e-01,-3.158574700355529785e-01,-2.522005438804626465e-01,-6.652300357818603516e-01,-1.097307726740837097e-01,2.007942348718643188e-01,1.171625614166259766e+00,-3.190898299217224121e-01,3.169013559818267822e-02,3.497775644063949585e-03,-8.791302889585494995e-02,3.726767003536224365e-01,1.032705545425415039e+00,4.240909814834594727e-01,1.222647309303283691e+00,2.250293940305709839e-01,8.674836158752441406e-01,2.922152280807495117e-01,2.877768576145172119e-01,-1.182817578315734863e+00,-2.578499317169189453e-01,1.172189354896545410e+00,9.243816137313842773e-01,-8.471404314041137695e-01,-2.344337552785873413e-01
8.373938798904418945e-01,-2.272163152694702148e+00,6.263707578182220459e-02,-9.095098078250885010e-02,-6.923107504844665527e-01,-1.278053224086761475e-01,7.043433785438537598e-01,-2.099815458059310913e-01,1.826593875885009766e-01,3.962869346141815186e-01,4.881030023097991943e-01,-3.186703622341156006e-01,-2.566227614879608154e-01,-7.078061103820800781e-01,-8.159565180540084839e-02,1.889855712652206421e-01,1.271134614944458008e+00,-2.953702807426452637e-01,4.066783562302589417e-02,-1.693420694209635258e-03,-8.892014622688293457e-02,3.518387377262115479e-01,1.002617001533508301e+00,4.243004620075225830e-01,1.213595747947692871e+00,2.619218528270721436e-01,8.706808090209960938e-01,2.886902093887329102e-01,2.923352420330047607e-01,-1.167856812477111816e+00,-2.254824489355087280e-01,1.134447336196899414e+00,8.939694166183471680e-01,-8.542869687080383301e-01,-2.456571459770202637e-01
8.418645262718200684e-01,-2.272943019866943359e+00,6.239971891045570374e-02,-9.680090844631195068e-02,-6.937370896339416504e-01,-1.074982360005378723e-01,7.055512666702270508e-01,-2.345891594886779785e-01,1.545211374759674072e-01,3.399921655654907227e-01,5.294743776321411133e-01,-3.500477671623229980e-01,-2.710886597633361816e-01,-7.918794751167297363e-01,-7.123980671167373657e-02,2.036267220973968506e-01,1.445572257041931152e+00,-1.982756704092025757e-01,5.299020186066627502e-02,-3.580250591039657593e-02,-1.148694083094596863e-01,3.153485655784606934e-01,9.674316644668579102e-01,3.703917562961578369e-01,1.141551494598388672e+00,5.024769902229309082e-01,8.484572172164916992e-01,4.325677156448364258e-01,2.850726544857025146e-01,-1.145806193351745605e+00,-2.005670815706253052e-01,9.406909942626953125e-01,5.707937479019165039e-01,-9.328402876853942871e-01,-1.420357227325439453e-01
8.436187505722045898e-01,-2.272033929824829102e+00,6.451661139726638794e-02,-1.112453117966651917e-01,-6.936275959014892578e-01,-9.312707930803298950e-02,7.055725455284118652e-01,-2.588999271392822266e-01,1.542117893695831299e-01,3.084473311901092529e-01,5.771679282188415527e-01,-3.654615879058837891e-01,-2.950051426887512207e-01,-8.269441127777099609e-01,-5.669455602765083313e-02,2.051962912082672119e-01,1.560141563415527344e+00,-1.292396187782287598e-01,7.818919420242309570e-02,-6.598708033561706543e-02,-1.156683564186096191e-01,2.607281506061553955e-01,9.265540838241577148e-01,2.787351608276367188e-01,1.077170372009277344e+00,5.850636959075927734e-01,8.248933553695678711e-01,4.959653615951538086e-01,2.426346391439437866e-01,-1.127283453941345215e+00,-1.846646219491958618e-01,7.592127919197082520e-01,2.558642625808715820e-01,-8.811972141265869141e-01,-3.873215988278388977e-02
8.454429507255554199e-01,-2.270733356475830078e+00,6.690641492605209351e-02,-1.216142252087593079e-01,-6.943902373313903809e-01,-7.972142845392227173e-02,7.047529220581054688e-01,-2.822932898998260498e-01,1.571167260408401489e-01,2.987555563449859619e-01,6.331868171691894531e-01,-3.747751712799072266e-01,-3.071374595165252686e-01,-8.391748070716857910e-01,-4.962982237339019775e-02,2.103903442621231079e-01,1.644151806831359863e+00,-1.398730725049972534e-01,9.877406805753707886e-02,-8.573333919048309326e-02,-1.110736876726150513e-01,1.902133226394653320e-01,8.702608942985534668e-01,1.789208352565765381e-01,1.028305530548095703e+00,6.253958940505981445e-01,7.975538372993469238e-01,4.906903505325317383e-01,8.340566605329513550e-02,-1.126736283302307129e+00,-1.323585305362939835e-02,6.310668587684631348e-01,6.508743017911911011e-02,-8.234518170356750488e-01,7.983095943927764893e-03
8.457072973251342773e-01,-2.268581628799438477e+00,6.846126914024353027e-02,-1.303931921720504761e-01,-6.959579586982727051e-01,-7.070419937372207642e-02,7.025958895683288574e-01,-2.991879582405090332e-01,1.729243248701095581e-01,3.107560873031616211e-01,6.859216690063476562e-01,-3.825643658638000488e-01,-3.085850477218627930e-01,-8.222495317459106445e-01,-4.675341024994850159e-02,2.158583253622055054e-01,1.660091996192932129e+00,-2.184982150793075562e-01,1.552563905715942383e-01,-8.705703914165496826e-02,-1.073630303144454956e-01,1.213567554950714111e-01,8.097460865974426270e-01,9.588307142257690430e-02,9.743989706039428711e-01,6.805088520050048828e-01,7.581484317779541016e-01,4.761041700839996338e-01,-1.449188739061355591e-01,-1.109049201011657715e+00,2.494837194681167603e-01,5.473732948303222656e-01,-3.720378875732421875e-02,-7.611088752746582031e-01,2.649273350834846497e-02
8.444920182228088379e-01,-2.265138387680053711e+00,7.035826146602630615e-02,-1.380884051322937012e-01,-6.975169777870178223e-01,-6.254608929157257080e-02,7.003496885299682617e-01,-3.107062578201293945e-01,1.906486600637435913e-01,3.306334018707275391e-01,7.307966351509094238e-01,-3.863454759120941162e-01,-2.848638892173767090e-01,-7.847111225128173828e-01,-4.951853305101394653e-02,2.174854278564453125e-01,1.624548435211181641e+00,-1.582058668136596680e-01,1.668987423181533813e-01,-8.274997025728225708e-02,-1.014859601855278015e-01,8.405192196369171143e-02,7.316685318946838379e-01,7.820995151996612549e-02,9.011151194572448730e-01,7.625623941421508789e-01,6.780445575714111328e-01,4.346328675746917725e-01,-4.016001522541046143e-01,-1.059384107589721680e+00,5.817388892173767090e-01,4.971633255481719971e-01,-1.008251309394836426e-01,-7.398532629013061523e-01,6.433642655611038208e-02
8.427678346633911133e-01,-2.261664628982543945e+00,7.273602485656738281e-02,-1.479083746671676636e-01,-6.986812353134155273e-01,-5.544962361454963684e-02,6.977771520614624023e-01,-3.216057419776916504e-01,2.169794440269470215e-01,3.536823689937591553e-01,7.764503359794616699e-01,-3.881501555442810059e-01,-2.619861662387847900e-01,-7.405913472175598145e-01,-5.235802754759788513e-02,2.177569568157196045e-01,1.566667556762695312e+00,-4.625712335109710693e-02,2.265008538961410522e-01,-7.252202928066253662e-02,-9.170586615800857544e-02,7.344280928373336792e-02,6.492106914520263672e-01,9.320215135812759399e-02,8.141227364540100098e-01,8.615304827690124512e-01,5.977713465690612793e-01,3.790441751480102539e-01,-6.068000197410583496e-01,-9.581423997879028320e-01,8.533862233161926270e-01,4.801589548587799072e-01,-1.440256088972091675e-01,-7.331706285476684570e-01,9.153260290622711182e-02
8.415919542312622070e-01,-2.258916854858398438e+00,7.578894495964050293e-02,-1.593007147312164307e-01,-6.986125111579895020e-01,-4.695552960038185120e-02,6.959590911865234375e-01,-3.382927179336547852e-01,2.474370002746582031e-01,3.768113851547241211e-01,8.291984200477600098e-01,-3.928504288196563721e-01,-2.404557168483734131e-01,-7.077956795692443848e-01,-5.416250228881835938e-02,2.120288908481597900e-01,1.541723012924194336e+00,-1.293381024152040482e-02,2.605335414409637451e-01,-6.256051361560821533e-02,-8.204829692840576172e-02,8.905521035194396973e-02,5.676186084747314453e-01,1.590624004602432251e-01,7.056955695152282715e-01,9.942670464515686035e-01,4.938778281211853027e-01,3.085200786590576172e-01,-7.633470892906188965e-01,-8.159130215644836426e-01,1.084703326225280762e+00,4.985542893409729004e-01,-2.006733268499374390e-01,-7.357427477836608887e-01,1.128288879990577698e-01
8.413597345352172852e-01,-2.256351709365844727e+00,8.043485134840011597e-02,-1.706934422254562378e-01,-6.979450583457946777e-01,-3.509933128952980042e-02,6.946254372596740723e-01,-3.570766448974609375e-01,2.766182720661163330e-01,3.971470296382904053e-01,8.867262005805969238e-01,-3.966279029846191406e-01,-2.229468524456024170e-01,-6.837705373764038086e-01,-6.612048298120498657e-02,1.989208757877349854e-01,1.545636296272277832e+00,-4.923887923359870911e-02,2.680588662624359131e-01,-5.243721976876258850e-02,-7.649936527013778687e-02,1.204245090484619141e-01,4.823291897773742676e-01,2.548754215240478516e-01,5.886519551277160645e-01,1.095836043357849121e+00,3.930948078632354736e-01,2.306082695722579956e-01,-8.635702133178710938e-01,-6.419233679771423340e-01,1.244000911712646484e+00,5.435495972633361816e-01,-2.590853273868560791e-01,-7.124623656272888184e-01,1.254314780235290527e-01
8.406608104705810547e-01,-2.252719163894653320e+00,8.718115091323852539e-02,-1.840158402919769287e-01,-6.966214776039123535e-01,-2.075584977865219116e-02,6.931276321411132812e-01,-3.748002648353576660e-01,3.035837411880493164e-01,4.081809222698211670e-01,9.423201084136962891e-01,-3.995895683765411377e-01,-2.004854381084442139e-01,-6.496917009353637695e-01,-8.327495306730270386e-02,1.788395792245864868e-01,1.543238997459411621e+00,-8.694584667682647705e-02,2.676154971122741699e-01,-3.971036896109580994e-02,-7.225626707077026367e-02,1.707045137882232666e-01,3.826117813587188721e-01,3.869076371192932129e-01,4.543554186820983887e-01,1.168095707893371582e+00,3.063609004020690918e-01,1.384962499141693115e-01,-9.304863214492797852e-01,-4.540612101554870605e-01,1.374150633811950684e+00,5.963940024375915527e-01,-2.841413617134094238e-01,-6.935507059097290039e-01,1.218442842364311218e-01
8.395864963531494141e-01,-2.246938228607177734e+00,9.429711103439331055e-02,-1.993270814418792725e-01,-6.938336491584777832e-01,-6.606976967304944992e-03,6.919681429862976074e-01,-3.968242108821868896e-01,3.333284258842468262e-01,4.162242412567138672e-01,9.999621510505676270e-01,-4.026152193546295166e-01,-1.669981479644775391e-01,-6.065765023231506348e-01,-9.638169407844543457e-02,1.587466448545455933e-01,1.518934249877929688e+00,-9.035698324441909790e-02,2.844222187995910645e-01,-2.305036038160324097e-02,-6.446211040019989014e-02,2.069092392921447754e-01,2.908932864665985107e-01,4.357916712760925293e-01,3.713184297084808350e-01,1.188712954521179199e+00,2.854405343532562256e-01,1.137980595231056213e-01,-9.727318286895751953e-01,-2.681624889373779297e-01,1.479341149330139160e+00,6.352736949920654297e-01,-2.792370021343231201e-01,-6.695585846900939941e-01,9.791471064090728760e-02
8.399254679679870605e-01,-2.240631103515625000e+00,1.005441695451736450e-01,-2.232663333415985107e-01,-6.870721578598022461e-01,7.721484173089265823e-03,6.913930773735046387e-01,-4.426174163818359375e-01,3.732405602931976318e-01,4.061214327812194824e-01,1.074895381927490234e+00,-4.197725653648376465e-01,-1.155301555991172791e-01,-5.650115609169006348e-01,-1.009638011455535889e-01,1.254286617040634155e-01,1.491760611534118652e+00,-9.335993230342864990e-02,3.125217258930206299e-01,-8.547957055270671844e-03,-4.896469041705131531e-02,2.286369949579238892e-01,2.122303545475006104e-01,4.890751838684082031e-01,2.929851710796356201e-01,1.247100949287414551e+00,2.617078423500061035e-01,1.122462674975395203e-01,-1.002916574478149414e+00,-1.007282137870788574e-01,1.539797663688659668e+00,6.519291400909423828e-01,-3.172474801540374756e-01,-6.340159177780151367e-01,6.018575280904769897e-02
8.405498862266540527e-01,-2.232158660888671875e+00,1.068505793809890747e-01,-2.501243352890014648e-01,-6.773222684860229492e-01,2.484229207038879395e-02,6.914153695106506348e-01,-4.981918632984161377e-01,4.055138826370239258e-01,3.861878812313079834e-01,1.148107290267944336e+00,-4.378708302974700928e-01,-5.969597399234771729e-02,-5.242843031883239746e-01,-1.096405610442161560e-01,8.454231917858123779e-02,1.467592835426330566e+00,-1.161309257149696350e-01,3.310728967189788818e-01,6.792298518121242523e-03,-3.271451964974403381e-02,2.004736959934234619e-01,1.432419419288635254e-01,5.452767610549926758e-01,2.570265829563140869e-01,1.374560952186584473e+00,2.262945622205734253e-01,1.037476435303688049e-01,-1.025813817977905273e+00,4.230335354804992676e-02,1.580023050308227539e+00,6.442068219184875488e-01,-3.926071822643280029e-01,-6.180675029754638672e-01,1.617229171097278595e-02
8.430474400520324707e-01,-2.219950437545776367e+00,1.106449514627456665e-01,-2.789872288703918457e-01,-6.646749377250671387e-01,4.462000727653503418e-02,6.916519403457641602e-01,-5.617599487304687500e-01,4.233359694480895996e-01,3.617750108242034912e-01,1.218986392021179199e+00,-4.595518112182617188e-01,-2.528479555621743202e-03,-4.859971106052398682e-01,-1.248605474829673767e-01,4.133073240518569946e-02,1.444854021072387695e+00,-1.460605710744857788e-01,3.449148833751678467e-01,2.621198631823062897e-02,-1.763599179685115814e-02,1.641926765441894531e-01,1.188890933990478516e-01,4.921658933162689209e-01,2.585814297199249268e-01,1.462094902992248535e+00,2.112332731485366821e-01,1.196175888180732727e-01,-1.056286931037902832e+00,1.572708487510681152e-01,1.603534936904907227e+00,6.224582195281982422e-01,-4.437651336193084717e-01,-6.766741275787353516e-01,-1.697283796966075897e-02
8.473851680755615234e-01,-2.205554008483886719e+00,1.126200333237648010e-01,-3.103421032428741455e-01,-6.481816172599792480e-01,6.954569369554519653e-02,6.918900012969970703e-01,-6.285334825515747070e-01,4.227583408355712891e-01,3.402581512928009033e-01,1.282643914222717285e+00,-4.852526783943176270e-01,3.455118462443351746e-02,-4.469626843929290771e-01,-1.416751742362976074e-01,-4.442631267011165619e-03,1.421708226203918457e+00,-1.725291907787322998e-01,3.510631620883941650e-01,4.988403245806694031e-02,-7.200145628303289413e-03,1.184936910867691040e-01,1.088360399007797241e-01,4.067214131355285645e-01,2.720206081867218018e-01,1.500052213668823242e+00,1.823163330554962158e-01,1.111058890819549561e-01,-1.096514582633972168e+00,2.458596527576446533e-01,1.592915892601013184e+00,5.981363058090209961e-01,-4.944119453430175781e-01,-7.415351867675781250e-01,-5.882043018937110901e-02
8.534296751022338867e-01,-2.188683509826660156e+00,1.136335060000419617e-01,-3.546432256698608398e-01,-6.250251531600952148e-01,1.044619157910346985e-01,6.875023245811462402e-01,-6.984719634056091309e-01,3.984478116035461426e-01,3.073556721210479736e-01,1.335303783416748047e+00,-5.257129073143005371e-01,5.038150772452354431e-02,-3.886236846446990967e-01,-1.579223573207855225e-01,-8.066323399543762207e-02,1.387792110443115234e+00,-2.058161646127700806e-01,3.574325740337371826e-01,6.756073236465454102e-02,2.165334299206733704e-02,7.489468902349472046e-02,8.658391237258911133e-02,2.975560724735260010e-01,2.793342471122741699e-01,1.507213592529296875e+00,1.496810466051101685e-01,1.057303473353385925e-01,-1.120813488960266113e+00,2.617999911308288574e-01,1.552713274955749512e+00,5.373513102531433105e-01,-5.663560032844543457e-01,-8.382351994514465332e-01,-1.037697046995162964e-01
8.600407838821411133e-01,-2.170205593109130859e+00,1.155481636524200439e-01,-3.990253806114196777e-01,-5.974137783050537109e-01,1.465510874986648560e-01,6.799987554550170898e-01,-7.423284053802490234e-01,3.628942370414733887e-01,3.092595040798187256e-01,1.364382266998291016e+00,-5.538128018379211426e-01,9.252811223268508911e-02,-3.209007680416107178e-01,-1.655492037534713745e-01,-1.604398936033248901e-01,1.353597640991210938e+00,-2.501396238803863525e-01,3.468394279479980469e-01,7.505609095096588135e-02,4.716563969850540161e-02,4.878680035471916199e-02,4.589480906724929810e-02,2.058312892913818359e-01,2.711646556854248047e-01,1.531641960144042969e+00,1.565595567226409912e-01,1.060118079185485840e-01,-1.125796318054199219e+00,2.617999911308288574e-01,1.515484333038330078e+00,4.752838909626007080e-01,-5.956044793128967285e-01,-9.327271580696105957e-01,-1.384606808423995972e-01
8.659175634384155273e-01,-2.149751663208007812e+00,1.194825619459152222e-01,-4.365094900131225586e-01,-5.672315955162048340e-01,1.912056207656860352e-01,6.716756820678710938e-01,-7.472974061965942383e-01,3.330712616443634033e-01,3.516727983951568604e-01,1.364531397819519043e+00,-5.733564496040344238e-01,1.123167052865028381e-01,-2.558288276195526123e-01,-1.581744998693466187e-01,-2.225670218467712402e-01,1.325121641159057617e+00,-3.124876320362091064e-01,3.068334162235260010e-01,7.033066451549530029e-02,5.881592631340026855e-02,2.250087633728981018e-02,5.573741625994443893e-03,1.325488537549972534e-01,2.666162848472595215e-01,1.587126374244689941e+00,1.714318841695785522e-01,9.371690452098846436e-02,-1.101353406906127930e+00,2.617999911308288574e-01,1.480130076408386230e+00,4.228283762931823730e-01,-6.136412620544433594e-01,-9.835724830627441406e-01,-1.704872846603393555e-01
8.714967966079711914e-01,-2.126005649566650391e+00,1.223897635936737061e-01,-4.664540290832519531e-01,-5.322957634925842285e-01,2.398643642663955688e-01,6.644899845123291016e-01,-7.305267453193664551e-01,2.831882834434509277e-01,3.916386961936950684e-01,1.337925910949707031e+00,-5.784578323364257812e-01,1.459742933511734009e-01,-2.019824683666229248e-01,-1.479191482067108154e-01,-2.698713839054107666e-01,1.312755584716796875e+00,-4.074690341949462891e-01,1.971747428178787231e-01,3.912699595093727112e-02,5.480678007006645203e-02,-2.462781593203544617e-02,-2.229370921850204468e-02,3.775398805737495422e-02,2.936232089996337891e-01,1.615336775779724121e+00,1.865001618862152100e-01,1.029504388570785522e-01,-1.049639821052551270e+00,2.617999911308288574e-01,1.453833103179931641e+00,3.729651570320129395e-01,-6.383944153785705566e-01,-1.011264920234680176e+00,-2.130970358848571777e-01
8.788921236991882324e-01,-2.101834058761596680e+00,1.244081631302833557e-01,-4.893320798873901367e-01,-4.929943978786468506e-01,2.963816523551940918e-01,6.554911136627197266e-01,-7.053735256195068359e-01,2.008269280195236206e-01,3.967358767986297607e-01,1.322482347488403320e+00,-5.766385197639465332e-01,1.578941196203231812e-01,-1.536402702331542969e-01,-1.496655493974685669e-01,-3.301657736301422119e-01,1.328471422195434570e+00,-5.321466922760009766e-01,-2.613526955246925354e-02,-7.783717941492795944e-03,2.210334315896034241e-02,-5.959713086485862732e-02,-4.055027291178703308e-02,-5.040975287556648254e-02,3.055032491683959961e-01,1.627416014671325684e+00,1.964597105979919434e-01,9.568510949611663818e-02,-9.958045482635498047e-01,2.519944012165069580e-01,1.430895447731018066e+00,3.256844282150268555e-01,-6.250301599502563477e-01,-1.016883850097656250e+00,-2.529196441173553467e-01
8.876971006393432617e-01,-2.078677654266357422e+00,1.239274516701698303e-01,-5.071262121200561523e-01,-4.636767208576202393e-01,3.397015929222106934e-01,6.422069072723388672e-01,-6.838774681091308594e-01,1.142537370324134827e-01,3.356868028640747070e-01,1.329090356826782227e+00,-5.708714723587036133e-01,1.371644288301467896e-01,-1.380096524953842163e-01,-1.318518519401550293e-01,-3.574649095535278320e-01,1.368977189064025879e+00,-5.570059418678283691e-01,-1.410104781389236450e-01,-1.211687084287405014e-02,4.197901114821434021e-03,-6.659221649169921875e-02,-6.435990333557128906e-02,-1.233453601598739624e-01,2.830914556980133057e-01,1.625408530235290527e+00,2.249867469072341919e-01,6.753084063529968262e-02,-9.565749764442443848e-01,1.985996812582015991e-01,1.401869893074035645e+00,2.815098762512207031e-01,-6.375511884689331055e-01,-1.012323379516601562e+00,-2.939185202121734619e-01
8.924034833908081055e-01,-2.055034875869750977e+00,1.182414963841438293e-01,-5.165155529975891113e-01,-4.450079798698425293e-01,3.684487938880920410e-01,6.320008635520935059e-01,-6.402422189712524414e-01,1.763417758047580719e-02,2.363043427467346191e-01,1.307717680931091309e+00,-5.620649456977844238e-01,1.070335209369659424e-01,-1.690114438533782959e-01,-1.180434003472328186e-01,-3.432590067386627197e-01,1.446086645126342773e+00,-5.620087385177612305e-01,-1.905891746282577515e-01,-1.422984246164560318e-02,-2.909924136474728584e-03,-7.897660136222839355e-02,-8.412475138902664185e-02,-1.753753870725631714e-01,2.673882246017456055e-01,1.600422263145446777e+00,2.571645975112915039e-01,6.805416196584701538e-02,-9.203280806541442871e-01,1.717199534177780151e-01,1.397498488426208496e+00,2.751673758029937744e-01,-6.624320149421691895e-01,-1.048804521560668945e+00,-3.253148198127746582e-01
8.971874117851257324e-01,-2.032659292221069336e+00,1.097525358200073242e-01,-5.182477831840515137e-01,-4.309735894203186035e-01,3.887532055377960205e-01,6.281337141990661621e-01,-5.861910581588745117e-01,-7.065127044916152954e-02,1.357048451900482178e-01,1.273433446884155273e+00,-5.601418614387512207e-01,-1.149663119576871395e-03,-2.482390999794006348e-01,-1.218483522534370422e-01,-2.946272194385528564e-01,1.564799547195434570e+00,-5.875043869018554688e-01,-2.524794340133666992e-01,-4.068402945995330811e-02,-1.657431758940219879e-02,-9.209135174751281738e-02,-9.498012065887451172e-02,-1.623066365718841553e-01,2.586337625980377197e-01,1.573637366294860840e+00,2.916875481605529785e-01,5.862932279706001282e-02,-9.008600711822509766e-01,1.907595545053482056e-01,1.414715528488159180e+00,3.087911307811737061e-01,-6.901752352714538574e-01,-1.124139070510864258e+00,-3.596750795841217041e-01
9.022800326347351074e-01,-2.012459993362426758e+00,1.065627783536911011e-01,-5.226515531539916992e-01,-4.274115562438964844e-01,3.966276347637176514e-01,6.219656467437744141e-01,-5.309203267097473145e-01,-9.651958197355270386e-02,9.539261460304260254e-02,1.243419766426086426e+00,-5.417817234992980957e-01,-6.115176528692245483e-02,-3.542865514755249023e-01,-9.976170212030410767e-02,-2.404547929763793945e-01,1.668279886245727539e+00,-5.920788645744323730e-01,-2.613759040832519531e-01,-6.792506575584411621e-02,-1.409761141985654831e-02,-1.192741915583610535e-01,-7.126169651746749878e-02,-1.272738128900527954e-01,2.522923052310943604e-01,1.542070865631103516e+00,3.042343258857727051e-01,5.498701333999633789e-02,-9.107050895690917969e-01,2.441603541374206543e-01,1.441994905471801758e+00,3.473314344882965088e-01,-7.002245783805847168e-01,-1.134374380111694336e+00,-3.727009296417236328e-01
9.044840931892395020e-01,-1.996486663818359375e+00,1.057993471622467041e-01,-5.276776552200317383e-01,-4.201785326004028320e-01,4.099806547164916992e-01,6.139398813247680664e-01,-4.846954941749572754e-01,-1.184278652071952820e-01,7.186979055404663086e-02,1.212024211883544922e+00,-5.380623340606689453e-01,-8.913436532020568848e-02,-4.855399131774902344e-01,-8.875342458486557007e-02,-1.976044028997421265e-01,1.747347354888916016e+00,-5.903119444847106934e-01,-2.621114253997802734e-01,-6.859156489372253418e-02,-1.257493533194065094e-02,-1.188857257366180420e-01,-5.212537199258804321e-02,-8.823373168706893921e-02,2.378694862127304077e-01,1.505937933921813965e+00,3.164499700069427490e-01,3.288254514336585999e-02,-9.324427247047424316e-01,2.617559134960174561e-01,1.466643571853637695e+00,3.662236332893371582e-01,-6.921728849411010742e-01,-1.134399890899658203e+00,-3.784746527671813965e-01
9.089760780334472656e-01,-1.982865810394287109e+00,1.061584502458572388e-01,-5.155115127563476562e-01,-4.102355837821960449e-01,4.313766360282897949e-01,6.163349747657775879e-01,-4.298360645771026611e-01,-1.674289405345916748e-01,7.215800136327743530e-02,1.174875974655151367e+00,-5.238526463508605957e-01,-1.169470176100730896e-01,-6.421398520469665527e-01,-1.059973165392875671e-01,-1.059386134147644043e-01,1.814915418624877930e+00,-5.722162723541259766e-01,-2.602699697017669678e-01,-1.183588057756423950e-02,-6.531772017478942871e-02,-7.740835845470428467e-02,-4.374468326568603516e-02,-4.159577563405036926e-02,1.944382637739181519e-01,1.466425538063049316e+00,3.134787678718566895e-01,-2.967608533799648285e-02,-9.448670148849487305e-01,2.121914774179458618e-01,1.444935679435729980e+00,3.367346823215484619e-01,-6.069498062133789062e-01,-1.134400010108947754e+00,-4.234367012977600098e-01
9.144123792648315430e-01,-1.968789100646972656e+00,1.154963150620460510e-01,-5.250069499015808105e-01,-3.934527635574340820e-01,4.607733190059661865e-01,5.977044701576232910e-01,-3.895910680294036865e-01,-1.752821058034896851e-01,4.010074958205223083e-02,1.172216892242431641e+00,-5.184605121612548828e-01,-1.255696564912796021e-01,-7.684451937675476074e-01,-1.068596243858337402e-01,-6.332223117351531982e-02,1.809030055999755859e+00,-5.655819773674011230e-01,-2.456023097038269043e-01,2.748171426355838776e-02,-9.281641244888305664e-02,-2.426377683877944946e-02,-2.912462130188941956e-02,-5.577263981103897095e-02,1.408205628395080566e-01,1.553567528724670410e+00,3.140849471092224121e-01,-1.816596463322639465e-02,-9.382901191711425781e-01,1.146662011742591858e-01,1.363864779472351074e+00,2.793698012828826904e-01,-5.765280723571777344e-01,-1.134400010108947754e+00,-4.728936851024627686e-01
9.218351244926452637e-01,-1.953398227691650391e+00,1.315019577741622925e-01,-5.465660691261291504e-01,-3.688335418701171875e-01,4.967910647392272949e-01,5.642924308776855469e-01,-3.622121512889862061e-01,-1.452917456626892090e-01,2.250378578901290894e-02,1.188335418701171875e+00,-5.261582732200622559e-01,-1.286325156688690186e-01,-8.675616979598999023e-01,-1.211704015731811523e-01,-4.391897842288017273e-02,1.752439379692077637e+00,-5.465376973152160645e-01,-2.305631637573242188e-01,4.789690673351287842e-02,-1.120405197143554688e-01,1.789560914039611816e-02,5.139901302754878998e-03,-1.729134172201156616e-01,9.629537910223007202e-02,1.526320338249206543e+00,3.304196298122406006e-01,-2.956880442798137665e-02,-9.385080337524414062e-01,1.652816496789455414e-02,1.283738255500793457e+00,2.274457663297653198e-01,-5.309886336326599121e-01,-1.134400010108947754e+00,-5.019832849502563477e-01
9.288846850395202637e-01,-1.936753153800964355e+00,1.534612178802490234e-01,-5.753901004791259766e-01,-3.396061062812805176e-01,5.318349003791809082e-01,5.203322172164916992e-01,-3.642705082893371582e-01,-8.516965806484222412e-02,1.560622267425060272e-02,1.217749357223510742e+00,-5.093469619750976562e-01,-8.304289728403091431e-02,-9.428647160530090332e-01,-1.469041109085083008e-01,-3.131135553121566772e-02,1.663903594017028809e+00,-5.305964350700378418e-01,-1.984694451093673706e-01,5.007561668753623962e-02,-1.176154240965843201e-01,4.770067706704139709e-02,4.966312274336814880e-02,-3.069198131561279297e-01,5.062202364206314087e-02,1.456765174865722656e+00,3.292558789253234863e-01,-5.077201128005981445e-02,-9.244310259819030762e-01,-8.368565142154693604e-02,1.189834356307983398e+00,1.787189543247222900e-01,-5.131506919860839844e-01,-1.134400010108947754e+00,-5.234836935997009277e-01
9.359968304634094238e-01,-1.918281197547912598e+00,1.778918206691741943e-01,-6.019085645675659180e-01,-3.146507740020751953e-01,5.590893626213073730e-01,4.755207896232604980e-01,-3.825364410877227783e-01,-9.197986684739589691e-03,1.871252432465553284e-02,1.255024909973144531e+00,-5.013443231582641602e-01,-5.392961204051971436e-02,-1.005375385284423828e+00,-1.798153966665267944e-01,-1.842181757092475891e-02,1.570219039916992188e+00,-4.913054406642913818e-01,-1.725582182407379150e-01,4.678101837635040283e-02,-1.168004199862480164e-01,7.267813384532928467e-02,1.031648367643356323e-01,-4.087155759334564209e-01,-9.419012814760208130e-03,1.398979902267456055e+00,3.109835982322692871e-01,-6.451464444398880005e-02,-9.022335410118103027e-01,-1.614759713411331177e-01,1.106724858283996582e+00,1.340465992689132690e-01,-5.293881297111511230e-01,-1.134400010108947754e+00,-5.172770023345947266e-01
9.430855512619018555e-01,-1.897355079650878906e+00,2.036961168050765991e-01,-6.231508851051330566e-01,-2.977928221225738525e-01,5.770675539970397949e-01,4.358847141265869141e-01,-4.091406762599945068e-01,8.458143472671508789e-02,4.012234881520271301e-02,1.289438128471374512e+00,-4.978833198547363281e-01,-3.104497492313385010e-02,-1.062613964080810547e+00,-1.977409571409225464e-01,1.248872932046651840e-02,1.502902269363403320e+00,-4.672211110591888428e-01,-1.393329799175262451e-01,4.811581596732139587e-02,-1.177732199430465698e-01,9.931502491235733032e-02,1.692249327898025513e-01,-4.755996465682983398e-01,-7.541787624359130859e-02,1.301520943641662598e+00,2.913540899753570557e-01,-8.909340947866439819e-02,-8.867464065551757812e-01,-2.100436836481094360e-01,1.049564123153686523e+00,9.973385185003280640e-02,-5.679455399513244629e-01,-1.134400010108947754e+00,-4.840491414070129395e-01
9.517071843147277832e-01,-1.875603079795837402e+00,2.289210259914398193e-01,-6.420827507972717285e-01,-2.871507704257965088e-01,5.881082415580749512e-01,3.992528915405273438e-01,-4.451780319213867188e-01,1.875363141298294067e-01,7.106564939022064209e-02,1.321485400199890137e+00,-5.136768221855163574e-01,-2.159492578357458115e-03,-1.129047393798828125e+00,-2.014124244451522827e-01,5.544364824891090393e-02,1.483542680740356445e+00,-4.150103628635406494e-01,-1.115921735763549805e-01,4.964444413781166077e-02,-1.212926506996154785e-01,1.181597858667373657e-01,2.467465549707412720e-01,-5.231637954711914062e-01,-1.358452141284942627e-01,1.191503286361694336e+00,2.526803314685821533e-01,-1.160124167799949646e-01,-8.770357966423034668e-01,-2.339791208505630493e-01,9.908047318458557129e-01,7.604407519102096558e-02,-6.171951293945312500e-01,-1.134400010108947754e+00,-4.395523667335510254e-01
9.614186882972717285e-01,-1.854206442832946777e+00,2.531764507293701172e-01,-6.609293818473815918e-01,-2.787017226219177246e-01,5.943827629089355469e-01,3.636025190353393555e-01,-4.938516616821289062e-01,2.897335290908813477e-01,1.179282218217849731e-01,1.348263144493103027e+00,-5.709767937660217285e-01,3.933625295758247375e-02,-1.199704170227050781e+00,-2.079114019870758057e-01,9.892030060291290283e-02,1.503508329391479492e+00,-4.011194407939910889e-01,-6.785079091787338257e-02,5.062385648488998413e-02,-1.202104538679122925e-01,1.111864522099494934e-01,3.339686989784240723e-01,-5.718293190002441406e-01,-1.886154562234878540e-01,1.148978829383850098e+00,2.093581408262252808e-01,-1.357726156711578369e-01,-8.713701367378234863e-01,-2.427587956190109253e-01,9.242844581604003906e-01,5.465026199817657471e-02,-6.538595557212829590e-01,-1.134400010108947754e+00,-3.983050882816314697e-01
9.694748520851135254e-01,-1.834002733230590820e+00,2.748929858207702637e-01,-6.793597936630249023e-01,-2.658103108406066895e-01,5.998659133911132812e-01,3.285970687866210938e-01,-5.560238361358642578e-01,3.658132851123809814e-01,1.698466241359710693e-01,1.363426208496093750e+00,-6.250944733619689941e-01,9.601647406816482544e-02,-1.274114489555358887e+00,-2.308536469936370850e-01,1.535675674676895142e-01,1.553528189659118652e+00,-3.822181224822998047e-01,-2.817273512482643127e-02,5.346750095486640930e-02,-1.191691681742668152e-01,8.086732774972915649e-02,4.284826517105102539e-01,-6.281282901763916016e-01,-2.402075678110122681e-01,1.126184225082397461e+00,1.695946007966995239e-01,-1.364401727914810181e-01,-8.696341514587402344e-01,-2.502464056015014648e-01,8.552871942520141602e-01,3.682320192456245422e-02,-7.003902792930603027e-01,-1.134400010108947754e+00,-3.573072850704193115e-01
9.770359992980957031e-01,-1.815687179565429688e+00,2.924680709838867188e-01,-6.930176019668579102e-01,-2.552667856216430664e-01,6.049814224243164062e-01,2.975952029228210449e-01,-6.139164566993713379e-01,4.158446192741394043e-01,2.254844903945922852e-01,1.379642844200134277e+00,-6.406741738319396973e-01,7.835031300783157349e-02,-1.341026544570922852e+00,-2.447531074285507202e-01,2.361080497503280640e-01,1.634520888328552246e+00,-3.718910515308380127e-01,-1.049629040062427521e-02,4.730891063809394836e-02,-1.167940124869346619e-01,3.021468408405780792e-02,5.155810713768005371e-01,-6.790857911109924316e-01,-2.728318870067596436e-01,1.097766637802124023e+00,1.645985096693038940e-01,-1.281053423881530762e-01,-8.694725036621093750e-01,-2.345654368400573730e-01,8.044166564941406250e-01,3.458114713430404663e-02,-7.304744124412536621e-01,-1.134400010108947754e+00,-3.281730413436889648e-01
9.853178858757019043e-01,-1.801117420196533203e+00,3.064619004726409912e-01,-7.034769058227539062e-01,-2.433524578809738159e-01,6.111768484115600586e-01,2.690030634403228760e-01,-6.733311414718627930e-01,4.312434792518615723e-01,2.712171375751495361e-01,1.415425300598144531e+00,-6.312473416328430176e-01,9.899172931909561157e-03,-1.411833047866821289e+00,-2.595032453536987305e-01,3.348596692085266113e-01,1.738772630691528320e+00,-3.636471033096313477e-01,-6.306908093392848969e-03,4.238514974713325500e-02,-1.093271300196647644e-01,-5.437881126999855042e-02,5.958589911460876465e-01,-7.575733065605163574e-01,-2.815084755420684814e-01,1.073659658432006836e+00,1.749914884567260742e-01,-1.124119088053703308e-01,-8.727079033851623535e-01,-2.120403349399566650e-01,7.608551979064941406e-01,4.099463671445846558e-02,-7.561970353126525879e-01,-1.134400010108947754e+00,-3.063831627368927002e-01
9.947410821914672852e-01,-1.788306951522827148e+00,3.198134899139404297e-01,-7.109993696212768555e-01,-2.318668663501739502e-01,6.159735321998596191e-01,2.475767433643341064e-01,-7.332676649093627930e-01,4.381880462169647217e-01,3.274972140789031982e-01,1.479066729545593262e+00,-6.115767955780029297e-01,-6.008331850171089172e-02,-1.500630259513854980e+00,-2.640415728092193604e-01,4.373221099376678467e-01,1.854806661605834961e+00,-3.580884039402008057e-01,2.053180709481239319e-02,2.539423108100891113e-02,-1.028837859630584717e-01,-1.380230635404586792e-01,6.715984940528869629e-01,-8.232572674751281738e-01,-2.872104346752166748e-01,1.080301880836486816e+00,1.864316165447235107e-01,-9.078813344240188599e-02,-9.039933085441589355e-01,-1.855954080820083618e-01,7.554600238800048828e-01,5.534050986170768738e-02,-7.836479544639587402e-01,-1.134400010108947754e+00,-2.782212495803833008e-01
1.004916071891784668e+00,-1.773974657058715820e+00,3.313607573509216309e-01,-7.136707901954650879e-01,-2.248277664184570312e-01,6.215697526931762695e-01,2.318999022245407104e-01,-7.737289667129516602e-01,4.513572156429290771e-01,3.954228162765502930e-01,1.556715488433837891e+00,-5.972436070442199707e-01,-9.372213482856750488e-02,-1.598499298095703125e+00,-2.438780218362808228e-01,5.261632800102233887e-01,1.976717591285705566e+00,-3.566827774047851562e-01,4.266935214400291443e-02,1.612181891687214375e-03,-9.995787590742111206e-02,-2.011051326990127563e-01,7.464414834976196289e-01,-8.792284131050109863e-01,-2.949786186218261719e-01,1.124963045120239258e+00,2.188360840082168579e-01,-6.407028436660766602e-02,-9.455668330192565918e-01,-1.537109613418579102e-01,7.769487500190734863e-01,8.248944580554962158e-02,-8.025252819061279297e-01,-1.134400010108947754e+00,-2.402491420507431030e-01
1.013158798217773438e+00,-1.759476423263549805e+00,3.407061696052551270e-01,-7.134988903999328613e-01,-2.256751656532287598e-01,6.272816061973571777e-01,2.156567573547363281e-01,-7.975159287452697754e-01,4.744884669780731201e-01,4.597962498664855957e-01,1.628075003623962402e+00,-5.865485072135925293e-01,-1.173579320311546326e-01,-1.687591075897216797e+00,-2.031826674938201904e-01,5.752515792846679688e-01,2.084636211395263672e+00,-3.611523509025573730e-01,4.819408431649208069e-02,-2.401291206479072571e-02,-9.518354386091232300e-02,-2.449317872524261475e-01,8.294978737831115723e-01,-9.285569787025451660e-01,-3.043552637100219727e-01,1.179957985877990723e+00,2.428345531225204468e-01,-4.220115765929222107e-02,-9.747371673583984375e-01,-1.036844775080680847e-01,7.856270074844360352e-01,1.187598109245300293e-01,-8.075351119041442871e-01,-1.134400010108947754e+00,-2.162278741598129272e-01
1.022668361663818359e+00,-1.743933677673339844e+00,3.485597670078277588e-01,-7.127375006675720215e-01,-2.238120585680007935e-01,6.334974169731140137e-01,2.014805972576141357e-01,-8.223285079002380371e-01,4.981375336647033691e-01,5.246873497962951660e-01,1.699494123458862305e+00,-5.894969105720520020e-01,-1.507304459810256958e-01,-1.794852137565612793e+00,-1.435121297836303711e-01,6.012911796569824219e-01,2.194355964660644531e+00,-3.708327114582061768e-01,4.468781501054763794e-02,-5.024014040827751160e-02,-9.949573129415512085e-02,-2.876447439193725586e-01,9.050188064575195312e-01,-9.744862318038940430e-01,-3.178019821643829346e-01,1.253571033477783203e+00,2.633157670497894287e-01,-1.826414465904235840e-02,-1.001530051231384277e+00,-5.776871740818023682e-02,7.830272316932678223e-01,1.563546657562255859e-01,-8.106535077095031738e-01,-1.134400010108947754e+00,-1.943142563104629517e-01
1.031215190887451172e+00,-1.725827097892761230e+00,3.531060516834259033e-01,-7.102853059768676758e-01,-2.183825224637985229e-01,6.435537338256835938e-01,1.834187358617782593e-01,-8.407686948776245117e-01,5.190038681030273438e-01,5.833749175071716309e-01,1.757603645324707031e+00,-5.987620353698730469e-01,-1.821889877319335938e-01,-1.894227266311645508e+00,-7.856820523738861084e-02,5.916684865951538086e-01,2.293080568313598633e+00,-3.894839584827423096e-01,5.428886041045188904e-02,-7.288482785224914551e-02,-1.117206811904907227e-01,-3.389683365821838379e-01,9.738137125968933105e-01,-1.043367981910705566e+00,-3.310434520244598389e-01,1.333134651184082031e+00,2.817395627498626709e-01,9.656826034188270569e-03,-1.012626409530639648e+00,-2.486674115061759949e-02,7.638258934020996094e-01,1.915256530046463013e-01,-8.170270919799804688e-01,-1.134400010108947754e+00,-1.770620644092559814e-01
1.038117527961730957e+00,-1.707606077194213867e+00,3.538049459457397461e-01,-7.060194015502929688e-01,-2.119531482458114624e-01,6.567002534866333008e-01,1.592395901679992676e-01,-8.530824184417724609e-01,5.361765027046203613e-01,6.319740414619445801e-01,1.794514298439025879e+00,-6.154645681381225586e-01,-2.094288319349288940e-01,-1.974005341529846191e+00,-1.066070795059204102e-02,5.411267280578613281e-01,2.355816602706909180e+00,-3.989451527595520020e-01,7.375877350568771362e-02,-8.855689316987991333e-02,-1.207122728228569031e-01,-4.220173358917236328e-01,1.027979016304016113e+00,-1.157152414321899414e+00,-3.353666961193084717e-01,1.401265978813171387e+00,2.948196232318878174e-01,3.897466138005256653e-02,-1.005100488662719727e+00,-1.572637702338397503e-03,7.278448343276977539e-01,2.264628708362579346e-01,-8.286661505699157715e-01,-1.134400010108947754e+00,-1.673756688833236694e-01
1.041592240333557129e+00,-1.685042738914489746e+00,3.540829420089721680e-01,-6.982259750366210938e-01,-2.433112859725952148e-01,6.607066392898559570e-01,1.294094026088714600e-01,-8.668658137321472168e-01,6.534050107002258301e-01,6.625838279724121094e-01,1.835836291313171387e+00,-6.767742633819580078e-01,-2.333555519580841064e-01,-2.029147148132324219e+00,9.068839997053146362e-02,3.526876866817474365e-01,2.356199979782104492e+00,-3.211061954498291016e-01,1.033662185072898865e-01,-3.338963165879249573e-02,-7.020349055528640747e-02,-5.560595989227294922e-01,1.052577853202819824e+00,-1.326083540916442871e+00,-3.186469376087188721e-01,1.492475032806396484e+00,3.318765163421630859e-01,1.114324480295181274e-01,-9.846357107162475586e-01,2.046482171863317490e-03,6.828418970108032227e-01,2.658050358295440674e-01,-8.810491561889648438e-01,-1.134400010108947754e+00,-1.265046149492263794e-01
1.045302748680114746e+00,-1.666652679443359375e+00,3.484578728675842285e-01,-6.882696151733398438e-01,-2.321725785732269287e-01,6.805180311203002930e-01,9.631221741437911987e-02,-8.699107170104980469e-01,6.577869653701782227e-01,6.888515353202819824e-01,1.828199028968811035e+00,-6.904808282852172852e-01,-2.490443587303161621e-01,-2.070806503295898438e+00,1.407979875802993774e-01,2.436227500438690186e-01,2.356199979782104492e+00,-3.204491734504699707e-01,1.446988731622695923e-01,-3.733681142330169678e-02,-6.423941999673843384e-02,-6.851432919502258301e-01,1.040195941925048828e+00,-1.488687038421630859e+00,-3.028303384780883789e-01,1.483387470245361328e+00,3.544479012489318848e-01,1.217657774686813354e-01,-9.493550658226013184e-01,-1.080635376274585724e-02,6.545366644859313965e-01,2.881743013858795166e-01,-8.905204534530639648e-01,-1.134400010108947754e+00,-1.211917027831077576e-01
1.050386905670166016e+00,-1.646874666213989258e+00,3.394048213958740234e-01,-6.752310991287231445e-01,-2.182114273309707642e-01,7.019856572151184082e-01,6.052152439951896667e-02,-8.722978830337524414e-01,6.634799242019653320e-01,7.026694416999816895e-01,1.811383962631225586e+00,-7.084640860557556152e-01,-2.627508044242858887e-01,-2.102779865264892578e+00,1.870431303977966309e-01,1.379045397043228149e-01,2.356199979782104492e+00,-2.908348441123962402e-01,1.801504939794540405e-01,-3.389633074402809143e-02,-5.816950649023056030e-02,-8.302377462387084961e-01,1.000531911849975586e+00,-1.674903035163879395e+00,-2.756747901439666748e-01,1.461609721183776855e+00,3.945382535457611084e-01,1.355789750814437866e-01,-9.046621322631835938e-01,-3.639677539467811584e-02,6.238283514976501465e-01,3.089385032653808594e-01,-9.030799269676208496e-01,-1.134400010108947754e+00,-1.166007891297340393e-01
1.049644470214843750e+00,-1.632454514503479004e+00,3.323037624359130859e-01,-6.596059799194335938e-01,-2.196038067340850830e-01,7.183650732040405273e-01,2.541094832122325897e-02,-8.653866648674011230e-01,6.965360641479492188e-01,7.191486358642578125e-01,1.780373692512512207e+00,-7.089597582817077637e-01,-2.797098755836486816e-01,-2.060181140899658203e+00,2.241435647010803223e-01,5.053067207336425781e-02,2.356199979782104492e+00,-1.881375312805175781e-01,1.746502518653869629e-01,8.871174650266766548e-04,-2.806695923209190369e-02,-9.552459120750427246e-01,9.383348226547241211e-01,-1.842461705207824707e+00,-2.343497574329376221e-01,1.450630664825439453e+00,4.366630017757415771e-01,1.434681266546249390e-01,-8.589974045753479004e-01,-7.350277900695800781e-02,5.917209386825561523e-01,3.323132991790771484e-01,-9.146791696548461914e-01,-1.134400010108947754e+00,-1.120179668068885803e-01
1.047165274620056152e+00,-1.612391591072082520e+00,3.232305943965911865e-01,-6.429330110549926758e-01,-2.212339788675308228e-01,7.332234382629394531e-01,-8.721066638827323914e-03,-8.407018184661865234e-01,7.468674182891845703e-01,7.308912873268127441e-01,1.810339570045471191e+00,-6.985094547271728516e-01,-2.693974375724792480e-01,-2.005145788192749023e+00,2.649901807308197021e-01,-3.254946693778038025e-02,2.356199979782104492e+00,-8.848482370376586914e-02,1.346856802701950073e-01,3.709740191698074341e-02,4.706194158643484116e-03,-1.047742009162902832e+00,8.645112514495849609e-01,-1.977245211601257324e+00,-1.906776577234268188e-01,1.445858120918273926e+00,4.835487008094787598e-01,1.498293429613113403e-01,-8.241620063781738281e-01,-1.229042485356330872e-01,5.745294094085693359e-01,3.505425453186035156e-01,-9.221147298812866211e-01,-1.134400010108947754e+00,-1.020227372646331787e-01
1.048900365829467773e+00,-1.592127799987792969e+00,3.158525824546813965e-01,-6.262848377227783203e-01,-2.235422432422637939e-01,7.463207244873046875e-01,-2.831105142831802368e-02,-8.221106529235839844e-01,8.099183440208435059e-01,7.316654324531555176e-01,1.854852557182312012e+00,-6.875296831130981445e-01,-2.566297948360443115e-01,-1.992133617401123047e+00,2.983705997467041016e-01,-1.265802979469299316e-01,2.356199979782104492e+00,1.150953583419322968e-02,1.107388511300086975e-01,6.151698157191276550e-02,2.244015038013458252e-02,-1.110441207885742188e+00,8.161113262176513672e-01,-2.062928438186645508e+00,-1.563882827758789062e-01,1.437650561332702637e+00,5.373035073280334473e-01,1.579606980085372925e-01,-8.116937279701232910e-01,-1.626505702733993530e-01,6.121641397476196289e-01,3.641000390052795410e-01,-9.239616990089416504e-01,-1.134400010108947754e+00,-8.438546955585479736e-02
1.051955580711364746e+00,-1.575881242752075195e+00,3.112169802188873291e-01,-6.123091578483581543e-01,-2.239015698432922363e-01,7.573389410972595215e-01,-3.719363734126091003e-02,-8.047082424163818359e-01,8.489027619361877441e-01,7.194851636886596680e-01,1.876285433769226074e+00,-6.835148930549621582e-01,-2.529224455356597900e-01,-1.982549428939819336e+00,3.082647919654846191e-01,-1.737549006938934326e-01,2.356199979782104492e+00,5.523355305194854736e-02,9.968525916337966919e-02,7.271426916122436523e-02,2.385729178786277771e-02,-1.161921501159667969e+00,7.969950437545776367e-01,-2.114269018173217773e+00,-1.438709944486618042e-01,1.433931350708007812e+00,5.620576739311218262e-01,1.609081625938415527e-01,-8.107076287269592285e-01,-1.834151893854141235e-01,6.581594944000244141e-01,3.714062571525573730e-01,-9.208870530128479004e-01,-1.134400010108947754e+00,-7.249622792005538940e-02
1.054089546203613281e+00,-1.556292772293090820e+00,3.077009320259094238e-01,-5.976217389106750488e-01,-2.261369228363037109e-01,7.677631378173828125e-01,-4.743519425392150879e-02,-7.798087000846862793e-01,8.902229070663452148e-01,6.865023374557495117e-01,1.883511543273925781e+00,-6.828898787498474121e-01,-2.571452856063842773e-01,-1.969571590423583984e+00,3.177803754806518555e-01,-2.127565443515777588e-01,2.356199979782104492e+00,1.057172715663909912e-01,8.660058677196502686e-02,9.795727580785751343e-02,2.870878577232360840e-02,-1.204685807228088379e+00,7.679345011711120605e-01,-2.165750741958618164e+00,-1.236858144402503967e-01,1.441097259521484375e+00,5.888290405273437500e-01,1.626495271921157837e-01,-8.002607822418212891e-01,-1.915794610977172852e-01,6.787974238395690918e-01,3.843647539615631104e-01,-9.160276651382446289e-01,-1.134400010108947754e+00,-5.730750039219856262e-02
1.056652426719665527e+00,-1.537978053092956543e+00,3.057906329631805420e-01,-5.823326706886291504e-01,-2.304242253303527832e-01,7.774977087974548340e-01,-5.736396834254264832e-02,-7.514023184776306152e-01,9.173937439918518066e-01,6.334321498870849609e-01,1.868320822715759277e+00,-6.892752647399902344e-01,-2.737857997417449951e-01,-1.956173062324523926e+00,3.329401612281799316e-01,-2.395057529211044312e-01,2.356199979782104492e+00,1.581021994352340698e-01,7.391317188739776611e-02,1.352243125438690186e-01,4.401560127735137939e-02,-1.212410807609558105e+00,7.329986095428466797e-01,-2.180902481079101562e+00,-8.967452496290206909e-02,1.460404396057128906e+00,6.103185415267944336e-01,1.635052263736724854e-01,-7.898377776145935059e-01,-1.906989663839340210e-01,6.838557124137878418e-01,4.034434556961059570e-01,-9.111221432685852051e-01,-1.134400010108947754e+00,-4.066994041204452515e-02
1.059235811233520508e+00,-1.522782683372497559e+00,3.053745627403259277e-01,-5.666545629501342773e-01,-2.353531867265701294e-01,7.868149280548095703e-01,-6.658636778593063354e-02,-7.213354110717773438e-01,9.223234653472900391e-01,5.645641684532165527e-01,1.831228017807006836e+00,-7.039849758148193359e-01,-2.999302744865417480e-01,-1.945722222328186035e+00,3.563590347766876221e-01,-2.651862800121307373e-01,2.356199979782104492e+00,2.055542171001434326e-01,6.564787775278091431e-02,1.762336939573287964e-01,5.549397319555282593e-02,-1.203866720199584961e+00,7.067175507545471191e-01,-2.181660175323486328e+00,-4.720524698495864868e-02,1.487395286560058594e+00,6.277730464935302734e-01,1.615909785032272339e-01,-7.814348936080932617e-01,-1.689368784427642822e-01,6.707150340080261230e-01,4.323447048664093018e-01,-9.078674912452697754e-01,-1.134400010108947754e+00,-2.488536573946475983e-02
1.059799432754516602e+00,-1.510646820068359375e+00,3.068516254425048828e-01,-5.525965690612792969e-01,-2.357174456119537354e-01,7.958282232284545898e-01,-7.570841908454895020e-02,-6.892558932304382324e-01,9.070015549659729004e-01,4.941237568855285645e-01,1.776974797248840332e+00,-7.237393260002136230e-01,-3.283401727676391602e-01,-1.930132031440734863e+00,3.750089704990386963e-01,-2.956239283084869385e-01,2.356199979782104492e+00,2.435911446809768677e-01,6.521455198526382446e-02,2.170801609754562378e-01,6.720984727144241333e-02,-1.169264554977416992e+00,6.757230758666992188e-01,-2.154751777648925781e+00,4.349729046225547791e-03,1.512666583061218262e+00,6.406721472740173340e-01,1.598246991634368896e-01,-7.742905616760253906e-01,-1.421333104372024536e-01,6.523347496986389160e-01,4.707441329956054688e-01,-9.064051508903503418e-01,-1.134400010108947754e+00,-1.038735825568437576e-02
1.052871346473693848e+00,-1.501114487648010254e+00,3.081527054309844971e-01,-5.322861671447753906e-01,-2.315828651189804077e-01,8.085940480232238770e-01,-9.600264579057693481e-02,-6.360437870025634766e-01,8.632736802101135254e-01,3.911471962928771973e-01,1.684514284133911133e+00,-7.644713521003723145e-01,-3.837235271930694580e-01,-1.875741958618164062e+00,3.826421797275543213e-01,-3.421423137187957764e-01,2.356199979782104492e+00,2.963478267192840576e-01,7.572147995233535767e-02,2.529841065406799316e-01,1.056584417819976807e-01,-1.078340768814086914e+00,5.989630222320556641e-01,-2.096062660217285156e+00,1.251534223556518555e-01,1.560171723365783691e+00,6.652302742004394531e-01,1.608924865722656250e-01,-7.549622654914855957e-01,-1.324885934591293335e-01,6.346701979637145996e-01,5.539892911911010742e-01,-9.052814841270446777e-01,-1.134400010108947754e+00,2.033556066453456879e-02
1.047544002532958984e+00,-1.494404196739196777e+00,3.110594153404235840e-01,-5.170435905456542969e-01,-2.203828692436218262e-01,8.191865682601928711e-01,-1.141521260142326355e-01,-6.017950177192687988e-01,8.451836109161376953e-01,3.454247713088989258e-01,1.641850113868713379e+00,-7.801086306571960449e-01,-4.004931151866912842e-01,-1.832375884056091309e+00,3.779319226741790771e-01,-3.422541916370391846e-01,2.356199979782104492e+00,3.101618885993957520e-01,8.212713897228240967e-02,2.798855006694793701e-01,1.241794824600219727e-01,-9.949917197227478027e-01,5.020952820777893066e-01,-2.091029405593872070e+00,2.010339945554733276e-01,1.574453949928283691e+00,6.585865020751953125e-01,1.742881238460540771e-01,-7.453225255012512207e-01,-1.262501329183578491e-01,6.211255788803100586e-01,5.976256728172302246e-01,-9.043526053428649902e-01,-1.134400010108947754e+00,3.440661355853080750e-02
1.031630396842956543e+00,-1.493697881698608398e+00,3.146368563175201416e-01,-4.905353784561157227e-01,-1.976540386676788330e-01,8.346093893051147461e-01,-1.540620625019073486e-01,-5.486065149307250977e-01,7.982693314552307129e-01,2.651746273040771484e-01,1.574083089828491211e+00,-8.087204694747924805e-01,-4.476754665374755859e-01,-1.693811178207397461e+00,3.375002443790435791e-01,-3.031633198261260986e-01,2.356199979782104492e+00,3.236085474491119385e-01,1.024864464998245239e-01,2.773209810256958008e-01,1.663738191127777100e-01,-8.611494898796081543e-01,3.846829831600189209e-01,-2.040936946868896484e+00,4.142426252365112305e-01,1.572743892669677734e+00,6.374315023422241211e-01,2.184956222772598267e-01,-7.095176577568054199e-01,-1.495985984802246094e-01,6.101281642913818359e-01,7.335961461067199707e-01,-9.020107388496398926e-01,-1.134400010108947754e+00,8.267910033464431763e-02
1.020964384078979492e+00,-1.496453881263732910e+00,3.233391344547271729e-01,-4.788827598094940186e-01,-1.498928219079971313e-01,8.375250101089477539e-01,-2.162298113107681274e-01,-6.359808444976806641e-01,7.183659672737121582e-01,1.282262802124023438e-01,1.594993472099304199e+00,-7.934888601303100586e-01,-4.761264622211456299e-01,-1.566625952720642090e+00,2.093390375375747681e-01,-2.264598906040191650e-01,2.356199979782104492e+00,2.646350860595703125e-01,1.483550220727920532e-01,1.902935206890106201e-01,1.721308082342147827e-01,-7.178776860237121582e-01,3.381465375423431396e-01,-1.885067105293273926e+00,4.967663288116455078e-01,1.424467206001281738e+00,5.767434239387512207e-01,2.685730755329132080e-01,-6.878347396850585938e-01,-1.867341697216033936e-01,6.350317597389221191e-01,8.713030815124511719e-01,-9.235110878944396973e-01,-1.134400010108947754e+00,2.139892131090164185e-01
1.013702869415283203e+00,-1.498580336570739746e+00,3.291997909545898438e-01,-4.589938819408416748e-01,-1.160936281085014343e-01,8.387610316276550293e-01,-2.689365446567535400e-01,-7.386686801910400391e-01,6.952623128890991211e-01,3.683043271303176880e-02,1.687618613243103027e+00,-7.365961670875549316e-01,-4.201806187629699707e-01,-1.453906774520874023e+00,1.010882407426834106e-01,-1.905464231967926025e-01,2.356199979782104492e+00,2.021960914134979248e-01,1.601471155881881714e-01,1.366388499736785889e-01,1.905012726783752441e-01,-5.473018884658813477e-01,3.324809372425079346e-01,-1.669165372848510742e+00,4.127934575080871582e-01,1.331426382064819336e+00,4.532951414585113525e-01,2.567422091960906982e-01,-6.638549566268920898e-01,-2.476795464754104614e-01,6.776034832000732422e-01,9.501265883445739746e-01,-9.493057131767272949e-01,-1.134400010108947754e+00,3.205453753471374512e-01
1.007143378257751465e+00,-1.501143097877502441e+00,3.336920738220214844e-01,-4.304079115390777588e-01,-8.684764802455902100e-02,8.387377262115478516e-01,-3.220644891262054443e-01,-8.679158091545104980e-01,6.779832243919372559e-01,-6.641887873411178589e-02,1.834931373596191406e+00,-7.193219661712646484e-01,-3.890526294708251953e-01,-1.330673098564147949e+00,-2.878809813410043716e-03,-1.837722063064575195e-01,2.356199979782104492e+00,1.319426894187927246e-01,1.569661796092987061e-01,9.693273156881332397e-02,2.174773365259170532e-01,-3.667619526386260986e-01,3.401897251605987549e-01,-1.458318829536437988e+00,3.020171523094177246e-01,1.312018275260925293e+00,4.451546072959899902e-01,2.113875299692153931e-01,-6.164685487747192383e-01,-3.192180097103118896e-01,7.062424421310424805e-01,1.007468104362487793e+00,-9.678000807762145996e-01,-1.134400010108947754e+00,4.163047671318054199e-01
1.001379728317260742e+00,-1.503082513809204102e+00,3.365234434604644775e-01,-3.943714201450347900e-01,-5.739892646670341492e-02,8.349475860595703125e-01,-3.795247673988342285e-01,-1.032682895660400391e+00,6.309702992439270020e-01,-1.987234354019165039e-01,2.025218486785888672e+00,-7.036869525909423828e-01,-3.475577831268310547e-01,-1.189358115196228027e+00,-1.087932363152503967e-01,-2.105415314435958862e-01,2.356199979782104492e+00,5.450812354683876038e-02,1.578146964311599731e-01,5.976753309369087219e-02,2.450435459613800049e-01,-1.819779127836227417e-01,3.762347996234893799e-01,-1.228258013725280762e+00,1.660037040710449219e-01,1.328180313110351562e+00,4.316579699516296387e-01,1.146582812070846558e-01,-5.429898500442504883e-01,-4.017148315906524658e-01,7.109512090682983398e-01,1.043336391448974609e+00,-9.605050683021545410e-01,-1.134400010108947754e+00,4.984775185585021973e-01
9.954935908317565918e-01,-1.505316734313964844e+00,3.399703204631805420e-01,-3.609912693500518799e-01,-2.555656619369983673e-02,8.289902210235595703e-01,-4.263887107372283936e-01,-1.195876717567443848e+00,5.461691617965698242e-01,-2.839218676090240479e-01,2.223670721054077148e+00,-6.910151839256286621e-01,-3.090555071830749512e-01,-1.051239490509033203e+00,-1.971467733383178711e-01,-2.401359081268310547e-01,2.356199979782104492e+00,-3.201504796743392944e-02,1.639135181903839111e-01,3.820360451936721802e-02,2.524156570434570312e-01,-1.644586212933063507e-02,4.274922311305999756e-01,-1.059022784233093262e+00,3.355789929628372192e-02,1.330963850021362305e+00,4.366904795169830322e-01,7.664375007152557373e-02,-4.794443845748901367e-01,-4.955035448074340820e-01,7.708221673965454102e-01,1.082455635070800781e+00,-8.444567918777465820e-01,-1.134400010108947754e+00,5.235999822616577148e-01
9.879837632179260254e-01,-1.507414102554321289e+00,3.475175201892852783e-01,-3.359828293323516846e-01,1.473952922970056534e-02,8.152412772178649902e-01,-4.714657068252563477e-01,-1.347535729408264160e+00,4.053994119167327881e-01,-2.811303734779357910e-01,2.356199979782104492e+00,-6.241797208786010742e-01,-2.576869726181030273e-01,-9.217561483383178711e-01,-2.937051653861999512e-01,-2.753662765026092529e-01,2.356199979782104492e+00,-1.506831794977188110e-01,1.700146198272705078e-01,5.795848090201616287e-03,2.283994853496551514e-01,1.265752613544464111e-01,4.940830171108245850e-01,-8.865313529968261719e-01,-8.180423080921173096e-02,1.255491375923156738e+00,4.356519281864166260e-01,4.801066592335700989e-02,-4.151421487331390381e-01,-5.952174663543701172e-01,8.484339714050292969e-01,1.098714470863342285e+00,-6.458058953285217285e-01,-1.118740677833557129e+00,5.078173875808715820e-01
9.792255759239196777e-01,-1.510531187057495117e+00,3.629008531570434570e-01,-3.357760906219482422e-01,8.359580487012863159e-02,8.000967502593994141e-01,-4.900116324424743652e-01,-1.434031963348388672e+00,2.550174891948699951e-01,-7.315576821565628052e-02,2.356199979782104492e+00,-4.325188696384429932e-01,-2.186267971992492676e-01,-8.432086706161499023e-01,-4.256815910339355469e-01,-2.300483733415603638e-01,2.356199979782104492e+00,-2.589395344257354736e-01,1.862615793943405151e-01,-8.428921923041343689e-03,1.077113151550292969e-01,2.611932158470153809e-01,5.701950192451477051e-01,-6.764900088310241699e-01,-1.486076861619949341e-01,1.132356047630310059e+00,4.645895063877105713e-01,1.440261770039796829e-02,-3.321792483329772949e-01,-6.834670901298522949e-01,8.905184864997863770e-01,1.091636657714843750e+00,-5.255501270294189453e-01,-1.000300407409667969e+00,4.895780980587005615e-01
9.780455827713012695e-01,-1.511257529258728027e+00,3.749741911888122559e-01,-3.293922841548919678e-01,1.277742236852645874e-01,7.851637601852416992e-01,-5.086181163787841797e-01,-1.580957174301147461e+00,1.383259147405624390e-01,1.588350981473922729e-01,2.356199979782104492e+00,-3.426864445209503174e-01,-1.986951828002929688e-01,-7.830132246017456055e-01,-5.241834521293640137e-01,-2.094695866107940674e-01,2.356199979782104492e+00,-3.253674209117889404e-01,2.089501321315765381e-01,-1.418822724372148514e-02,2.873208932578563690e-02,4.181317389011383057e-01,6.482739448547363281e-01,-4.231523275375366211e-01,-2.029056102037429810e-01,1.011363744735717773e+00,4.834688603878021240e-01,-2.268448297400027514e-04,-2.497228533029556274e-01,-7.639775872230529785e-01,9.505013823509216309e-01,1.061654448509216309e+00,-3.902911245822906494e-01,-8.862341642379760742e-01,4.823792278766632080e-01
9.813823699951171875e-01,-1.516114950180053711e+00,3.800032734870910645e-01,-3.101745843887329102e-01,1.472643464803695679e-01,7.732564210891723633e-01,-5.330848097801208496e-01,-1.741925120353698730e+00,4.657101258635520935e-02,3.865332007408142090e-01,2.356199979782104492e+00,-3.639958202838897705e-01,-1.828405559062957764e-01,-6.904707551002502441e-01,-5.896292924880981445e-01,-2.390121966600418091e-01,2.356199979782104492e+00,-4.182071387767791748e-01,2.490683495998382568e-01,-3.443130105733871460e-02,-5.728749558329582214e-03,6.296238899230957031e-01,7.069089412689208984e-01,-1.210689693689346313e-01,-2.374259382486343384e-01,7.977581620216369629e-01,4.743165671825408936e-01,-2.233200147747993469e-02,-2.052027583122253418e-01,-8.285290002822875977e-01,9.486299157142639160e-01,1.038079738616943359e+00,-3.627157583832740784e-02,-6.357744932174682617e-01,3.154273629188537598e-01
9.768137931823730469e-01,-1.520856976509094238e+00,3.743667304515838623e-01,-2.710512578487396240e-01,1.146490499377250671e-01,7.963597774505615234e-01,-5.283918380737304688e-01,-1.870327234268188477e+00,5.938228592276573181e-02,4.804536998271942139e-01,2.356199979782104492e+00,-4.798766672611236572e-01,-1.807983070611953735e-01,-6.105841398239135742e-01,-4.802888035774230957e-01,-2.786027491092681885e-01,2.356199979782104492e+00,-5.093317031860351562e-01,2.439339458942413330e-01,2.500574663281440735e-02,4.197648540139198303e-02,8.995977044105529785e-01,7.086138725280761719e-01,1.862542629241943359e-01,-2.273741662502288818e-01,7.231071591377258301e-01,4.614803493022918701e-01,1.261151582002639771e-02,-2.485847026109695435e-01,-8.617266416549682617e-01,9.222009181976318359e-01,1.076056003570556641e+00,2.167675197124481201e-01,-3.086671829223632812e-01,2.429325133562088013e-01
9.661632180213928223e-01,-1.530030012130737305e+00,3.658728301525115967e-01,-2.277543246746063232e-01,7.883582264184951782e-02,8.283613920211791992e-01,-5.056977868080139160e-01,-1.926504015922546387e+00,8.397961407899856567e-02,5.071966052055358887e-01,2.350296497344970703e+00,-6.088032722473144531e-01,-1.431612372398376465e-01,-5.353502631187438965e-01,-3.425603806972503662e-01,-2.865043580532073975e-01,2.348254919052124023e+00,-5.708414316177368164e-01,2.154954969882965088e-01,9.505518525838851929e-02,9.506465494632720947e-02,1.152701973915100098e+00,6.369090080261230469e-01,3.953871726989746094e-01,-1.541924029588699341e-01,8.200712203979492188e-01,4.333758950233459473e-01,7.741145044565200806e-02,-3.391128182411193848e-01,-8.603215813636779785e-01,1.012605547904968262e+00,1.114449739456176758e+00,8.433920331299304962e-03,-1.180680543184280396e-01,2.766138017177581787e-01
9.554362893104553223e-01,-1.544772744178771973e+00,3.670708239078521729e-01,-1.949248611927032471e-01,6.744458526372909546e-02,8.409444689750671387e-01,-5.002678632736206055e-01,-1.893584847450256348e+00,2.253871969878673553e-02,5.360341072082519531e-01,2.245059967041015625e+00,-6.221146583557128906e-01,-1.222098097205162048e-01,-4.355724453926086426e-01,-2.883032560348510742e-01,-3.130357265472412109e-01,2.299221754074096680e+00,-5.701232552528381348e-01,1.954181641340255737e-01,9.496521949768066406e-02,1.139614433050155640e-01,1.316789031028747559e+00,5.140710473060607910e-01,4.662117660045623779e-01,-3.209137171506881714e-02,9.362153410911560059e-01,3.662502765655517578e-01,1.184008792042732239e-01,-4.382250010967254639e-01,-8.372127413749694824e-01,1.261794567108154297e+00,1.119867444038391113e+00,-3.334598839282989502e-01,-1.117833927273750305e-01,2.873903214931488037e-01
9.457557201385498047e-01,-1.558143854141235352e+00,3.753704130649566650e-01,-1.753975003957748413e-01,6.956501305103302002e-02,8.447716236114501953e-01,-5.007567405700683594e-01,-1.811749100685119629e+00,-6.068211048841476440e-02,5.762765407562255859e-01,2.170784473419189453e+00,-6.337691545486450195e-01,2.413543760776519775e-01,-3.578629791736602783e-01,-2.704691290855407715e-01,-3.387223482131958008e-01,2.243149042129516602e+00,-5.466644167900085449e-01,1.791120320558547974e-01,7.415515184402465820e-02,1.069507300853729248e-01,1.407145500183105469e+00,3.816500306129455566e-01,3.961058855056762695e-01,9.196235984563827515e-02,8.648177981376647949e-01,3.670373260974884033e-01,1.300607919692993164e-01,-5.273064970970153809e-01,-7.987708449363708496e-01,1.425289750099182129e+00,1.102550029754638672e+00,-4.425005912780761719e-01,-1.651818305253982544e-01,2.957664728164672852e-01
9.391280412673950195e-01,-1.572141051292419434e+00,3.843812644481658936e-01,-1.625059098005294800e-01,7.350689917802810669e-02,8.552010059356689453e-01,-4.866413474082946777e-01,-1.756318688392639160e+00,-1.089683473110198975e-01,5.494574308395385742e-01,2.167963743209838867e+00,-6.813830733299255371e-01,2.600389420986175537e-01,-2.948649525642395020e-01,-2.596373558044433594e-01,-3.281143307685852051e-01,2.192317962646484375e+00,-5.495993494987487793e-01,1.691399067640304565e-01,7.415272295475006104e-02,8.333230763673782349e-02,1.435475349426269531e+00,2.510105371475219727e-01,2.241150736808776855e-01,2.122142016887664795e-01,7.787266373634338379e-01,4.058504104614257812e-01,1.593313515186309814e-01,-5.855330228805541992e-01,-7.338257431983947754e-01,1.414823532104492188e+00,1.048508286476135254e+00,-3.740790188312530518e-01,-1.810979545116424561e-01,2.891402542591094971e-01
9.321970343589782715e-01,-1.585369348526000977e+00,3.937757015228271484e-01,-1.489364653825759888e-01,7.322148233652114868e-02,8.645853400230407715e-01,-4.742875993251800537e-01,-1.715968489646911621e+00,-1.516358405351638794e-01,5.088844299316406250e-01,2.173318862915039062e+00,-7.263234257698059082e-01,2.531369328498840332e-01,-2.274379581212997437e-01,-2.314930558204650879e-01,-3.198184072971343994e-01,2.128286600112915039e+00,-5.656453967094421387e-01,1.585554927587509155e-01,7.224809378385543823e-02,7.200394570827484131e-02,1.399051904678344727e+00,1.419341415166854858e-01,-7.849840447306632996e-03,3.973748385906219482e-01,6.804804801940917969e-01,5.084968805313110352e-01,1.861235201358795166e-01,-6.319544911384582520e-01,-6.528859734535217285e-01,1.385523438453674316e+00,9.833294749259948730e-01,-2.315522134304046631e-01,-1.995362192392349243e-01,2.649565339088439941e-01
9.278818964958190918e-01,-1.595564842224121094e+00,4.047608375549316406e-01,-1.412908434867858887e-01,7.095289230346679688e-02,8.713599443435668945e-01,-4.644721448421478271e-01,-1.669261932373046875e+00,-1.786079704761505127e-01,4.838758111000061035e-01,2.160018682479858398e+00,-7.601460814476013184e-01,2.497564852237701416e-01,-1.823353916406631470e-01,-2.000183463096618652e-01,-3.043594956398010254e-01,2.066225767135620117e+00,-5.881800055503845215e-01,1.562255769968032837e-01,7.362958043813705444e-02,6.853777915239334106e-02,1.283354043960571289e+00,6.285323202610015869e-02,-2.526181936264038086e-01,5.992177128791809082e-01,6.078734993934631348e-01,5.478276610374450684e-01,2.107598185539245605e-01,-6.891318559646606445e-01,-5.617920756340026855e-01,1.425680279731750488e+00,9.451612830162048340e-01,-1.823445111513137817e-01,-2.302798181772232056e-01,2.367855161428451538e-01
9.227406978607177734e-01,-1.602199316024780273e+00,4.180440008640289307e-01,-1.376945525407791138e-01,6.353134661912918091e-02,8.764568567276000977e-01,-4.569763541221618652e-01,-1.626434206962585449e+00,-1.948570311069488525e-01,4.493249058723449707e-01,2.140153408050537109e+00,-7.949441075325012207e-01,2.448979914188385010e-01,-1.582531332969665527e-01,-1.645383387804031372e-01,-2.926409840583801270e-01,2.002449989318847656e+00,-6.108661293983459473e-01,1.563097685575485229e-01,7.178140431642532349e-02,6.678215414285659790e-02,1.123362302780151367e+00,-1.385648548603057861e-02,-4.246087372303009033e-01,8.299024105072021484e-01,5.550613999366760254e-01,5.219810009002685547e-01,2.113424837589263916e-01,-7.478641271591186523e-01,-4.526943564414978027e-01,1.468189001083374023e+00,9.215555787086486816e-01,-2.029220908880233765e-01,-2.758131027221679688e-01,2.088748514652252197e-01
9.164645075798034668e-01,-1.606406569480895996e+00,4.342773556709289551e-01,-1.346096098423004150e-01,5.102432146668434143e-02,8.783639669418334961e-01,-4.557998776435852051e-01,-1.583245635032653809e+00,-2.025576680898666382e-01,4.083698391914367676e-01,2.113367080688476562e+00,-8.279045820236206055e-01,2.381229698657989502e-01,-1.412792801856994629e-01,-1.242035403847694397e-01,-2.892586886882781982e-01,1.929296612739562988e+00,-6.286465525627136230e-01,1.696069985628128052e-01,6.780266016721725464e-02,7.972090691328048706e-02,9.809926748275756836e-01,-9.603644162416458130e-02,-5.023118853569030762e-01,1.019871473312377930e+00,5.761313438415527344e-01,3.881096243858337402e-01,1.683173626661300659e-01,-8.084015846252441406e-01,-3.447869420051574707e-01,1.533849239349365234e+00,9.152126312255859375e-01,-2.592043876647949219e-01,-3.332770764827728271e-01,1.801801919937133789e-01
9.084155559539794922e-01,-1.608166575431823730e+00,4.539369046688079834e-01,-1.318441033363342285e-01,3.628112003207206726e-02,8.774134516716003418e-01,-4.598330557346343994e-01,-1.535500407218933105e+00,-2.029848992824554443e-01,3.613794744014739990e-01,2.075881242752075195e+00,-8.458320498466491699e-01,2.275666594505310059e-01,-1.298875957727432251e-01,-7.146473228931427002e-02,-2.791201472282409668e-01,1.841896295547485352e+00,-6.345829367637634277e-01,1.882921308279037476e-01,6.098700314760208130e-02,9.526403993368148804e-02,8.705747127532958984e-01,-1.606857627630233765e-01,-5.051045417785644531e-01,1.080348372459411621e+00,6.400704979896545410e-01,2.175830453634262085e-01,1.368596851825714111e-01,-8.688005805015563965e-01,-2.403882443904876709e-01,1.599176645278930664e+00,9.140337109565734863e-01,-3.051415979862213135e-01,-3.615424036979675293e-01,1.541771292686462402e-01
8.978728055953979492e-01,-1.607469201087951660e+00,4.772966802120208740e-01,-1.315378993749618530e-01,2.362770028412342072e-02,8.737944364547729492e-01,-4.675711989402770996e-01,-1.482378721237182617e+00,-1.953994929790496826e-01,3.168585598468780518e-01,2.023512125015258789e+00,-8.485221266746520996e-01,2.136175036430358887e-01,-1.248113662004470825e-01,-1.104482822120189667e-02,-2.513354122638702393e-01,1.740571498870849609e+00,-6.303415298461914062e-01,2.037464380264282227e-01,5.821401998400688171e-02,9.769964963197708130e-02,7.786437869071960449e-01,-1.920854300260543823e-01,-5.102565288543701172e-01,1.086127638816833496e+00,6.130321025848388672e-01,1.705297678709030151e-01,1.338720619678497314e-01,-9.141037464141845703e-01,-1.583767533302307129e-01,1.643704891204833984e+00,8.875725865364074707e-01,-3.326399922370910645e-01,-3.756851553916931152e-01,1.288349628448486328e-01
8.841288089752197266e-01,-1.605946779251098633e+00,5.040093064308166504e-01,-1.285034418106079102e-01,9.456611238420009613e-03,8.661171197891235352e-01,-4.829477667808532715e-01,-1.421550393104553223e+00,-1.921721100807189941e-01,2.604385018348693848e-01,1.959001421928405762e+00,-8.388997316360473633e-01,1.906747668981552124e-01,-1.139605715870857239e-01,5.946658551692962646e-02,-2.282088696956634521e-01,1.616344213485717773e+00,-5.934816002845764160e-01,2.165698260068893433e-01,5.846658349037170410e-02,1.076609790325164795e-01,7.051496505737304688e-01,-1.921753436326980591e-01,-5.248968005180358887e-01,1.076745510101318359e+00,5.332697033882141113e-01,2.053044289350509644e-01,1.166375949978828430e-01,-9.400302171707153320e-01,-1.164279878139495850e-01,1.680767178535461426e+00,8.333297371864318848e-01,-3.773384988307952881e-01,-4.073142111301422119e-01,9.460268169641494751e-02
8.668774366378784180e-01,-1.604026675224304199e+00,5.339360833168029785e-01,-1.222176551818847656e-01,-6.503802724182605743e-03,8.530101180076599121e-01,-5.073403716087341309e-01,-1.353142619132995605e+00,-1.923505365848541260e-01,1.904492974281311035e-01,1.881622552871704102e+00,-8.140217661857604980e-01,1.587149053812026978e-01,-1.113042831420898438e-01,1.263058483600616455e-01,-2.325823456048965454e-01,1.486086249351501465e+00,-4.775911271572113037e-01,2.275565564632415771e-01,5.226044356822967529e-02,1.239092797040939331e-01,6.410102844238281250e-01,-1.696637272834777832e-01,-5.221858620643615723e-01,1.061077475547790527e+00,4.570682346820831299e-01,2.764496505260467529e-01,8.562742918729782104e-02,-9.371773600578308105e-01,-1.136542260646820068e-01,1.660700082778930664e+00,7.336035370826721191e-01,-4.833867847919464111e-01,-4.376936554908752441e-01,7.592130452394485474e-02
8.474817872047424316e-01,-1.601074814796447754e+00,5.652550458908081055e-01,-1.152270808815956116e-01,-2.179954573512077332e-02,8.381979465484619141e-01,-5.326083898544311523e-01,-1.283905982971191406e+00,-1.894514709711074829e-01,1.140962690114974976e-01,1.794014930725097656e+00,-7.804141640663146973e-01,1.218415722250938416e-01,-1.373324394226074219e-01,1.598045080900192261e-01,-2.727776467800140381e-01,1.395061135292053223e+00,-2.921977043151855469e-01,2.789275050163269043e-01,4.147902876138687134e-02,1.351034641265869141e-01,5.761425495147705078e-01,-1.354309618473052979e-01,-4.613224565982818604e-01,1.047495961189270020e+00,4.413484632968902588e-01,2.968710064888000488e-01,5.763491243124008179e-02,-9.132552146911621094e-01,-1.286903768777847290e-01,1.607800006866455078e+00,6.045843958854675293e-01,-5.862417221069335938e-01,-4.535674452781677246e-01,7.111500948667526245e-02
8.302619457244873047e-01,-1.598059415817260742e+00,5.967482328414916992e-01,-1.097259446978569031e-01,-3.082185052335262299e-02,8.271409869194030762e-01,-5.503162741661071777e-01,-1.212487220764160156e+00,-1.876524984836578369e-01,4.743327945470809937e-02,1.695331931114196777e+00,-7.484010457992553711e-01,9.065180271863937378e-02,-1.821235269308090210e-01,1.472504734992980957e-01,-3.341414332389831543e-01,1.384588241577148438e+00,-2.763230502605438232e-01,3.235852420330047607e-01,3.449689969420433044e-02,1.332774907350540161e-01,5.241845250129699707e-01,-1.052994802594184875e-01,-3.803266882896423340e-01,1.022831559181213379e+00,4.560768902301788330e-01,2.915951907634735107e-01,6.330221146345138550e-02,-8.698682785034179688e-01,-1.508703529834747314e-01,1.539825677871704102e+00,4.735152423381805420e-01,-6.577391624450683594e-01,-4.372427761554718018e-01,4.655156284570693970e-02
8.127980232238769531e-01,-1.596962213516235352e+00,6.293714642524719238e-01,-1.029405891895294189e-01,-3.461341932415962219e-02,8.172887563705444336e-01,-5.659012198448181152e-01,-1.126418352127075195e+00,-1.951144039630889893e-01,-2.323124557733535767e-02,1.582852840423583984e+00,-7.134212851524353027e-01,5.992250517010688782e-02,-2.334162890911102295e-01,8.596266806125640869e-02,-4.267067015171051025e-01,1.437825083732604980e+00,-3.240495920181274414e-01,3.164530694484710693e-01,2.040716260671615601e-02,1.182522252202033997e-01,4.951509833335876465e-01,-7.033601403236389160e-02,-3.081423938274383545e-01,9.759747385978698730e-01,4.645727872848510742e-01,3.044241368770599365e-01,7.759303599596023560e-02,-8.039981126785278320e-01,-1.723926067352294922e-01,1.467428922653198242e+00,3.630871772766113281e-01,-6.940917968750000000e-01,-3.998633623123168945e-01,-1.659532426856458187e-03
7.965055704116821289e-01,-1.593972325325012207e+00,6.619622111320495605e-01,-1.004020124673843384e-01,-3.130426630377769470e-02,8.074809908866882324e-01,-5.804428458213806152e-01,-1.036675691604614258e+00,-2.174685299396514893e-01,-9.613288938999176025e-02,1.450542211532592773e+00,-6.586243510246276855e-01,2.602532133460044861e-02,-2.988405525684356689e-01,-5.755671765655279160e-03,-4.911091625690460205e-01,1.517017006874084473e+00,-3.997477293014526367e-01,2.680400609970092773e-01,-8.271344937384128571e-03,9.619048237800598145e-02,4.814187884330749512e-01,-4.161723330616950989e-02,-2.491936534643173218e-01,9.176466464996337891e-01,4.888319671154022217e-01,3.539040088653564453e-01,9.037335962057113647e-02,-7.278500795364379883e-01,-1.945603191852569580e-01,1.410813808441162109e+00,2.732869684696197510e-01,-7.112544178962707520e-01,-3.448615968227386475e-01,-5.922110751271247864e-02
7.792406082153320312e-01,-1.590231299400329590e+00,6.969757080078125000e-01,-1.004326865077018738e-01,-2.565457671880722046e-02,8.007471561431884766e-01,-5.899653434753417969e-01,-9.348194003105163574e-01,-2.256892174482345581e-01,-1.632239520549774170e-01,1.288842201232910156e+00,-5.847211480140686035e-01,-3.465731395408511162e-03,-3.658779263496398926e-01,-1.052988693118095398e-01,-5.158497691154479980e-01,1.564817190170288086e+00,-4.486663937568664551e-01,2.241213023662567139e-01,-3.710014745593070984e-02,6.608331948518753052e-02,4.746916890144348145e-01,-9.570488706231117249e-03,-2.083861082792282104e-01,8.563048243522644043e-01,5.163585543632507324e-01,4.244620501995086670e-01,9.830408543348312378e-02,-6.376917362213134766e-01,-2.143995910882949829e-01,1.372502565383911133e+00,2.169011235237121582e-01,-7.230656743049621582e-01,-2.934859991073608398e-01,-1.032809466123580933e-01
7.608649134635925293e-01,-1.585202932357788086e+00,7.326853275299072266e-01,-1.033418700098991394e-01,-1.905280351638793945e-02,7.965266108512878418e-01,-5.954014062881469727e-01,-8.266617655754089355e-01,-2.102473825216293335e-01,-2.098290175199508667e-01,1.094267845153808594e+00,-4.813195765018463135e-01,-3.505769744515419006e-02,-4.323617815971374512e-01,-1.964664161205291748e-01,-5.001823306083679199e-01,1.555897355079650879e+00,-4.647611081600189209e-01,1.863623261451721191e-01,-6.106641516089439392e-02,2.739820070564746857e-02,4.672257006168365479e-01,3.601442649960517883e-02,-1.867421418428421021e-01,7.956501245498657227e-01,5.711047053337097168e-01,4.641270339488983154e-01,1.129612028598785400e-01,-5.444048047065734863e-01,-2.331068366765975952e-01,1.340692162513732910e+00,1.929459720849990845e-01,-7.509800791740417480e-01,-2.557431459426879883e-01,-1.278265714645385742e-01
7.407318949699401855e-01,-1.579867720603942871e+00,7.632166743278503418e-01,-1.047175526618957520e-01,-1.466711610555648804e-02,7.936769127845764160e-01,-5.990793704986572266e-01,-7.177909016609191895e-01,-1.717363297939300537e-01,-2.349951863288879395e-01,8.929939866065979004e-01,-3.872378170490264893e-01,-5.405787378549575806e-02,-4.845157563686370850e-01,-2.594883143901824951e-01,-4.615872204303741455e-01,1.493118166923522949e+00,-4.864106178283691406e-01,1.494832038879394531e-01,-7.137193530797958374e-02,-1.374896708875894547e-02,4.621177911758422852e-01,1.071380004286766052e-01,-1.766951084136962891e-01,7.244723439216613770e-01,6.677145361900329590e-01,4.385599792003631592e-01,1.344646662473678589e-01,-4.493263065814971924e-01,-2.472346723079681396e-01,1.295029997825622559e+00,2.025963217020034790e-01,-7.691518068313598633e-01,-2.274503558874130249e-01,-1.341871321201324463e-01
7.184479832649230957e-01,-1.573108553886413574e+00,7.846028804779052734e-01,-1.010167747735977173e-01,-1.577668450772762299e-02,7.883995175361633301e-01,-6.066076755523681641e-01,-6.358498334884643555e-01,-1.175464019179344177e-01,-2.298604846000671387e-01,7.606973052024841309e-01,-3.778817653656005859e-01,-1.156957447528839111e-02,-5.143231749534606934e-01,-2.926001846790313721e-01,-4.220540821552276611e-01,1.387472033500671387e+00,-5.200303792953491211e-01,1.006398275494575500e-01,-7.291522622108459473e-02,-3.718979656696319580e-02,4.613902270793914795e-01,2.008526176214218140e-01,-1.986413598060607910e-01,6.360281705856323242e-01,7.516232728958129883e-01,3.726864457130432129e-01,1.585895419120788574e-01,-3.537784814834594727e-01,-2.703304290771484375e-01,1.223675489425659180e+00,2.326570749282836914e-01,-7.849994897842407227e-01,-2.189450263977050781e-01,-1.232056170701980591e-01
6.970421671867370605e-01,-1.567179441452026367e+00,7.957121729850769043e-01,-9.247981756925582886e-02,-1.881649531424045563e-02,7.811775207519531250e-01,-6.171345710754394531e-01,-5.962455272674560547e-01,-5.833103135228157043e-02,-1.830220371484756470e-01,7.490402460098266602e-01,-4.000616669654846191e-01,9.716420318000018597e-04,-5.193054080009460449e-01,-3.093982934951782227e-01,-3.784882128238677979e-01,1.252125501632690430e+00,-5.473369956016540527e-01,5.445556342601776123e-02,-7.020761817693710327e-02,-3.585772216320037842e-02,4.650067687034606934e-01,3.012240827083587646e-01,-2.408363819122314453e-01,5.220425128936767578e-01,7.816830277442932129e-01,2.875324487686157227e-01,1.559394448995590210e-01,-2.556935846805572510e-01,-3.081347346305847168e-01,1.132523536682128906e+00,2.573770284652709961e-01,-7.737537622451782227e-01,-2.150804549455642700e-01,-1.080348268151283264e-01
6.782983541488647461e-01,-1.562886357307434082e+00,7.940119504928588867e-01,-7.932217419147491455e-02,-2.273768000304698944e-02,7.762894034385681152e-01,-6.249526143074035645e-01,-5.903536081314086914e-01,1.244616578333079815e-03,-1.249890029430389404e-01,8.583657741546630859e-01,-4.047715067863464355e-01,-1.274037081748247147e-02,-5.117142200469970703e-01,-3.089296519756317139e-01,-3.036846816539764404e-01,1.106623291969299316e+00,-5.777052044868469238e-01,2.404705621302127838e-02,-5.484138801693916321e-02,-1.970518007874488831e-02,4.646390378475189209e-01,4.056619703769683838e-01,-2.823555171489715576e-01,3.961873352527618408e-01,8.015350103378295898e-01,1.915580779314041138e-01,1.354405134916305542e-01,-1.451783329248428345e-01,-3.530630767345428467e-01,1.009221673011779785e+00,2.721534669399261475e-01,-7.647991180419921875e-01,-2.052308917045593262e-01,-8.885573595762252808e-02
6.577818989753723145e-01,-1.557235836982727051e+00,7.817974090576171875e-01,-5.699083209037780762e-02,-3.863957524299621582e-02,7.790445685386657715e-01,-6.231762170791625977e-01,-5.977798104286193848e-01,9.345462918281555176e-02,-8.869560062885284424e-02,1.018501281738281250e+00,-4.276432394981384277e-01,-3.205021098256111145e-02,-5.028111934661865234e-01,-2.450787425041198730e-01,-1.643000692129135132e-01,9.397048354148864746e-01,-5.022720694541931152e-01,4.218701645731925964e-02,-1.471965294331312180e-02,1.604358479380607605e-02,4.429855644702911377e-01,5.144320726394653320e-01,-2.920864522457122803e-01,2.662633061408996582e-01,7.866697907447814941e-01,8.696264773607254028e-02,1.013249978423118591e-01,-2.648577094078063965e-02,-3.786616921424865723e-01,8.610724210739135742e-01,2.932213544845581055e-01,-7.410545945167541504e-01,-2.032729238271713257e-01,-7.963357120752334595e-02
6.382898092269897461e-01,-1.552989721298217773e+00,7.642876505851745605e-01,-3.540177643299102783e-02,-4.774551093578338623e-02,7.730202674865722656e-01,-6.315906643867492676e-01,-5.934083461761474609e-01,1.458232402801513672e-01,-1.068469434976577759e-01,1.157448768615722656e+00,-4.288412928581237793e-01,-4.648111388087272644e-02,-4.780859947204589844e-01,-1.916116029024124146e-01,-3.729193471372127533e-03,9.129753708839416504e-01,-5.364992618560791016e-01,2.064361423254013062e-01,6.620403291890397668e-05,4.149933531880378723e-02,3.978476524353027344e-01,5.837653875350952148e-01,-2.753087580204010010e-01,1.637196540832519531e-01,7.556231617927551270e-01,3.046949766576290131e-02,5.027649551630020142e-02,9.900361299514770508e-02,-3.863352537155151367e-01,7.055426239967346191e-01,3.139624595642089844e-01,-6.978414654731750488e-01,-2.172662466764450073e-01,-7.465139031410217285e-02
6.241158843040466309e-01,-1.550248622894287109e+00,7.404170036315917969e-01,-2.005624212324619293e-02,-4.713209718465805054e-02,7.698072791099548340e-01,-6.362177729606628418e-01,-5.789160728454589844e-01,1.704897731542587280e-01,-1.062660738825798035e-01,1.283123612403869629e+00,-4.359159767627716064e-01,-9.444098919630050659e-02,-4.834460020065307617e-01,-1.805784553289413452e-01,-1.165053620934486389e-02,1.011510014533996582e+00,-6.271052360534667969e-01,2.291395366191864014e-01,2.270143292844295502e-02,4.655301570892333984e-02,3.547268807888031006e-01,5.895560979843139648e-01,-2.435472458600997925e-01,8.620411157608032227e-02,7.535147070884704590e-01,1.731394790112972260e-02,1.561275497078895569e-02,2.216158658266067505e-01,-3.813610374927520752e-01,5.508446693420410156e-01,3.458425104618072510e-01,-6.513390541076660156e-01,-2.381097674369812012e-01,-6.159187108278274536e-02
6.105255484580993652e-01,-1.547700643539428711e+00,7.222056388854980469e-01,-5.550792440772056580e-03,-4.697110503911972046e-02,7.685014009475708008e-01,-6.380975842475891113e-01,-5.578805804252624512e-01,1.925190389156341553e-01,-1.014462187886238098e-01,1.359205365180969238e+00,-4.498457908630371094e-01,-1.316861212253570557e-01,-5.076760053634643555e-01,-1.668787747621536255e-01,-4.905737563967704773e-02,1.115392923355102539e+00,-6.680735349655151367e-01,2.277203649282455444e-01,3.515218943357467651e-02,3.800985962152481079e-02,3.299129009246826172e-01,5.128595232963562012e-01,-1.592622697353363037e-01,4.969684407114982605e-02,7.656256556510925293e-01,2.173247188329696655e-02,-6.336528342217206955e-03,3.062873184680938721e-01,-3.556539714336395264e-01,4.642954766750335693e-01,4.193370342254638672e-01,-6.209085583686828613e-01,-2.826776802539825439e-01,-2.525384165346622467e-02
6.023665666580200195e-01,-1.544901013374328613e+00,7.118995189666748047e-01,-3.618700662627816200e-03,-4.700361564755439758e-02,7.667907476425170898e-01,-6.401636600494384766e-01,-5.625752210617065430e-01,2.054987251758575439e-01,-7.882624864578247070e-02,1.389563083648681641e+00,-4.907715618610382080e-01,-1.659002304077148438e-01,-5.349854826927185059e-01,-1.592261344194412231e-01,-5.397172644734382629e-02,1.187905430793762207e+00,-7.303222417831420898e-01,2.177559584379196167e-01,3.195177018642425537e-02,4.462763667106628418e-02,3.235237896442413330e-01,3.343646526336669922e-01,-4.456902667880058289e-02,4.678798839449882507e-02,8.124057650566101074e-01,4.327516257762908936e-02,-1.606676541268825531e-02,3.265053033828735352e-01,-3.425832390785217285e-01,4.213890433311462402e-01,5.752663612365722656e-01,-6.396858096122741699e-01,-3.801349401473999023e-01,8.109542727470397949e-02
6.023091673851013184e-01,-1.545869231224060059e+00,7.130581140518188477e-01,-4.240334033966064453e-03,-4.225878417491912842e-02,7.646353244781494141e-01,-6.430622339248657227e-01,-5.659956932067871094e-01,2.032756507396697998e-01,-5.771479755640029907e-02,1.399357795715332031e+00,-4.932376444339752197e-01,-1.677204519510269165e-01,-5.240906476974487305e-01,-1.600388586521148682e-01,-4.257822409272193909e-02,1.190735459327697754e+00,-7.774434089660644531e-01,2.110122293233871460e-01,3.854010254144668579e-02,3.918229788541793823e-02,3.440782725811004639e-01,1.765307784080505371e-01,9.344830177724361420e-03,3.843281045556068420e-02,9.027621150016784668e-01,7.846855372190475464e-02,3.195434436202049255e-02,3.371785283088684082e-01,-3.042610585689544678e-01,3.421629369258880615e-01,7.627927660942077637e-01,-7.558798789978027344e-01,-4.635283350944519043e-01,2.555911540985107422e-01
6.096839904785156250e-01,-1.548650264739990234e+00,7.259334325790405273e-01,-3.670292673632502556e-03,-3.820734098553657532e-02,7.594313025474548340e-01,-6.494542360305786133e-01,-5.653234124183654785e-01,2.000363916158676147e-01,-4.473559185862541199e-02,1.376573324203491211e+00,-4.279489219188690186e-01,-1.559864878654479980e-01,-4.779381453990936279e-01,-1.700970679521560669e-01,-4.513891041278839111e-02,1.119987368583679199e+00,-7.514835596084594727e-01,2.137134373188018799e-01,4.489122703671455383e-02,3.905335068702697754e-02,3.778098821640014648e-01,1.206142008304595947e-01,-4.934116452932357788e-02,3.939362615346908569e-02,9.965946674346923828e-01,1.090047210454940796e-01,9.839004278182983398e-02,3.574790358543395996e-01,-2.634229660034179688e-01,2.055948674678802490e-01,9.008458256721496582e-01,-7.965891957283020020e-01,-4.424803853034973145e-01,4.080685079097747803e-01
6.235342025756835938e-01,-1.552049040794372559e+00,7.461791634559631348e-01,-4.978914279490709305e-03,-3.548033535480499268e-02,7.570363879203796387e-01,-6.523896455764770508e-01,-5.562444925308227539e-01,1.967319697141647339e-01,-2.936320193111896515e-02,1.326743841171264648e+00,-3.776835501194000244e-01,-1.443065106868743896e-01,-4.205485284328460693e-01,-1.817204952239990234e-01,-4.064472764730453491e-02,9.983340501785278320e-01,-6.635065674781799316e-01,2.238489389419555664e-01,4.348043724894523621e-02,4.697218164801597595e-02,4.089256525039672852e-01,1.257948577404022217e-01,-1.464282274246215820e-01,5.204388126730918884e-02,1.114895224571228027e+00,9.360126405954360962e-02,8.723276108503341675e-02,3.820116519927978516e-01,-2.548638582229614258e-01,1.105684190988540649e-01,9.968880414962768555e-01,-5.766969919204711914e-01,-4.631840586662292480e-01,4.301059246063232422e-01
6.401444077491760254e-01,-1.555672764778137207e+00,7.665230631828308105e-01,-8.037146180868148804e-03,-3.419792279601097107e-02,7.583764195442199707e-01,-6.508695483207702637e-01,-5.349063873291015625e-01,1.958656162023544312e-01,-3.692111931741237640e-03,1.253214120864868164e+00,-3.996232151985168457e-01,-1.572965234518051147e-01,-3.803840577602386475e-01,-1.963624656200408936e-01,-3.018078580498695374e-02,8.788832426071166992e-01,-5.160208940505981445e-01,2.329953163862228394e-01,3.961249440908432007e-02,5.369310826063156128e-02,4.380088746547698975e-01,1.486439406871795654e-01,-2.174650579690933228e-01,5.939388647675514221e-02,1.219560146331787109e+00,6.722533702850341797e-02,9.115754626691341400e-03,4.107684493064880371e-01,-2.734862267971038818e-01,7.936142385005950928e-02,1.050295472145080566e+00,-2.080041319131851196e-01,-4.699792563915252686e-01,3.483057916164398193e-01
6.550643444061279297e-01,-1.559523105621337891e+00,7.851904630661010742e-01,-1.199144497513771057e-02,-3.264004737138748169e-02,7.609055638313293457e-01,-6.479302644729614258e-01,-4.969238638877868652e-01,2.084030210971832275e-01,4.496118053793907166e-02,1.145846486091613770e+00,-4.339677095413208008e-01,-1.530389040708541870e-01,-3.533891737461090088e-01,-2.140504121780395508e-01,-2.894840389490127563e-02,7.729473710060119629e-01,-3.330570161342620850e-01,2.287533879280090332e-01,3.489969298243522644e-02,5.999253690242767334e-02,4.625463485717773438e-01,1.767396181821823120e-01,-2.674765288829803467e-01,5.620468780398368835e-02,1.160650610923767090e+00,3.036786615848541260e-02,-6.738813221454620361e-02,4.405860006809234619e-01,-3.156024515628814697e-01,1.258068233728408813e-01,1.076846957206726074e+00,8.522076159715652466e-02,-4.198291599750518799e-01,2.598194777965545654e-01
6.691471338272094727e-01,-1.563455104827880859e+00,7.984424233436584473e-01,-1.979753375053405762e-02,-2.672255970537662506e-02,7.601209282875061035e-01,-6.489300131797790527e-01,-4.504930377006530762e-01,2.069406807422637939e-01,1.045765876770019531e-01,1.012242078781127930e+00,-4.586114883422851562e-01,-1.018501520156860352e-01,-3.331484496593475342e-01,-2.488791793584823608e-01,-4.759766906499862671e-02,6.978911757469177246e-01,-2.017249763011932373e-01,2.182688415050506592e-01,2.861646004021167755e-02,5.597616359591484070e-02,4.766066968441009521e-01,2.053628861904144287e-01,-3.081687390804290771e-01,6.452030688524246216e-02,9.986285567283630371e-01,-1.167776435613632202e-02,-1.429014801979064941e-01,4.698327183723449707e-01,-3.659363389015197754e-01,2.196613699197769165e-01,1.078818440437316895e+00,1.405953019857406616e-01,-3.475738465785980225e-01,1.983543783426284790e-01
6.829829812049865723e-01,-1.568413496017456055e+00,8.038727641105651855e-01,-2.615031786262989044e-02,-1.791551895439624786e-02,7.572673559188842773e-01,-6.523353457450866699e-01,-3.943545818328857422e-01,1.928094923496246338e-01,1.570280194282531738e-01,8.640236854553222656e-01,-4.653142094612121582e-01,-6.840249896049499512e-02,-3.225019574165344238e-01,-2.898140549659729004e-01,-8.063825219869613647e-02,6.738809347152709961e-01,-1.304934620857238770e-01,2.007008492946624756e-01,2.146686427295207977e-02,3.917410969734191895e-02,4.834480583667755127e-01,2.481119483709335327e-01,-3.429912924766540527e-01,7.245875895023345947e-02,8.767814636230468750e-01,1.589952409267425537e-02,-1.775154918432235718e-01,5.073484778404235840e-01,-4.077802896499633789e-01,3.149706125259399414e-01,1.043529510498046875e+00,1.789854140952229500e-03,-3.248953819274902344e-01,1.725404709577560425e-01
6.977083086967468262e-01,-1.571540951728820801e+00,8.013781905174255371e-01,-3.750794753432273865e-02,-6.603158544749021530e-03,7.541249394416809082e-01,-6.556257605552673340e-01,-3.469849824905395508e-01,1.571620404720306396e-01,1.996888816356658936e-01,7.055913805961608887e-01,-4.080885946750640869e-01,-8.649805188179016113e-02,-3.338836729526519775e-01,-3.444974422454833984e-01,-9.773902595043182373e-02,6.919484138488769531e-01,-1.213642209768295288e-01,2.066308706998825073e-01,1.712850481271743774e-02,4.682108759880065918e-03,4.696139991283416748e-01,3.010219037532806396e-01,-3.798363208770751953e-01,7.685833424329757690e-02,8.658631443977355957e-01,1.118481531739234924e-01,-1.517116874456405640e-01,5.414592027664184570e-01,-4.397689104080200195e-01,3.692672550678253174e-01,9.810563325881958008e-01,-2.351180016994476318e-01,-3.316188454627990723e-01,1.737883388996124268e-01
7.108519077301025391e-01,-1.574308753013610840e+00,7.971022725105285645e-01,-4.470546171069145203e-02,4.733882844448089600e-03,7.484053373336791992e-01,-6.617163419723510742e-01,-3.291389346122741699e-01,1.203783825039863586e-01,2.081128507852554321e-01,6.552975773811340332e-01,-3.750011026859283447e-01,-1.232651695609092712e-01,-3.263911902904510498e-01,-3.893148005008697510e-01,-9.544222801923751831e-02,7.037073373794555664e-01,-1.550609916448593140e-01,2.323165237903594971e-01,1.414907444268465042e-02,-1.248064264655113220e-02,4.333888590335845947e-01,3.419493734836578369e-01,-4.293976724147796631e-01,8.460063487291336060e-02,8.612813353538513184e-01,1.650739908218383789e-01,-1.226827502250671387e-01,5.759327411651611328e-01,-4.763947725296020508e-01,3.938532769680023193e-01,9.131047129631042480e-01,-4.047433733940124512e-01,-3.509806990623474121e-01,1.765267848968505859e-01
7.237204909324645996e-01,-1.576839804649353027e+00,7.878326177597045898e-01,-4.176862910389900208e-02,1.268438622355461121e-02,7.406461834907531738e-01,-6.704757213592529297e-01,-3.499448299407958984e-01,1.090698093175888062e-01,2.162480801343917847e-01,7.245030403137207031e-01,-3.891605436801910400e-01,-1.161586716771125793e-01,-3.134120404720306396e-01,-4.143925607204437256e-01,-7.651763409376144409e-02,7.314839959144592285e-01,-1.759899556636810303e-01,2.512940466403961182e-01,1.498140860348939896e-02,-1.659487560391426086e-02,3.859864175319671631e-01,3.788888752460479736e-01,-4.698820412158966064e-01,1.022995337843894958e-01,8.464319705963134766e-01,1.553699374198913574e-01,-1.221887767314910889e-01,6.007968783378601074e-01,-4.953899979591369629e-01,3.880916237831115723e-01,8.718746900558471680e-01,-4.516277909278869629e-01,-3.704854249954223633e-01,1.641799658536911011e-01
7.385935783386230469e-01,-1.580303072929382324e+00,7.800174951553344727e-01,-3.637277334928512573e-02,2.608264610171318054e-02,7.311332821846008301e-01,-6.807648539543151855e-01,-3.581689894199371338e-01,7.793296873569488525e-02,1.978579908609390259e-01,7.866886258125305176e-01,-4.107772409915924072e-01,-1.055550426244735718e-01,-2.906035184860229492e-01,-4.449574649333953857e-01,-5.727431923151016235e-02,7.648589611053466797e-01,-1.954025775194168091e-01,2.678155899047851562e-01,1.892806589603424072e-02,-2.061772905290126801e-02,3.095541894435882568e-01,4.011043906211853027e-01,-5.314782857894897461e-01,1.734211742877960205e-01,8.269102573394775391e-01,1.302650123834609985e-01,-1.174059584736824036e-01,5.870674252510070801e-01,-4.892433583736419678e-01,3.858326971530914307e-01,8.885224461555480957e-01,-4.359907805919647217e-01,-3.961778283119201660e-01,1.679358631372451782e-01
7.488557696342468262e-01,-1.580663204193115234e+00,7.771826386451721191e-01,-3.765625506639480591e-02,2.675720863044261932e-02,7.227959632873535156e-01,-6.895158290863037109e-01,-3.768758475780487061e-01,5.336749553680419922e-02,1.764622628688812256e-01,8.122319579124450684e-01,-4.298990368843078613e-01,-9.415067732334136963e-02,-3.000178635120391846e-01,-4.493361413478851318e-01,-3.575607389211654663e-02,7.942705750465393066e-01,-1.981891244649887085e-01,2.646141648292541504e-01,3.407506737858057022e-03,-3.029681928455829620e-02,1.906014084815979004e-01,3.886068165302276611e-01,-6.223568320274353027e-01,3.161991238594055176e-01,8.230557441711425781e-01,1.194372326135635376e-01,-7.107566297054290771e-02,4.807512164115905762e-01,-4.159460067749023438e-01,3.167751133441925049e-01,9.906034469604492188e-01,-4.026656448841094971e-01,-4.009930491447448730e-01,1.822340041399002075e-01
7.575737833976745605e-01,-1.580772280693054199e+00,7.804833054542541504e-01,-4.126426577568054199e-02,2.799912355840206146e-02,7.169486284255981445e-01,-6.953402161598205566e-01,-3.734669685363769531e-01,1.544196344912052155e-02,1.442192345857620239e-01,7.926925420761108398e-01,-4.500680863857269287e-01,-7.484475523233413696e-02,-3.299169242382049561e-01,-4.505707323551177979e-01,-2.008484862744808197e-02,8.343728184700012207e-01,-1.784423738718032837e-01,2.069954872131347656e-01,-1.893239840865135193e-02,-3.848398849368095398e-02,6.936377286911010742e-02,3.332357108592987061e-01,-7.065666913986206055e-01,5.727449655532836914e-01,8.077087402343750000e-01,1.377688348293304443e-01,4.538631066679954529e-02,3.775790631771087646e-01,-3.116355538368225098e-01,1.231209263205528259e-01,1.103849530220031738e+00,-3.676206171512603760e-01,-4.145521819591522217e-01,2.042233049869537354e-01
7.630222439765930176e-01,-1.581521034240722656e+00,7.874011397361755371e-01,-4.915975034236907959e-02,3.498422726988792419e-02,7.143008708953857422e-01,-6.972329020500183105e-01,-3.420097231864929199e-01,-3.284220024943351746e-02,1.164861172437667847e-01,7.237051725387573242e-01,-4.450903236865997314e-01,-4.786815494298934937e-02,-3.636646270751953125e-01,-4.615732133388519287e-01,-2.313961088657379150e-02,8.655437827110290527e-01,-1.508596539497375488e-01,5.050324276089668274e-02,-2.238298766314983368e-02,-6.752829253673553467e-02,-4.779366031289100647e-02,2.643766701221466064e-01,-7.467523813247680664e-01,9.043408632278442383e-01,7.247592210769653320e-01,2.547225952148437500e-01,2.159444242715835571e-01,2.994564473628997803e-01,-2.071942538022994995e-01,-2.229929901659488678e-02,1.154519915580749512e+00,-2.204156219959259033e-01,-5.195817947387695312e-01,2.149539589881896973e-01
7.620462775230407715e-01,-1.581753611564636230e+00,7.950592041015625000e-01,-5.003699660301208496e-02,3.217242658138275146e-02,7.138124108314514160e-01,-6.978059411048889160e-01,-3.100738525390625000e-01,-3.795220330357551575e-02,1.034957766532897949e-01,6.454624533653259277e-01,-4.038600921630859375e-01,-4.348565265536308289e-02,-3.904149234294891357e-01,-4.270158708095550537e-01,-1.042421441525220871e-02,9.009912610054016113e-01,-1.892141103744506836e-01,6.711103767156600952e-02,-1.410846412181854248e-02,-8.061321824789047241e-02,-1.517500132322311401e-01,2.010347694158554077e-01,-6.815991997718811035e-01,1.192011833190917969e+00,6.464541554450988770e-01,3.360567390918731689e-01,3.142384886741638184e-01,2.500233054161071777e-01,-1.562188565731048584e-01,6.372562795877456665e-02,1.142980337142944336e+00,1.272371411323547363e-01,-5.902217626571655273e-01,1.702534407377243042e-01
7.576733827590942383e-01,-1.582550168037414551e+00,8.016865849494934082e-01,-4.963773861527442932e-02,2.347687631845474243e-02,7.121714353561401367e-01,-6.998547911643981934e-01,-2.872309982776641846e-01,-2.218301035463809967e-02,1.018591150641441345e-01,5.739026665687561035e-01,-3.607113361358642578e-01,-4.898969084024429321e-02,-4.118497669696807861e-01,-3.659906685352325439e-01,4.393618553876876831e-03,9.239681959152221680e-01,-2.351125627756118774e-01,9.373611956834793091e-02,-5.706740543246269226e-03,-8.231300115585327148e-02,-1.923449784517288208e-01,1.654968112707138062e-01,-4.943958818912506104e-01,1.300280213356018066e+00,6.014152765274047852e-01,3.403592407703399658e-01,4.417625963687896729e-01,2.214137762784957886e-01,-1.341970711946487427e-01,1.981652826070785522e-01,1.125016212463378906e+00,2.232280075550079346e-01,-5.123094916343688965e-01,8.940108865499496460e-02
7.551931142807006836e-01,-1.585159540176391602e+00,8.065180182456970215e-01,-5.076102912425994873e-02,1.854004152119159698e-02,7.096509933471679688e-01,-7.024778127670288086e-01,-2.616459727287292480e-01,-1.081234682351350784e-02,1.208944544196128845e-01,5.061869621276855469e-01,-3.137474358081817627e-01,-5.675249546766281128e-02,-4.191220402717590332e-01,-3.167248368263244629e-01,-3.209776943549513817e-03,9.273990392684936523e-01,-2.820148766040802002e-01,1.256046444177627563e-01,1.603880664333701134e-03,-8.427230268716812134e-02,-1.520983278751373291e-01,1.565906703472137451e-01,-3.050944209098815918e-01,1.216342687606811523e+00,5.387093424797058105e-01,3.561083376407623291e-01,5.106676220893859863e-01,2.129416167736053467e-01,-1.350529044866561890e-01,2.520138323307037354e-01,1.090227246284484863e+00,-8.751284331083297729e-02,-4.271299839019775391e-01,3.684682771563529968e-02
7.533393502235412598e-01,-1.588720917701721191e+00,8.099060058593750000e-01,-5.291257053613662720e-02,1.729035377502441406e-02,7.077715396881103516e-01,-7.042448520660400391e-01,-2.324817925691604614e-01,-1.045183464884757996e-02,1.339256763458251953e-01,4.407355189323425293e-01,-2.685840725898742676e-01,-6.276866793632507324e-02,-4.142452478408813477e-01,-2.747071385383605957e-01,-2.085150592029094696e-02,9.108852148056030273e-01,-3.284216821193695068e-01,1.529624313116073608e-01,8.865682408213615417e-03,-8.734129369258880615e-02,-1.033158451318740845e-01,1.792015433311462402e-01,-2.741304337978363037e-01,1.129590749740600586e+00,3.179069459438323975e-01,3.713434040546417236e-01,4.244481325149536133e-01,2.083689272403717041e-01,-1.523235291242599487e-01,2.657479047775268555e-01,1.017379879951477051e+00,-4.502520263195037842e-01,-4.240015745162963867e-01,1.050681397318840027e-01
7.517763376235961914e-01,-1.594107627868652344e+00,8.121044039726257324e-01,-5.409741029143333435e-02,1.794402115046977997e-02,7.067614197731018066e-01,-7.051522731781005859e-01,-1.965273320674896240e-01,-1.390522625297307968e-02,1.418560445308685303e-01,3.760880529880523682e-01,-2.326818853616714478e-01,-6.751170009374618530e-02,-3.927441537380218506e-01,-2.366655468940734863e-01,-5.136653408408164978e-02,8.633896112442016602e-01,-3.648099303245544434e-01,1.582795530557632446e-01,1.939390599727630615e-02,-8.851227909326553345e-02,-5.642159655690193176e-02,2.277188003063201904e-01,-3.373223841190338135e-01,1.081935405731201172e+00,8.845526725053787231e-02,3.150971233844757080e-01,2.360460162162780762e-01,2.068871855735778809e-01,-1.796063184738159180e-01,2.529208958148956299e-01,9.573931097984313965e-01,-6.413004398345947266e-01,-4.190657436847686768e-01,1.673799008131027222e-01
7.525179982185363770e-01,-1.599824309349060059e+00,8.146774768829345703e-01,-5.560282245278358459e-02,1.800439320504665375e-02,7.080399394035339355e-01,-7.037496566772460938e-01,-1.584348976612091064e-01,-1.962764002382755280e-02,1.565613150596618652e-01,3.083711862564086914e-01,-2.021638005971908569e-01,-6.916895508766174316e-02,-3.560856878757476807e-01,-2.083318382501602173e-01,-1.114110425114631653e-01,7.789255380630493164e-01,-4.154556691646575928e-01,9.802785515785217285e-02,3.457731381058692932e-02,-8.950556069612503052e-02,-1.721810922026634216e-02,2.768302857875823975e-01,-3.962978422641754150e-01,1.045867562294006348e+00,-1.649354957044124603e-02,2.641192376613616943e-01,5.022520199418067932e-02,1.971611529588699341e-01,-2.208258658647537231e-01,2.468074411153793335e-01,9.195951819419860840e-01,-6.003655195236206055e-01,-4.387521147727966309e-01,1.703028231859207153e-01
7.536778450012207031e-01,-1.606682181358337402e+00,8.174564838409423828e-01,-5.526405200362205505e-02,1.783492602407932281e-02,7.111924290657043457e-01,-7.005948424339294434e-01,-1.285523623228073120e-01,-2.176005579531192780e-02,1.754161864519119263e-01,2.667185068130493164e-01,-1.826107800006866455e-01,-7.043348997831344604e-02,-3.000801205635070801e-01,-1.926139146089553833e-01,-2.026374042034149170e-01,6.919233798980712891e-01,-4.728556573390960693e-01,4.717666283249855042e-02,5.107340961694717407e-02,-8.838264644145965576e-02,2.869123406708240509e-02,3.187241554260253906e-01,-4.131435155868530273e-01,9.997240304946899414e-01,-5.206871777772903442e-03,2.568958699703216553e-01,-6.603042036294937134e-02,1.813941597938537598e-01,-2.709399461746215820e-01,2.674785256385803223e-01,9.054322838783264160e-01,-4.304849505424499512e-01,-4.653986990451812744e-01,1.561779826879501343e-01
7.526387572288513184e-01,-1.615052700042724609e+00,8.218221664428710938e-01,-4.784413054585456848e-02,1.451138965785503387e-02,7.080808281898498535e-01,-7.043592333793640137e-01,-9.811893850564956665e-02,-8.838188834488391876e-03,1.714261919260025024e-01,2.314877957105636597e-01,-1.592970639467239380e-01,-7.338126748800277710e-02,-2.260950207710266113e-01,-1.672432571649551392e-01,-2.567192614078521729e-01,5.967046022415161133e-01,-4.971828162670135498e-01,2.582567371428012848e-02,4.533949121832847595e-02,-7.484880834817886353e-02,8.209194988012313843e-02,3.437813222408294678e-01,-3.740890026092529297e-01,9.522935152053833008e-01,1.111546754837036133e-01,2.923267781734466553e-01,-8.192338049411773682e-02,1.598995178937911987e-01,-3.180198073387145996e-01,3.137905299663543701e-01,9.207454919815063477e-01,-2.074287533760070801e-01,-4.738250374794006348e-01,9.731558710336685181e-02
7.477064728736877441e-01,-1.623078584671020508e+00,8.250113129615783691e-01,-3.335216641426086426e-02,7.708874065428972244e-03,7.062281966209411621e-01,-7.071562409400939941e-01,-8.332923054695129395e-02,2.797456271946430206e-02,1.669382154941558838e-01,2.403168231248855591e-01,-1.572285443544387817e-01,-8.173614740371704102e-02,-1.654778271913528442e-01,-1.246540695428848267e-01,-2.714408934116363525e-01,5.184800028800964355e-01,-4.675226211547851562e-01,3.101870417594909668e-02,3.547521308064460754e-02,-5.338354036211967468e-02,1.355173140764236450e-01,3.522031307220458984e-01,-3.027172982692718506e-01,9.196566343307495117e-01,2.759791910648345947e-01,3.281126618385314941e-01,-9.070380590856075287e-03,1.370070278644561768e-01,-3.513547480106353760e-01,3.575314581394195557e-01,9.520078897476196289e-01,-8.234082907438278198e-02,-4.505183398723602295e-01,5.523885786533355713e-02
7.401940226554870605e-01,-1.629591703414916992e+00,8.259235024452209473e-01,-2.071890980005264282e-02,5.032888730056583881e-04,7.077683806419372559e-01,-7.061405181884765625e-01,-8.769951760768890381e-02,6.986694782972335815e-02,1.696642786264419556e-01,2.848968505859375000e-01,-1.812251508235931396e-01,-9.228476136922836304e-02,-1.287686973810195923e-01,-8.995869010686874390e-02,-2.946178913116455078e-01,4.751243591308593750e-01,-4.390391409397125244e-01,4.003161936998367310e-02,3.621312230825424194e-02,-3.358133882284164429e-02,1.736343502998352051e-01,3.393163383007049561e-01,-2.371249645948410034e-01,9.289009571075439453e-01,4.198810458183288574e-01,3.811562955379486084e-01,7.454266399145126343e-02,1.165807098150253296e-01,-3.775551021099090576e-01,3.799213469028472900e-01,9.771631956100463867e-01,-9.285534173250198364e-02,-4.086964726448059082e-01,6.860826909542083740e-02
7.343934178352355957e-01,-1.636059284210205078e+00,8.262079954147338867e-01,-1.073202583938837051e-02,-5.484776105731725693e-03,7.080987095832824707e-01,-7.060105800628662109e-01,-9.532377868890762329e-02,1.036484465003013611e-01,1.666919738054275513e-01,3.313779234886169434e-01,-2.110804766416549683e-01,-1.001691594719886780e-01,-9.443788230419158936e-02,-5.795371532440185547e-02,-3.127052485942840576e-01,4.316152036190032959e-01,-4.147072434425354004e-01,4.166350141167640686e-02,3.369057551026344299e-02,-1.745698973536491394e-02,2.040428519248962402e-01,3.090881705284118652e-01,-1.839824169874191284e-01,9.609075784683227539e-01,5.032961368560791016e-01,4.357584118843078613e-01,1.477417647838592529e-01,9.966903924942016602e-02,-4.047212004661560059e-01,4.036972820758819580e-01,9.917305111885070801e-01,-1.719541549682617188e-01,-3.729026019573211670e-01,9.980018436908721924e-02
7.313178181648254395e-01,-1.642813920974731445e+00,8.248682618141174316e-01,-6.935273762792348862e-03,-6.058125756680965424e-03,7.071724534034729004e-01,-7.069811224937438965e-01,-1.052422374486923218e-01,1.156320050358772278e-01,1.528875678777694702e-01,3.759494125843048096e-01,-2.282102257013320923e-01,-1.032199487090110779e-01,-7.308037579059600830e-02,-3.956240788102149963e-02,-2.933722138404846191e-01,4.126324355602264404e-01,-4.126779139041900635e-01,3.895397111773490906e-02,2.791948057711124420e-02,-1.442331820726394653e-02,2.338529527187347412e-01,2.800197899341583252e-01,-1.521970033645629883e-01,9.953866600990295410e-01,4.923415184020996094e-01,4.645994603633880615e-01,1.865948140621185303e-01,8.422558754682540894e-02,-4.325951933860778809e-01,4.324532449245452881e-01,1.000789999961853027e+00,-2.364018559455871582e-01,-3.497563898563385010e-01,1.121205464005470276e-01
